mfy_id,snap_id,snapshot_date,model_id,total_likes,totle_dls,created_at,last_modified
mfy0001,20260923-0268,2026-09-23,mod0001,536,1649377,2026-08-14,2026-09-20
mfy0002,20260922-0991,2026-09-22,mod0002,70,380905,2023-05-07,2023-07-15
mfy0003,20260923-0759,2026-09-23,mod0003,0,532912,2026-01-13,2026-01-13
mfy0004,20260705-0976,2026-07-05,mod0004,21,352754,2024-10-20,2024-10-21
mfy0005,20260314-0995,2026-03-14,mod0005,21,235420,2024-10-20,2024-10-23
mfy0006,20260304-0998,2026-03-04,mod0006,7,219144,2025-03-17,2025-03-17
mfy0007,20260727-0975,2026-07-27,mod0007,0,380470,2026-04-04,2026-07-26
mfy0008,20260923-0432,2026-09-23,mod0008,138,1012152,2026-08-03,2026-08-08
mfy0009,20260903-0724,2026-09-03,mod0009,221,545851,2026-08-03,2026-08-15
mfy0010,20260923-0461,2026-09-23,mod0010,84,959723,2024-01-03,2024-12-03
mfy0011,20260909-0994,2026-09-09,mod0011,29,400246,2026-06-27,2026-07-15
mfy0012,20260923-0973,2026-09-23,mod0012,73,386518,2026-04-17,2026-07-15
mfy0013,20260923-0558,2026-09-23,mod0013,7,764552,2020-06-19,2020-12-11
mfy0014,20260531-0992,2026-05-31,mod0014,137,309386,2024-12-26,2026-08-11
mfy0015,20260513-0940,2026-05-13,mod0015,5,323160,2025-07-23,2025-07-23
mfy0016,20260611-0950,2026-06-11,mod0016,83,307897,2024-07-29,2024-09-26
mfy0017,20260923-0603,2026-09-23,mod0017,120,697978,2024-12-11,2025-10-24
mfy0018,20260923-0793,2026-09-23,mod0018,163,502732,2025-11-19,2025-11-19
mfy0019,20260901-0923,2026-09-01,mod0019,14,430495,2024-09-03,2024-10-01
mfy0020,20260923-0788,2026-09-23,mod0020,176,506324,2025-03-15,2026-02-07
mfy0021,20260822-0998,2026-08-22,mod0021,300,388082,2024-10-28,2025-09-24
mfy0022,20260923-0289,2026-09-23,mod0022,28,1492021,2021-08-15,2022-03-23
mfy0023,20260909-0985,2026-09-09,mod0023,21,402198,2021-03-29,2023-12-20
mfy0024,20260502-0983,2026-05-02,mod0024,61,294221,2025-03-17,2025-08-25
mfy0025,20260423-0953,2026-04-23,mod0025,25,286886,2021-09-10,2024-06-18
mfy0026,20260329-0464,2026-03-29,mod0026,24,660789,2025-05-20,2025-06-11
mfy0027,20260923-0408,2026-09-23,mod0027,150,1050107,2019-11-04,2024-02-19
mfy0028,20260923-0665,2026-09-23,mod0028,48,616789,2023-04-24,2024-03-23
mfy0029,20260608-1000,2026-06-08,mod0029,0,306570,2026-04-09,2026-04-10
mfy0030,20260709-0989,2026-07-09,mod0030,1,371142,2022-04-13,2022-04-13
mfy0031,20260902-0980,2026-09-02,mod0031,0,399710,2025-07-31,2025-07-31
mfy0032,20260730-0988,2026-07-30,mod0032,71,371645,2024-04-20,2024-11-15
mfy0033,20260923-0412,2026-09-23,mod0033,239,1040930,2024-04-20,2024-08-09
mfy0034,20260608-0967,2026-06-08,mod0034,197,320264,2025-01-20,2025-07-04
mfy0035,20260923-0295,2026-09-23,mod0035,377,1459038,2024-07-20,2025-07-05
mfy0036,20260909-0950,2026-09-09,mod0036,190,417508,2024-07-20,2025-07-05
mfy0037,20260923-0620,2026-09-23,mod0037,238,671031,2024-06-29,2025-05-28
mfy0038,20260519-0993,2026-05-19,mod0038,482,295542,2024-06-15,2025-03-24
mfy0039,20260923-0151,2026-09-23,mod0039,98,2789350,2025-01-20,2025-07-04
mfy0040,20260710-0885,2026-07-10,mod0040,1,432213,2023-11-20,2023-11-20
mfy0041,20260729-0999,2026-07-29,mod0041,23,366411,2020-10-13,2022-06-09
mfy0042,20260408-0991,2026-04-08,mod0042,30,246184,2020-04-05,2022-10-03
mfy0043,20260923-0457,2026-09-23,mod0043,229,966151,2020-05-18,2023-04-05
mfy0044,20260711-0941,2026-07-11,mod0044,189,392719,2025-12-14,2026-01-23
mfy0045,20260923-0542,2026-09-23,mod0045,82,790601,2025-04-17,2025-05-28
mfy0046,20260827-0906,2026-08-27,mod0046,142,431165,2025-11-19,2026-06-25
mfy0047,20260416-0998,2026-04-16,mod0047,142,252835,2025-10-06,2025-10-22
mfy0048,20260819-0996,2026-08-19,mod0048,253,380868,2025-10-06,2026-02-19
mfy0049,20260528-0982,2026-05-28,mod0049,172,310546,2020-03-18,2022-10-03
mfy0050,20260923-0359,2026-09-23,mod0050,48,1201484,2023-02-16,2024-12-04
mfy0051,20260923-0670,2026-09-23,mod0051,5,613440,2020-10-29,2023-01-24
mfy0052,20260923-0434,2026-09-23,mod0052,105,1009865,2019-11-16,2025-06-23
mfy0053,20260923-0543,2026-09-23,mod0053,10,790405,2024-12-03,2024-12-10
mfy0054,20260726-0998,2026-07-26,mod0054,6,366405,2024-01-26,2024-04-05
mfy0055,20260718-1000,2026-07-18,mod0055,118,353704,2022-12-08,2025-11-20
mfy0056,20260923-0010,2026-09-23,mod0056,489,22795867,2025-10-30,2026-06-05
mfy0057,20260923-0366,2026-09-23,mod0057,93,1183279,2024-11-13,2025-11-21
mfy0058,20260808-0979,2026-08-08,mod0058,14,359865,2024-11-13,2025-11-21
mfy0059,20260923-0047,2026-09-23,mod0059,49,7676941,2024-11-13,2025-11-21
mfy0060,20260923-0435,2026-09-23,mod0060,29,1007030,2024-11-13,2025-11-21
mfy0061,20260923-0837,2026-09-23,mod0061,45,470392,2024-02-21,2025-11-21
mfy0062,20260812-0820,2026-08-12,mod0062,179,433857,2024-02-21,2025-11-21
mfy0063,20260923-0420,2026-09-23,mod0063,143,1030921,2024-02-21,2025-11-21
mfy0064,20260923-0577,2026-09-23,mod0064,121,723834,2024-02-28,2025-11-21
mfy0065,20260912-0995,2026-09-12,mod0065,1,391471,2021-03-28,2021-07-05
mfy0066,20260923-0547,2026-09-23,mod0066,3,782840,2023-11-18,2023-11-18
mfy0067,20260722-0904,2026-07-22,mod0067,116,404794,2026-02-18,2026-02-18
mfy0068,20260820-0979,2026-08-20,mod0068,183,392468,2026-07-13,2026-07-21
mfy0069,20260914-1000,2026-09-14,mod0069,1,386904,2026-07-13,2026-09-22
mfy0070,20260913-0996,2026-09-13,mod0070,5,390448,2026-07-13,2026-09-22
mfy0071,20260923-0860,2026-09-23,mod0071,19,451237,2026-07-09,2026-09-22
mfy0072,20260923-0729,2026-09-23,mod0072,4,555388,2026-07-14,2026-09-22
mfy0073,20260616-0985,2026-06-16,mod0073,15,231952,2026-05-18,2026-05-18
mfy0074,20260923-0488,2026-09-23,mod0074,163,894156,2024-08-12,2026-08-17
mfy0075,20260325-0905,2026-03-25,mod0075,22,279148,2024-07-25,2024-07-31
mfy0076,20260923-0095,2026-09-23,mod0076,1105,4349864,2024-12-11,2025-01-15
mfy0077,20260923-0661,2026-09-23,mod0077,494,618392,2024-12-11,2025-01-15
mfy0078,20260923-0214,2026-09-23,mod0078,476,1935900,2026-04-26,2026-08-31
mfy0079,20260923-0495,2026-09-23,mod0079,44,866593,2026-09-11,2026-09-12
mfy0080,20260626-0989,2026-06-26,mod0080,7,343944,2023-09-16,2025-04-21
mfy0081,20260705-0964,2026-07-05,mod0081,0,358237,2024-10-06,2024-10-06
mfy0082,20260923-0783,2026-09-23,mod0082,1,508088,2021-03-27,2021-07-05
mfy0083,20260923-0958,2026-09-23,mod0083,0,395784,2021-03-28,2021-07-05
mfy0084,20260923-0226,2026-09-23,mod0084,5,1842776,2021-03-24,2021-07-05
mfy0085,20260822-0983,2026-08-22,mod0085,13,394204,2023-10-31,2025-02-28
mfy0086,20260923-0831,2026-09-23,mod0086,110,473482,2023-10-30,2025-02-28
mfy0087,20260714-0880,2026-07-14,mod0087,91,425023,2022-05-30,2025-02-24
mfy0088,20260923-0320,2026-09-23,mod0088,76,1349570,2024-04-23,2025-02-28
mfy0089,20260923-0864,2026-09-23,mod0089,14,450637,2026-02-14,2026-02-14
mfy0090,20260611-0990,2026-06-11,mod0090,4,290580,2025-05-26,2025-09-23
mfy0091,20260603-0985,2026-06-03,mod0091,20,314842,2024-11-25,2026-09-21
mfy0092,20260923-0027,2026-09-23,mod0092,229,11082866,2024-02-28,2026-08-19
mfy0093,20260923-0404,2026-09-23,mod0093,10,1065079,2022-02-03,2022-03-23
mfy0094,20260923-0919,2026-09-23,mod0094,1,418686,2023-09-03,2024-02-24
mfy0095,20260313-1000,2026-03-13,mod0095,16,231146,2024-10-24,2024-12-04
mfy0096,20260731-0998,2026-07-31,mod0096,308,370899,2025-08-15,2026-02-13
mfy0097,20260923-0982,2026-09-23,mod0097,17,381780,2026-03-15,2026-08-21
mfy0098,20260923-0942,2026-09-23,mod0098,152,406673,2026-08-26,2026-08-27
mfy0099,20260923-0722,2026-09-23,mod0099,51,562080,2021-01-01,2024-03-26
mfy0100,20260923-0641,2026-09-23,mod0100,173,639091,2022-04-06,2024-09-19
mfy0101,20260923-0170,2026-09-23,mod0101,61,2462077,2023-09-04,2025-03-24
mfy0102,20260923-0084,2026-09-23,mod0102,167,4848528,2026-07-14,2026-09-27
mfy0103,20260923-0804,2026-09-23,mod0103,28,496083,2026-08-14,2026-08-29
mfy0104,20260524-0964,2026-05-24,mod0104,2,315169,2026-02-25,2026-04-12
mfy0105,20260914-0980,2026-09-14,mod0105,1,393680,2026-01-06,2026-01-10
mfy0106,20260923-0040,2026-09-23,mod0106,72,8566480,2025-10-06,2026-06-05
mfy0107,20260923-0069,2026-09-23,mod0107,7,6129028,2025-12-03,2025-12-03
mfy0108,20260923-0833,2026-09-23,mod0108,6,472628,2025-11-24,2025-12-03
mfy0109,20260923-0220,2026-09-23,mod0109,34,1883700,2024-11-13,2025-10-30
mfy0110,20260920-0994,2026-09-20,mod0110,8,382034,2024-11-13,2025-10-30
mfy0111,20260923-0070,2026-09-23,mod0111,63,5937630,2024-11-13,2025-10-30
mfy0112,20260923-0204,2026-09-23,mod0112,13,2050999,2024-11-13,2025-10-30
mfy0113,20260904-0920,2026-09-04,mod0113,41,437187,2025-06-22,2025-11-19
mfy0114,20260923-0424,2026-09-23,mod0114,33,1024082,2025-06-22,2025-11-19
mfy0115,20260316-0998,2026-03-16,mod0115,97,235284,2024-05-09,2025-03-26
mfy0116,20260809-0893,2026-08-09,mod0116,8,406825,2024-10-10,2025-03-26
mfy0117,20260323-0988,2026-03-23,mod0117,118,239224,2025-11-07,2025-11-11
mfy0118,20260616-0998,2026-06-16,mod0118,30,229455,2024-01-31,2024-02-28
mfy0119,20260923-0681,2026-09-23,mod0119,1,602856,2025-12-01,2025-12-05
mfy0120,20260716-0924,2026-07-16,mod0120,18,387912,2026-03-03,2026-03-03
mfy0121,20260923-0193,2026-09-23,mod0121,62,2167775,2023-08-05,2024-04-17
mfy0122,20260923-0030,2026-09-23,mod0122,500,10131073,2023-09-11,2024-02-21
mfy0123,20260507-0980,2026-05-07,mod0123,58,299134,2023-08-05,2023-10-12
mfy0124,20260923-0554,2026-09-23,mod0124,110,773414,2023-09-12,2023-10-12
mfy0125,20260316-0999,2026-03-16,mod0125,224,235052,2023-08-02,2023-10-12
mfy0126,20260923-0028,2026-09-23,mod0126,742,10699612,2023-09-12,2024-02-21
mfy0127,20260923-0453,2026-09-23,mod0127,648,975867,2023-09-12,2024-04-02
mfy0128,20260923-0007,2026-09-23,mod0128,3606,37229661,2024-01-27,2024-07-03
mfy0129,20260828-0909,2026-08-28,mod0129,203,413238,2024-07-25,2025-10-13
mfy0130,20260923-0097,2026-09-23,mod0130,247,4191169,2023-09-11,2024-06-24
mfy0131,20260923-0149,2026-09-23,mod0131,470,2802700,2023-09-12,2024-05-11
mfy0132,20260713-0956,2026-07-13,mod0132,86,377133,2024-03-16,2024-03-19
mfy0133,20260923-0018,2026-09-23,mod0133,1211,17267903,2024-03-15,2024-06-24
mfy0134,20260907-0929,2026-09-07,mod0134,95,427477,2023-08-05,2023-12-13
mfy0135,20260923-0003,2026-09-23,mod0135,590,64379175,2023-09-12,2024-02-22
mfy0136,20260923-0079,2026-09-23,mod0136,143,5131390,2023-09-12,2023-10-12
mfy0137,20260524-0930,2026-05-24,mod0137,239,329699,2021-10-22,2023-06-20
mfy0138,20260923-0607,2026-09-23,mod0138,168,692999,2022-01-31,2023-05-23
mfy0139,20260923-0500,2026-09-23,mod0139,9,863554,2026-06-11,2026-07-03
mfy0140,20260327-0986,2026-03-27,mod0140,118,238620,2025-08-10,2025-12-24
mfy0141,20260315-0823,2026-03-15,mod0141,170,317241,2023-09-06,2024-02-26
mfy0142,20260524-0996,2026-05-24,mod0142,1176,300281,2026-03-18,2026-04-29
mfy0143,20260923-0199,2026-09-23,mod0143,4282,2082543,2026-06-22,2026-07-29
mfy0144,20260406-0859,2026-04-06,mod0144,3,299105,2023-09-18,2026-05-25
mfy0145,20260923-0841,2026-09-23,mod0145,192,468272,2024-06-17,2024-06-20
mfy0146,20260923-0451,2026-09-23,mod0146,31,976668,2026-08-07,2026-08-07
mfy0147,20260615-0996,2026-06-15,mod0147,97,224077,2024-07-31,2024-08-05
mfy0148,20260502-0954,2026-05-02,mod0148,113,304596,2026-04-02,2026-07-27
mfy0149,20260504-0998,2026-05-04,mod0149,61,285204,2026-04-02,2026-07-27
mfy0150,20260923-0987,2026-09-23,mod0150,134,379093,2026-07-23,2026-07-24
mfy0151,20260715-0976,2026-07-15,mod0151,171,368380,2024-09-25,2024-10-08
mfy0152,20260518-0990,2026-05-18,mod0152,206,293013,2024-09-25,2024-10-08
mfy0153,20260407-1000,2026-04-07,mod0153,340,240961,2024-07-23,2024-12-01
mfy0154,20260517-0902,2026-05-17,mod0154,49,339992,2024-09-17,2024-09-19
mfy0155,20260923-0800,2026-09-23,mod0155,181,499377,2026-08-14,2026-09-20
mfy0156,20260421-0984,2026-04-21,mod0156,13,271536,2026-03-01,2026-05-19
mfy0157,20260913-0985,2026-09-13,mod0157,23,392690,2026-03-01,2026-05-19
mfy0158,20260915-0982,2026-09-15,mod0158,68,393744,2026-02-24,2026-05-19
mfy0159,20260914-0971,2026-09-14,mod0159,50,396997,2026-02-27,2026-05-19
mfy0160,20260923-0985,2026-09-23,mod0160,157,379976,2026-04-16,2026-05-20
mfy0161,20260412-0999,2026-04-12,mod0161,19,245943,2024-10-31,2024-10-31
mfy0162,20260923-0899,2026-09-23,mod0162,19,435336,2026-08-26,2026-08-26
mfy0163,20260923-0556,2026-09-23,mod0163,4,765840,2026-07-28,2026-07-28
mfy0164,20260617-0988,2026-06-17,mod0164,31,254920,2020-07-19,2023-03-30
mfy0165,20260717-0992,2026-07-17,mod0165,31,356365,2022-04-04,2024-04-30
mfy0166,20260515-0931,2026-05-15,mod0166,30,333949,2026-04-03,2026-04-05
mfy0167,20260522-0992,2026-05-22,mod0167,164,303859,2021-04-11,2024-08-14
mfy0168,20260425-0995,2026-04-25,mod0168,2,275836,2023-10-01,2023-10-01
mfy0169,20260417-0977,2026-04-17,mod0169,0,263368,2024-03-31,2024-10-22
mfy0170,20260923-0778,2026-09-23,mod0170,375,512926,2022-05-19,2023-09-26
mfy0171,20260923-0511,2026-09-23,mod0171,138,845926,2022-10-08,2023-05-27
mfy0172,20260530-0975,2026-05-30,mod0172,3,314232,2026-01-12,2026-04-12
mfy0173,20260923-0032,2026-09-23,mod0173,793,9929377,2023-04-26,2024-11-21
mfy0174,20260923-0314,2026-09-23,mod0174,6,1373202,2024-03-01,2024-03-16
mfy0175,20260722-0557,2026-07-22,mod0175,12,755100,2026-05-18,2026-09-16
mfy0176,20260923-0187,2026-09-23,mod0176,36,2257283,2026-05-19,2026-09-16
mfy0177,20260923-0921,2026-09-23,mod0177,62,416888,2026-05-13,2026-09-16
mfy0178,20260731-0976,2026-07-31,mod0178,0,384030,2026-05-25,2026-07-28
mfy0179,20260923-0974,2026-09-23,mod0179,0,386404,2026-05-21,2026-07-28
mfy0180,20260922-0674,2026-09-22,mod0180,0,611060,2026-05-25,2026-07-28
mfy0181,20260923-0949,2026-09-23,mod0181,11,401728,2026-05-13,2026-09-16
mfy0182,20260620-0977,2026-06-20,mod0182,20,343992,2022-08-19,2022-11-28
mfy0183,20260923-0851,2026-09-23,mod0183,80,461450,2023-09-09,2024-03-11
mfy0184,20260923-0580,2026-09-23,mod0184,14942,721217,2024-08-01,2025-06-27
mfy0185,20260814-0991,2026-08-14,mod0185,1132,370584,2024-11-21,2025-06-27
mfy0186,20260923-0764,2026-09-23,mod0186,5984,525418,2024-08-01,2024-08-16
mfy0187,20260916-0996,2026-09-16,mod0187,2249,390251,2025-11-25,2026-02-17
mfy0188,20260923-0937,2026-09-23,mod0188,973,408798,2026-01-15,2026-02-24
mfy0189,20260506-0744,2026-05-06,mod0189,133,435954,2026-01-15,2026-02-24
mfy0190,20260828-0971,2026-08-28,mod0190,15,385968,2021-01-10,2023-04-06
mfy0191,20260923-0634,2026-09-23,mod0191,0,647442,2024-09-13,2024-09-23
mfy0192,20260923-0829,2026-09-23,mod0192,5,474040,2025-06-06,2025-06-07
mfy0193,20260923-0741,2026-09-23,mod0193,2,548954,2025-06-07,2025-06-07
mfy0194,20260923-0863,2026-09-23,mod0194,6,450723,2025-10-26,2025-10-27
mfy0195,20260423-0974,2026-04-23,mod0195,669,280702,2025-07-01,2026-06-25
mfy0196,20260911-0984,2026-09-11,mod0196,693,394689,2025-07-01,2026-06-25
mfy0197,20260805-0993,2026-08-05,mod0197,697,374493,2026-06-04,2026-09-04
mfy0198,20260805-0959,2026-08-05,mod0198,228,395299,2026-07-01,2026-07-24
mfy0199,20260627-0988,2026-06-27,mod0199,0,345019,2026-04-17,2026-04-18
mfy0200,20260829-0993,2026-08-29,mod0200,58,384573,2024-02-11,2024-05-05
mfy0201,20260909-0977,2026-09-09,mod0201,2020,404748,2023-12-12,2025-07-06
mfy0202,20260923-0686,2026-09-23,mod0202,1469,594327,2024-10-29,2026-04-06
mfy0203,20260412-0984,2026-04-12,mod0203,5,250884,2025-08-01,2025-08-02
mfy0204,20260724-0992,2026-07-24,mod0204,15,362462,2025-02-23,2026-08-12
mfy0205,20260403-0916,2026-04-03,mod0205,23,272005,2026-02-03,2026-02-03
mfy0206,20260923-0682,2026-09-23,mod0206,605,600675,2025-04-16,2025-04-18
mfy0207,20260322-0985,2026-03-22,mod0207,65,242378,2025-06-11,2025-06-12
mfy0208,20260420-0990,2026-04-20,mod0208,406,264492,2025-01-10,2025-02-13
mfy0209,20260923-0291,2026-09-23,mod0209,79,1484223,2020-10-21,2023-06-14
mfy0210,20260630-0974,2026-06-30,mod0210,2,350762,2021-04-09,2023-06-14
mfy0211,20260315-0981,2026-03-15,mod0211,8,238456,2021-10-03,2021-10-17
mfy0212,20260923-0723,2026-09-23,mod0212,17,560574,2025-12-17,2025-12-17
mfy0213,20260901-0974,2026-09-01,mod0213,337,401434,2020-11-12,2023-01-20
mfy0214,20260923-0130,2026-09-23,mod0214,831,3126217,2022-03-15,2025-08-04
mfy0215,20260618-0982,2026-06-18,mod0215,19,301727,2021-04-13,2023-08-31
mfy0216,20260923-0441,2026-09-23,mod0216,277,993805,2021-04-16,2023-07-19
mfy0217,20260506-0997,2026-05-06,mod0217,31,286536,2022-12-01,2024-03-24
mfy0218,20260712-0989,2026-07-12,mod0218,16,355072,2025-01-20,2025-02-08
mfy0219,20260701-0985,2026-07-01,mod0219,11,349850,2025-01-20,2025-02-08
mfy0220,20260923-0770,2026-09-23,mod0220,46,517577,2024-12-06,2024-12-06
mfy0221,20260621-0961,2026-06-21,mod0221,12,354034,2024-07-23,2024-09-27
mfy0222,20260923-0082,2026-09-23,mod0222,14,4996952,2026-08-17,2026-08-17
mfy0223,20260923-0135,2026-09-23,mod0223,43,3053704,2023-06-11,2023-10-17
mfy0224,20260812-0992,2026-08-12,mod0224,0,342059,2026-04-09,2026-04-09
mfy0225,20260401-0999,2026-04-01,mod0225,16,233390,2023-04-06,2023-04-07
mfy0226,20260923-0406,2026-09-23,mod0226,142,1054091,2022-11-01,2024-12-11
mfy0227,20260923-0371,2026-09-23,mod0227,2277,1155834,2026-01-29,2026-08-24
mfy0228,20260923-0742,2026-09-23,mod0228,0,548252,2023-05-17,2023-06-07
mfy0229,20260923-0743,2026-09-23,mod0229,0,548057,2023-05-17,2023-05-22
mfy0230,20260823-0974,2026-08-23,mod0230,0,403247,2022-08-02,2022-08-17
mfy0231,20260826-0985,2026-08-26,mod0231,0,400985,2022-09-07,2022-09-07
mfy0232,20260621-0974,2026-06-21,mod0232,5,345918,2025-10-06,2026-05-21
mfy0233,20260620-0961,2026-06-20,mod0233,3,350188,2025-10-06,2025-10-30
mfy0234,20260923-0809,2026-09-23,mod0234,30,493120,2025-04-17,2025-04-18
mfy0235,20260923-0629,2026-09-23,mod0235,282,653430,2025-02-27,2025-02-27
mfy0236,20260504-0975,2026-05-04,mod0236,19,296560,2020-11-13,2022-05-10
mfy0237,20260422-0972,2026-04-22,mod0237,12,277330,2024-08-28,2025-04-15
mfy0238,20260916-0992,2026-09-16,mod0238,10,391341,2025-04-07,2025-04-17
mfy0239,20260923-0811,2026-09-23,mod0239,82,488192,2025-04-09,2025-04-17
mfy0240,20260709-1000,2026-07-09,mod0240,1,366609,2022-08-18,2022-08-18
mfy0241,20260923-0425,2026-09-23,mod0241,3,1022360,2021-12-17,2025-07-02
mfy0242,20260612-0937,2026-06-12,mod0242,4,310420,2026-04-07,2026-04-08
mfy0243,20260923-0438,2026-09-23,mod0243,2,1002582,2026-08-03,2026-09-30
mfy0244,20260902-0811,2026-09-02,mod0244,379,493854,2023-08-24,2024-04-12
mfy0245,20260409-0987,2026-04-09,mod0245,255,246087,2023-08-24,2024-04-12
mfy0246,20260517-0970,2026-05-17,mod0246,9,303729,2026-03-11,2026-03-12
mfy0247,20260902-0966,2026-09-02,mod0247,1100,409123,2026-03-24,2026-06-10
mfy0248,20260918-0926,2026-09-18,mod0248,48,424170,2021-07-24,2026-08-03
mfy0249,20260824-1000,2026-08-24,mod0249,175,393988,2021-10-28,2025-12-30
mfy0250,20260923-0174,2026-09-23,mod0250,366,2376950,2023-06-27,2024-04-05
mfy0251,20260923-0964,2026-09-23,mod0251,170,393381,2026-02-03,2026-09-23
mfy0252,20260923-0497,2026-09-23,mod0252,677,864934,2024-08-03,2026-09-23
mfy0253,20260607-0994,2026-06-07,mod0253,260,306445,2024-08-04,2026-09-23
mfy0254,20260923-0363,2026-09-23,mod0254,325,1192336,2025-11-25,2026-09-23
mfy0255,20260915-0989,2026-09-15,mod0255,77,392223,2026-04-12,2026-08-17
mfy0256,20260401-0998,2026-04-01,mod0256,207,234805,2025-04-15,2026-09-23
mfy0257,20260923-0677,2026-09-23,mod0257,99,607594,2025-11-19,2026-09-23
mfy0258,20260923-1000,2026-09-23,mod0258,244,375541,2024-12-17,2026-09-23
mfy0259,20260923-0033,2026-09-23,mod0259,590,9897251,2026-06-16,2026-09-23
mfy0260,20260923-0564,2026-09-23,mod0260,149,750194,2026-01-05,2026-09-23
mfy0261,20260923-0013,2026-09-23,mod0261,1975,21517514,2026-07-30,2026-09-29
mfy0262,20260923-0888,2026-09-23,mod0262,237,439465,2026-08-08,2026-09-23
mfy0263,20260923-0826,2026-09-23,mod0263,79,475195,2026-06-30,2026-09-23
mfy0264,20260923-0190,2026-09-23,mod0264,616,2220609,2026-09-15,2026-09-29
mfy0265,20260923-0245,2026-09-23,mod0265,485,1761891,2025-08-19,2026-09-23
mfy0266,20260923-0156,2026-09-23,mod0266,499,2677129,2025-08-05,2026-09-23
mfy0267,20260923-0635,2026-09-23,mod0267,73,644664,2026-06-03,2026-09-20
mfy0268,20260923-0883,2026-09-23,mod0268,98,441000,2026-06-06,2026-09-23
mfy0269,20260923-0021,2026-09-23,mod0269,163,13167272,2024-08-29,2026-08-17
mfy0270,20260923-0870,2026-09-23,mod0270,93,447864,2026-01-15,2026-08-17
mfy0271,20260923-0519,2026-09-23,mod0271,207,832946,2026-01-15,2026-08-17
mfy0272,20260923-0753,2026-09-23,mod0272,52,538209,2026-07-27,2026-09-23
mfy0273,20260923-0142,2026-09-23,mod0273,981,2915365,2025-02-25,2026-09-23
mfy0274,20260923-0072,2026-09-23,mod0274,883,5732231,2025-07-27,2026-09-23
mfy0275,20260311-0999,2026-03-11,mod0275,208,230978,2026-01-27,2026-09-23
mfy0276,20260923-0042,2026-09-23,mod0276,906,8259801,2025-11-26,2026-09-23
mfy0277,20260923-0352,2026-09-23,mod0277,6,1216479,2022-01-29,2023-10-31
mfy0278,20260923-0843,2026-09-23,mod0278,0,465897,2022-02-01,2022-03-24
mfy0279,20260923-0518,2026-09-23,mod0279,141,836498,2022-08-22,2022-11-25
mfy0280,20260923-0624,2026-09-23,mod0280,7095,659186,2022-08-20,2023-08-23
mfy0281,20260816-0939,2026-08-16,mod0281,4,403522,2026-04-28,2026-07-30
mfy0282,20260923-0057,2026-09-23,mod0282,3816,7003288,2023-10-31,2023-12-11
mfy0283,20260421-0708,2026-04-21,mod0283,15,419560,2023-10-22,2024-02-17
mfy0284,20260923-0171,2026-09-23,mod0284,82,2459004,2022-06-01,2025-04-15
mfy0285,20260923-0599,2026-09-23,mod0285,7,707040,2021-01-02,2025-08-29
mfy0286,20260923-0233,2026-09-23,mod0286,111,1826621,2021-04-15,2025-08-29
mfy0287,20260918-0981,2026-09-18,mod0287,14,397257,2021-04-15,2025-08-29
mfy0288,20260923-0087,2026-09-23,mod0288,31,4761088,2021-04-15,2025-08-29
mfy0289,20260923-0002,2026-09-23,mod0289,348,88690842,2021-04-15,2026-08-09
mfy0290,20260923-0794,2026-09-23,mod0290,44,502260,2021-04-15,2025-08-29
mfy0291,20260923-0594,2026-09-23,mod0291,49,709302,2021-12-26,2025-04-11
mfy0292,20260630-0990,2026-06-30,mod0292,44,343920,2021-12-28,2025-04-15
mfy0293,20260923-0787,2026-09-23,mod0293,16,506528,2021-12-26,2025-04-15
mfy0294,20260517-0990,2026-05-17,mod0294,14,291492,2021-06-21,2025-04-15
mfy0295,20260306-0959,2026-03-06,mod0295,5,236576,2021-01-02,2025-04-11
mfy0296,20260804-0984,2026-08-04,mod0296,14,383568,2021-01-02,2025-04-15
mfy0297,20260522-0930,2026-05-22,mod0297,3,334883,2025-07-17,2025-07-23
mfy0298,20260521-0959,2026-05-21,mod0298,1,320845,2025-07-17,2025-07-17
mfy0299,20260923-0933,2026-09-23,mod0299,0,409864,2026-08-16,2026-08-16
mfy0300,20260329-0967,2026-03-29,mod0300,18,251909,2023-08-21,2024-04-16
mfy0301,20260810-0999,2026-08-10,mod0301,14,337609,2026-07-21,2026-07-21
mfy0302,20260817-0997,2026-08-17,mod0302,8,378162,2026-07-21,2026-07-21
mfy0303,20260923-0322,2026-09-23,mod0303,98,1331995,2026-07-21,2026-09-10
mfy0304,20260806-0995,2026-08-06,mod0304,51,359357,2026-07-21,2026-07-21
mfy0305,20260915-0968,2026-09-15,mod0305,7,400338,2026-07-21,2026-07-21
mfy0306,20260818-0998,2026-08-18,mod0306,4,379086,2026-07-21,2026-07-21
mfy0307,20260708-0914,2026-07-08,mod0307,29,412138,2026-07-21,2026-07-21
mfy0308,20260826-0986,2026-08-26,mod0308,56,400561,2026-07-21,2026-07-21
mfy0309,20260816-0962,2026-08-16,mod0309,14,391963,2026-07-21,2026-07-28
mfy0310,20260716-0965,2026-07-16,mod0310,4,369215,2026-07-21,2026-07-21
mfy0311,20260923-0666,2026-09-23,mod0311,0,616225,2026-07-21,2026-07-21
mfy0312,20260417-0995,2026-04-17,mod0312,1,254163,2026-07-21,2026-07-21
mfy0313,20260910-0955,2026-09-10,mod0313,33,410034,2026-07-21,2026-07-21
mfy0314,20260726-0961,2026-07-26,mod0314,15,385364,2026-07-21,2026-07-21
mfy0315,20260923-0455,2026-09-23,mod0315,60,970479,2026-07-21,2026-07-21
mfy0316,20260325-0967,2026-03-25,mod0316,19,252265,2026-07-21,2026-07-21
mfy0317,20260622-0999,2026-06-22,mod0317,66,340077,2026-07-21,2026-07-21
mfy0318,20260719-0999,2026-07-19,mod0318,1,343086,2026-07-21,2026-07-21
mfy0319,20260419-0993,2026-04-19,mod0319,7,266169,2026-07-21,2026-07-21
mfy0320,20260923-0585,2026-09-23,mod0320,19,716129,2026-07-21,2026-07-21
mfy0321,20260705-0992,2026-07-05,mod0321,40,349101,2026-07-21,2026-07-21
mfy0322,20260805-0965,2026-08-05,mod0322,42,389556,2026-07-21,2026-07-21
mfy0323,20260713-0995,2026-07-13,mod0323,3,352323,2026-07-21,2026-07-21
mfy0324,20260711-0993,2026-07-11,mod0324,46,363114,2026-07-21,2026-07-21
mfy0325,20260620-0980,2026-06-20,mod0325,3,340686,2026-07-21,2026-07-21
mfy0326,20260923-0690,2026-09-23,mod0326,22,588664,2026-07-21,2026-07-21
mfy0327,20260801-0997,2026-08-01,mod0327,36,363291,2026-07-21,2026-07-21
mfy0328,20260816-0957,2026-08-16,mod0328,42,393261,2026-07-21,2026-07-21
mfy0329,20260923-0444,2026-09-23,mod0329,111,986366,2026-07-21,2026-07-21
mfy0330,20260920-0985,2026-09-20,mod0330,96,384806,2026-07-21,2026-07-21
mfy0331,20260923-0373,2026-09-23,mod0331,111,1150756,2026-08-15,2026-09-11
mfy0332,20260607-0992,2026-06-07,mod0332,26,306517,2024-10-27,2024-10-28
mfy0333,20260923-0354,2026-09-23,mod0333,7,1215295,2021-12-05,2025-03-09
mfy0334,20260405-0943,2026-04-05,mod0334,83,259765,2022-02-16,2024-07-05
mfy0335,20260923-0996,2026-09-23,mod0335,29,376887,2024-08-15,2024-11-22
mfy0336,20260418-0992,2026-04-18,mod0336,50,261836,2024-04-20,2025-10-23
mfy0337,20260727-0981,2026-07-27,mod0337,17,377305,2023-12-21,2024-01-14
mfy0338,20260923-0874,2026-09-23,mod0338,0,446698,2024-10-14,2024-10-14
mfy0339,20260410-0966,2026-04-10,mod0339,135,255490,2025-04-30,2026-05-14
mfy0340,20260613-0946,2026-06-13,mod0340,3,235341,2023-10-30,2023-11-10
mfy0341,20260923-0167,2026-09-23,mod0341,518,2479103,2026-03-16,2026-06-26
mfy0342,20260923-0360,2026-09-23,mod0342,114,1199963,2026-05-14,2026-05-27
mfy0343,20260923-0386,2026-09-23,mod0343,19,1116539,2026-05-14,2026-05-27
mfy0344,20260923-0098,2026-09-23,mod0344,4,4169203,2025-01-09,2025-01-09
mfy0345,20260615-0976,2026-06-15,mod0345,34,228501,2020-12-27,2021-05-21
mfy0346,20260923-0273,2026-09-23,mod0346,792,1641781,2026-07-19,2026-09-24
mfy0347,20260923-0572,2026-09-23,mod0347,2381,739899,2026-07-17,2026-09-17
mfy0348,20260914-0999,2026-09-14,mod0348,430,386982,2026-04-29,2026-09-16
mfy0349,20260923-0852,2026-09-23,mod0349,752,457767,2026-05-01,2026-09-16
mfy0350,20260923-0774,2026-09-23,mod0350,320,516040,2026-08-17,2026-09-16
mfy0351,20260923-0298,2026-09-23,mod0351,1115,1452920,2026-09-01,2026-09-25
mfy0352,20260507-0989,2026-05-07,mod0352,82,292352,2021-08-25,2024-11-11
mfy0353,20260828-0997,2026-08-28,mod0353,29,374920,2021-08-25,2023-08-14
mfy0354,20260723-0964,2026-07-23,mod0354,15,381323,2021-08-25,2023-08-14
mfy0355,20260923-0143,2026-09-23,mod0355,98,2900481,2020-01-15,2023-09-06
mfy0356,20260923-0865,2026-09-23,mod0356,77,449678,2019-12-23,2024-01-18
mfy0357,20260725-0921,2026-07-25,mod0357,2,410542,2026-06-19,2026-06-19
mfy0358,20260913-0982,2026-09-13,mod0358,25,394720,2026-01-06,2026-09-29
mfy0359,20260923-0737,2026-09-23,mod0359,62,551069,2026-08-02,2026-09-29
mfy0360,20260923-0695,2026-09-23,mod0360,50,585370,2025-02-28,2026-09-27
mfy0361,20260607-0966,2026-06-07,mod0361,26,317747,2022-01-20,2022-01-20
mfy0362,20260815-0985,2026-08-15,mod0362,24,379787,2022-01-20,2022-01-20
mfy0363,20260910-0930,2026-09-10,mod0363,62,423700,2026-08-06,2026-08-15
mfy0364,20260629-0993,2026-06-29,mod0364,131,343089,2020-03-04,2021-11-23
mfy0365,20260915-0986,2026-09-15,mod0365,510,392380,2023-10-29,2024-02-02
mfy0366,20260923-0596,2026-09-23,mod0366,163,709069,2024-01-25,2024-02-05
mfy0367,20260923-0468,2026-09-23,mod0367,665,946255,2024-06-14,2024-07-03
mfy0368,20260405-0998,2026-04-05,mod0368,218,238375,2023-11-29,2023-11-29
mfy0369,20260923-0188,2026-09-23,mod0369,3386,2247413,2025-10-20,2025-11-04
mfy0370,20260923-0499,2026-09-23,mod0370,1102,863687,2026-01-27,2026-02-03
mfy0371,20260923-0529,2026-09-23,mod0371,14283,815098,2025-01-20,2025-03-27
mfy0372,20260723-0906,2026-07-23,mod0372,2457,413403,2025-05-28,2025-05-29
mfy0373,20260923-0524,2026-09-23,mod0373,1090,823658,2025-05-29,2025-05-29
mfy0374,20260809-0986,2026-08-09,mod0374,796,346799,2025-01-20,2025-02-24
mfy0375,20260831-0993,2026-08-31,mod0375,874,389263,2025-01-20,2025-02-24
mfy0376,20260923-0875,2026-09-23,mod0376,1589,444970,2025-01-20,2025-02-24
mfy0377,20260903-0974,2026-09-03,mod0377,675,396577,2025-01-20,2025-02-24
mfy0378,20260923-0822,2026-09-23,mod0378,1623,478050,2025-01-20,2025-02-24
mfy0379,20260704-0998,2026-07-04,mod0379,854,342691,2025-01-20,2025-02-24
mfy0380,20260827-0991,2026-08-27,mod0380,185,390143,2024-05-15,2024-06-25
mfy0381,20260901-0990,2026-09-01,mod0381,145,396699,2024-05-15,2024-06-25
mfy0382,20260923-0378,2026-09-23,mod0382,4226,1134368,2024-12-25,2025-03-27
mfy0383,20260923-0351,2026-09-23,mod0383,3174,1217166,2025-03-24,2025-03-27
mfy0384,20260923-0154,2026-09-23,mod0384,1493,2721645,2025-12-01,2025-12-01
mfy0385,20260923-0299,2026-09-23,mod0385,2252,1451535,2026-04-22,2026-06-22
mfy0386,20260923-0105,2026-09-23,mod0386,3997,3954281,2026-07-31,2026-08-01
mfy0387,20260923-0801,2026-09-23,mod0387,324,498738,2026-04-22,2026-04-27
mfy0388,20260923-0421,2026-09-23,mod0388,281,1030414,2026-06-27,2026-07-04
mfy0389,20260923-0496,2026-09-23,mod0389,925,866026,2026-08-31,2026-09-01
mfy0390,20260923-0754,2026-09-23,mod0390,5588,537415,2026-04-22,2026-06-22
mfy0391,20260923-0711,2026-09-23,mod0391,3658,570906,2026-09-10,2026-09-10
mfy0392,20260828-0864,2026-08-28,mod0392,249,435135,2024-12-13,2024-12-18
mfy0393,20260923-0749,2026-09-23,mod0393,959,542379,2020-01-22,2024-09-24
mfy0394,20260507-0971,2026-05-07,mod0394,29,302941,2021-03-11,2024-09-26
mfy0395,20260822-0988,2026-08-22,mod0395,83,392417,2024-07-05,2024-07-18
mfy0396,20260426-0998,2026-04-26,mod0396,2,275168,2023-08-11,2024-03-20
mfy0397,20260520-0887,2026-05-20,mod0397,17,351072,2025-11-13,2025-11-13
mfy0398,20260323-0922,2026-03-23,mod0398,8,270760,2025-12-11,2025-12-11
mfy0399,20260818-0950,2026-08-18,mod0399,25,404869,2025-11-13,2025-11-13
mfy0400,20260527-0985,2026-05-27,mod0400,20,308425,2025-12-11,2025-12-11
mfy0401,20260302-0787,2026-03-02,mod0401,2,304986,2024-06-20,2024-07-05
mfy0402,20260923-0150,2026-09-23,mod0402,49,2797863,2024-06-18,2024-07-05
mfy0403,20260501-0986,2026-05-01,mod0403,11,292721,2024-06-18,2024-10-11
mfy0404,20260614-0964,2026-06-14,mod0404,0,228844,2025-09-18,2025-09-18
mfy0405,20260601-0995,2026-06-01,mod0405,374,307211,2023-09-01,2023-09-03
mfy0406,20260512-0998,2026-05-12,mod0406,7,293503,2022-03-01,2022-03-01
mfy0407,20260423-0758,2026-04-23,mod0407,121,399815,2023-10-02,2024-10-19
mfy0408,20260923-0526,2026-09-23,mod0408,84,818043,2024-12-06,2024-12-15
mfy0409,20260523-0984,2026-05-23,mod0409,39,308861,2023-08-11,2024-10-19
mfy0410,20260923-0791,2026-09-23,mod0410,383,504379,2024-03-21,2026-04-21
mfy0411,20260709-0997,2026-07-09,mod0411,68,367814,2020-02-07,2024-05-06
mfy0412,20260318-0999,2026-03-18,mod0412,265,237484,2020-02-07,2024-05-06
mfy0413,20260703-0996,2026-07-03,mod0413,25,341429,2019-11-19,2024-05-06
mfy0414,20260923-0720,2026-09-23,mod0414,245,562373,2019-11-25,2024-05-06
mfy0415,20260923-0044,2026-09-23,mod0415,1472,7946141,2019-08-28,2024-05-06
mfy0416,20260923-0117,2026-09-23,mod0416,956,3568129,2019-12-13,2023-12-19
mfy0417,20260923-0197,2026-09-23,mod0417,644,2110287,2019-10-03,2024-02-19
mfy0418,20260923-0302,2026-09-23,mod0418,182,1437865,2019-10-17,2024-02-19
mfy0419,20260523-0933,2026-05-23,mod0419,2,330063,2024-07-06,2024-09-09
mfy0420,20260422-0944,2026-04-22,mod0420,21,288538,2020-10-14,2020-10-14
mfy0421,20260531-0961,2026-05-31,mod0421,112,319140,2020-07-01,2021-05-19
mfy0422,20260923-0263,2026-09-23,mod0422,55,1660797,2025-04-15,2026-02-09
mfy0423,20260923-0241,2026-09-23,mod0423,218,1781577,2024-07-02,2025-12-03
mfy0424,20260624-0984,2026-06-24,mod0424,15,353792,2022-10-09,2023-03-20
mfy0425,20260717-0983,2026-07-17,mod0425,5,364593,2025-12-07,2025-12-07
mfy0426,20260923-0848,2026-09-23,mod0426,176,464620,2026-03-19,2026-07-04
mfy0427,20260923-0475,2026-09-23,mod0427,1331,932996,2025-07-30,2025-10-31
mfy0428,20260923-0085,2026-09-23,mod0428,69,4810180,2024-05-18,2025-09-08
mfy0429,20260917-0937,2026-09-17,mod0429,694,415364,2025-06-12,2026-06-12
mfy0430,20260619-0970,2026-06-19,mod0430,327,347256,2024-12-29,2025-04-14
mfy0431,20260725-0982,2026-07-25,mod0431,77,374225,2024-09-17,2025-10-16
mfy0432,20260326-0633,2026-03-26,mod0432,13,466482,2025-12-23,2025-12-23
mfy0433,20260616-0893,2026-06-16,mod0433,157,271112,2025-04-03,2025-07-15
mfy0434,20260923-0938,2026-09-23,mod0434,1,408226,2022-02-08,2022-03-23
mfy0435,20260923-0290,2026-09-23,mod0435,68,1487735,2024-10-08,2025-11-05
mfy0436,20260923-0297,2026-09-23,mod0436,734,1453925,2020-03-21,2024-10-08
mfy0437,20260302-0997,2026-03-02,mod0437,160,213376,2020-10-17,2024-10-08
mfy0438,20260427-0970,2026-04-27,mod0438,51,283774,2024-01-25,2024-10-08
mfy0439,20260301-0978,2026-03-01,mod0439,50,216359,2024-02-27,2024-11-06
mfy0440,20260923-0735,2026-09-23,mod0440,1,552134,2023-06-23,2025-06-25
mfy0441,20260923-0115,2026-09-23,mod0441,2,3583816,2023-06-23,2025-06-25
mfy0442,20260923-0540,2026-09-23,mod0442,3,793078,2023-11-06,2023-11-09
mfy0443,20260305-0994,2026-03-05,mod0443,19,222234,2022-06-01,2022-06-12
mfy0444,20260528-0997,2026-05-28,mod0444,1524,303105,2021-08-05,2023-06-21
mfy0445,20260923-0751,2026-09-23,mod0445,229,541225,2021-04-06,2024-01-31
mfy0446,20260621-0966,2026-06-21,mod0446,503,349487,2021-03-30,2023-07-09
mfy0447,20260923-0673,2026-09-23,mod0447,586,611606,2022-04-07,2024-01-31
mfy0448,20260923-0891,2026-09-23,mod0448,6,438423,2026-02-24,2026-02-27
mfy0449,20260923-0122,2026-09-23,mod0449,45,3413470,2023-02-08,2023-07-09
mfy0450,20260921-0936,2026-09-21,mod0450,4,408182,2023-02-08,2023-07-09
mfy0451,20260923-0567,2026-09-23,mod0451,66,747940,2023-02-14,2025-03-10
mfy0452,20260923-0719,2026-09-23,mod0452,86,562386,2023-02-13,2023-11-21
mfy0453,20260923-0347,2026-09-23,mod0453,30,1231730,2023-02-13,2023-07-09
mfy0454,20260923-0785,2026-09-23,mod0454,18,507247,2021-03-13,2022-06-04
mfy0455,20260923-0836,2026-09-23,mod0455,192,471289,2022-06-20,2025-05-26
mfy0456,20260618-0965,2026-06-18,mod0456,4,308439,2025-05-19,2025-05-20
mfy0457,20260923-0182,2026-09-23,mod0457,440,2293315,2020-02-28,2024-12-03
mfy0458,20260923-0968,2026-09-23,mod0458,38,389944,2020-02-28,2022-02-27
mfy0459,20260923-0769,2026-09-23,mod0459,354,517636,2026-08-15,2026-08-15
mfy0460,20260923-0560,2026-09-23,mod0460,152,760640,2026-08-16,2026-08-16
mfy0461,20260923-0545,2026-09-23,mod0461,148,785480,2026-08-16,2026-08-16
mfy0462,20260923-0604,2026-09-23,mod0462,273,695600,2026-08-16,2026-08-16
mfy0463,20260923-0727,2026-09-23,mod0463,2761,558948,2026-06-19,2026-07-14
mfy0464,20260923-0683,2026-09-23,mod0464,278,597188,2026-07-09,2026-07-12
mfy0465,20260923-0910,2026-09-23,mod0465,52,425892,2022-01-24,2026-09-05
mfy0466,20260515-0917,2026-05-15,mod0466,4,341262,2023-05-11,2023-09-15
mfy0467,20260419-0996,2026-04-19,mod0467,4,263060,2024-06-23,2024-06-23
mfy0468,20260530-0995,2026-05-30,mod0468,25,304115,2025-06-14,2025-06-18
mfy0469,20260407-0953,2026-04-07,mod0469,315,259335,2025-12-04,2025-12-24
mfy0470,20260404-0831,2026-04-04,mod0470,63,313636,2025-02-20,2025-07-17
mfy0471,20260715-0814,2026-07-15,mod0471,14,462983,2021-07-15,2021-07-28
mfy0472,20260923-0664,2026-09-23,mod0472,51,617328,2025-02-13,2025-03-04
mfy0473,20260729-0987,2026-07-29,mod0473,205,371374,2020-06-15,2022-11-16
mfy0474,20260609-0965,2026-06-09,mod0474,201,298581,2020-02-12,2022-06-03
mfy0475,20260923-0315,2026-09-23,mod0475,1625,1371434,2020-02-21,2024-02-13
mfy0476,20260923-0138,2026-09-23,mod0476,1619,3023095,2020-02-12,2023-09-05
mfy0477,20260923-0043,2026-09-23,mod0477,122,8103939,2022-01-19,2022-01-19
mfy0478,20260904-0988,2026-09-04,mod0478,2,404050,2023-02-19,2025-02-17
mfy0479,20260524-0827,2026-05-24,mod0479,8,394448,2021-04-07,2023-09-12
mfy0480,20260313-0978,2026-03-13,mod0480,12,240055,2021-04-02,2022-07-13
mfy0481,20260922-0891,2026-09-22,mod0481,976,437452,2021-06-01,2024-04-10
mfy0482,20260923-0844,2026-09-23,mod0482,112,465478,2021-08-25,2023-05-22
mfy0483,20260923-0139,2026-09-23,mod0483,201,2963154,2023-07-17,2024-01-17
mfy0484,20260422-0991,2026-04-22,mod0484,60,270540,2023-07-17,2023-09-06
mfy0485,20260923-0494,2026-09-23,mod0485,119,867756,2023-07-17,2023-09-06
mfy0486,20260923-0134,2026-09-23,mod0486,74,3062159,2023-07-31,2023-09-06
mfy0487,20260519-0965,2026-05-19,mod0487,10,309211,2024-12-20,2024-12-23
mfy0488,20260923-0679,2026-09-23,mod0488,338,606608,2025-08-05,2025-08-19
mfy0489,20260923-0623,2026-09-23,mod0489,856,664338,2025-08-06,2025-08-19
mfy0490,20260923-0896,2026-09-23,mod0490,255,436481,2025-08-05,2025-08-19
mfy0491,20260704-0987,2026-07-04,mod0491,26,347264,2020-06-25,2022-12-21
mfy0492,20260226-0989,2026-02-26,mod0492,34,198714,2020-06-25,2022-12-21
mfy0493,20260829-0949,2026-08-29,mod0493,55,408577,2023-06-12,2023-07-25
mfy0494,20260824-0972,2026-08-24,mod0494,23,409428,2022-09-27,2023-03-21
mfy0495,20260703-0955,2026-07-03,mod0495,10,360591,2022-09-27,2023-03-21
mfy0496,20260923-0217,2026-09-23,mod0496,91,1904732,2022-09-27,2023-03-21
mfy0497,20260803-0979,2026-08-03,mod0497,32,383192,2022-10-13,2022-12-01
mfy0498,20260923-0689,2026-09-23,mod0498,42,591398,2022-09-26,2023-03-21
mfy0499,20260923-0211,2026-09-23,mod0499,54,1978766,2022-11-01,2023-03-22
mfy0500,20260921-0993,2026-09-21,mod0500,281,380186,2023-03-06,2023-06-09
mfy0501,20260312-0800,2026-03-12,mod0501,43,330712,2022-04-09,2024-02-22
mfy0502,20260920-0806,2026-09-20,mod0502,77,495532,2021-05-26,2021-11-05
mfy0503,20260305-0969,2026-03-05,mod0503,33,230958,2021-05-26,2021-11-05
mfy0504,20260702-0949,2026-07-02,mod0504,76,368744,2021-05-26,2022-05-24
mfy0505,20260627-0885,2026-06-27,mod0505,202,400279,2021-03-05,2023-11-16
mfy0506,20260923-0840,2026-09-23,mod0506,349,469119,2021-03-05,2024-02-29
mfy0507,20260822-0999,2026-08-22,mod0507,24,387712,2023-01-05,2023-09-11
mfy0508,20260923-0834,2026-09-23,mod0508,38,471604,2023-01-05,2023-09-07
mfy0509,20260408-0825,2026-04-08,mod0509,32,329409,2023-01-02,2023-02-07
mfy0510,20260515-0980,2026-05-15,mod0510,199,303975,2023-05-27,2023-06-15
mfy0511,20260715-0938,2026-07-15,mod0511,18,386451,2023-06-13,2023-06-13
mfy0512,20260613-0963,2026-06-13,mod0512,4,229287,2023-09-01,2023-09-01
mfy0513,20260923-0213,2026-09-23,mod0513,169,1951098,2023-06-08,2023-11-17
mfy0514,20260816-0996,2026-08-16,mod0514,506,376908,2023-06-08,2023-11-17
mfy0515,20260902-0995,2026-09-02,mod0515,185,391898,2022-07-08,2023-02-11
mfy0516,20260923-0471,2026-09-23,mod0516,978,939271,2022-07-08,2024-02-14
mfy0517,20260531-0978,2026-05-31,mod0517,189,313099,2023-09-21,2023-11-20
mfy0518,20260623-0980,2026-06-23,mod0518,184,352349,2022-05-11,2023-09-15
mfy0519,20260923-0060,2026-09-23,mod0519,324,6819265,2022-05-11,2023-09-15
mfy0520,20260923-0859,2026-09-23,mod0520,56,451717,2025-04-11,2025-04-30
mfy0521,20260812-0865,2026-08-12,mod0521,0,413260,2025-07-01,2025-07-01
mfy0522,20260423-0954,2026-04-23,mod0522,98,286782,2022-06-10,2023-03-16
mfy0523,20260913-0999,2026-09-13,mod0523,174,388868,2023-04-19,2024-01-11
mfy0524,20260822-0981,2026-08-22,mod0524,197,394970,2023-04-10,2024-01-11
mfy0525,20260304-0984,2026-03-04,mod0525,129,224504,2024-09-24,2025-08-15
mfy0526,20260923-0194,2026-09-23,mod0526,3424,2156805,2025-11-07,2025-11-20
mfy0527,20260527-0934,2026-05-27,mod0527,302,329240,2026-03-26,2026-03-27
mfy0528,20260702-0983,2026-07-02,mod0528,989,348841,2023-11-29,2024-01-04
mfy0529,20260923-0882,2026-09-23,mod0529,136,441149,2025-03-11,2025-03-17
mfy0530,20260426-0830,2026-04-26,mod0530,39,353764,2022-01-10,2024-03-13
mfy0531,20260613-0894,2026-06-13,mod0531,56,253668,2025-06-11,2025-08-11
mfy0532,20260923-0196,2026-09-23,mod0532,232,2121770,2023-12-19,2024-01-25
mfy0533,20260923-0179,2026-09-23,mod0533,127,2323250,2021-02-12,2021-12-28
mfy0534,20260923-0294,2026-09-23,mod0534,406,1459697,2021-01-30,2022-11-14
mfy0535,20260625-0988,2026-06-25,mod0535,10,341352,2022-04-18,2023-03-21
mfy0536,20260805-0931,2026-08-05,mod0536,162,411999,2021-01-30,2022-05-23
mfy0537,20260802-0981,2026-08-02,mod0537,163,379186,2021-03-10,2022-03-18
mfy0538,20260723-0984,2026-07-23,mod0538,70,371178,2021-11-10,2023-10-31
mfy0539,20260923-0734,2026-09-23,mod0539,138,552778,2021-10-26,2022-08-10
mfy0540,20260923-0950,2026-09-23,mod0540,53,401499,2021-11-10,2021-12-10
mfy0541,20260923-0046,2026-09-23,mod0541,665,7917871,2019-08-03,2024-02-19
mfy0542,20260923-0068,2026-09-23,mod0542,322,6185677,2019-08-05,2024-02-19
mfy0543,20260609-0963,2026-06-09,mod0543,210,299056,2019-08-05,2024-02-19
mfy0544,20260923-0014,2026-09-23,mod0544,924,20651756,2019-12-18,2024-02-19
mfy0545,20260923-0137,2026-09-23,mod0545,537,3024561,2019-12-18,2024-02-19
mfy0546,20260923-0157,2026-09-23,mod0546,1186,2662514,2023-10-13,2026-09-07
mfy0547,20260519-0986,2026-05-19,mod0547,208,298824,2024-10-08,2024-11-29
mfy0548,20260923-0074,2026-09-23,mod0548,22,5635546,2026-07-23,2026-09-08
mfy0549,20260423-0958,2026-04-23,mod0549,0,285012,2026-02-02,2026-06-23
mfy0550,20260512-0916,2026-05-12,mod0550,1,330513,2026-02-02,2026-06-23
mfy0551,20260503-0964,2026-05-03,mod0551,0,299118,2026-02-02,2026-06-23
mfy0552,20260516-0945,2026-05-16,mod0552,0,317485,2026-02-02,2026-06-23
mfy0553,20260423-0939,2026-04-23,mod0553,0,291157,2026-02-02,2026-06-23
mfy0554,20260509-0867,2026-05-09,mod0554,0,364179,2026-02-02,2026-06-23
mfy0555,20260505-0902,2026-05-05,mod0555,0,333320,2026-02-02,2026-06-23
mfy0556,20260423-0973,2026-04-23,mod0556,0,280937,2026-02-02,2026-06-23
mfy0557,20260423-0979,2026-04-23,mod0557,0,279199,2026-02-02,2026-06-23
mfy0558,20260410-0994,2026-04-10,mod0558,0,244270,2026-02-02,2026-06-23
mfy0559,20260512-0937,2026-05-12,mod0559,0,318525,2026-02-11,2026-06-23
mfy0560,20260516-0861,2026-05-16,mod0560,1,379356,2026-03-10,2026-06-23
mfy0561,20260502-0942,2026-05-02,mod0561,1,309480,2026-02-11,2026-06-23
mfy0562,20260504-0946,2026-05-04,mod0562,1,309150,2026-02-11,2026-06-23
mfy0563,20260504-0952,2026-05-04,mod0563,0,305698,2026-02-11,2026-06-23
mfy0564,20260923-0459,2026-09-23,mod0564,0,960894,2026-02-11,2026-06-23
mfy0565,20260422-0896,2026-04-22,mod0565,0,311465,2026-02-11,2026-06-23
mfy0566,20260525-0998,2026-05-25,mod0566,2,302118,2026-02-11,2026-06-23
mfy0567,20260423-0982,2026-04-23,mod0567,0,277819,2026-02-26,2026-06-23
mfy0568,20260817-0999,2026-08-17,mod0568,0,376335,2026-06-17,2026-06-23
mfy0569,20260923-0348,2026-09-23,mod0569,0,1230386,2026-06-17,2026-06-23
mfy0570,20260508-0868,2026-05-08,mod0570,1,360558,2026-02-11,2026-06-23
mfy0571,20260327-0994,2026-03-27,mod0571,18,234819,2026-01-09,2026-01-10
mfy0572,20260923-0928,2026-09-23,mod0572,1,411120,2025-09-26,2026-08-04
mfy0573,20260923-0853,2026-09-23,mod0573,99,457639,2025-07-02,2026-09-28
mfy0574,20260825-0991,2026-08-25,mod0574,94,398583,2025-07-29,2026-09-28
mfy0575,20260923-0757,2026-09-23,mod0575,310,533958,2026-08-27,2026-09-04
mfy0576,20260923-0548,2026-09-23,mod0576,73,781987,2026-07-22,2026-09-25
mfy0577,20260912-0955,2026-09-12,mod0577,197,407057,2021-05-25,2023-02-17
mfy0578,20260525-0994,2026-05-25,mod0578,35,303055,2020-09-15,2023-02-25
mfy0579,20260624-0830,2026-06-24,mod0579,65,441076,2024-04-22,2024-04-30
mfy0580,20260826-0987,2026-08-26,mod0580,1284,400164,2026-03-09,2026-03-11
mfy0581,20260706-0996,2026-07-06,mod0581,0,347712,2025-06-17,2025-06-17
mfy0582,20260705-0967,2026-07-05,mod0582,38,357604,2025-08-28,2026-01-01
mfy0583,20260828-0930,2026-08-28,mod0583,95,405219,2025-02-06,2026-03-11
mfy0584,20260716-0977,2026-07-16,mod0584,6,359951,2025-06-09,2025-07-05
mfy0585,20260828-0958,2026-08-28,mod0585,27,392142,2021-02-21,2024-07-21
mfy0586,20260224-0977,2026-02-24,mod0586,19,198306,2021-02-10,2023-04-07
mfy0587,20260906-0963,2026-09-06,mod0587,6,413208,2025-09-11,2025-09-11
mfy0588,20260807-0994,2026-08-07,mod0588,49,353862,2025-08-17,2026-08-19
mfy0589,20260615-0993,2026-06-15,mod0589,3,224440,2025-12-13,2025-12-13
mfy0590,20260427-0990,2026-04-27,mod0590,16,276706,2024-09-17,2025-03-30
mfy0591,20260312-0938,2026-03-12,mod0591,5,255716,2025-03-04,2025-03-18
mfy0592,20260906-0998,2026-09-06,mod0592,61,398719,2025-04-10,2025-05-09
mfy0593,20260923-0887,2026-09-23,mod0593,57,440039,2023-11-27,2025-01-09
mfy0594,20260923-0415,2026-09-23,mod0594,1,1036973,2026-01-09,2026-01-09
mfy0595,20260324-0996,2026-03-24,mod0595,65,238220,2026-01-19,2026-01-20
mfy0596,20260415-0992,2026-04-15,mod0596,40,251148,2026-02-04,2026-02-04
mfy0597,20260923-0845,2026-09-23,mod0597,2,465335,2021-03-24,2021-07-06
mfy0598,20260923-0458,2026-09-23,mod0598,8,960965,2021-03-23,2021-07-06
mfy0599,20260923-0343,2026-09-23,mod0599,40,1249441,2025-03-21,2025-04-06
mfy0600,20260710-0926,2026-07-10,mod0600,0,411625,2021-03-24,2021-07-06
mfy0601,20260327-1000,2026-03-27,mod0601,33,233261,2025-03-28,2025-03-31
mfy0602,20260320-0913,2026-03-20,mod0602,0,274552,2025-02-12,2025-02-18
mfy0603,20260826-0954,2026-08-26,mod0603,42,415341,2025-09-04,2026-04-29
mfy0604,20260817-0975,2026-08-17,mod0604,21,386964,2025-09-04,2025-09-15
mfy0605,20260303-0971,2026-03-03,mod0605,30,225341,2025-03-12,2025-05-21
mfy0606,20260704-0968,2026-07-04,mod0606,77,354682,2026-06-03,2026-08-23
mfy0607,20260715-0965,2026-07-15,mod0607,77,372950,2026-04-01,2026-07-26
mfy0608,20260923-0286,2026-09-23,mod0608,89,1516440,2026-04-01,2026-07-26
mfy0609,20260608-0988,2026-06-08,mod0609,73,312051,2025-08-02,2026-07-28
mfy0610,20260923-0763,2026-09-23,mod0610,14,525662,2023-12-18,2025-10-28
mfy0611,20260923-0377,2026-09-23,mod0611,95,1134568,2026-08-14,2026-09-27
mfy0612,20260505-0991,2026-05-05,mod0612,49,287233,2025-04-21,2025-04-30
mfy0613,20260413-0970,2026-04-13,mod0613,6,261073,2024-07-11,2024-08-05
mfy0614,20260411-0967,2026-04-11,mod0614,0,257659,2025-12-03,2025-12-03
mfy0615,20260411-0969,2026-04-11,mod0615,1,257126,2025-12-03,2025-12-03
mfy0616,20260418-0921,2026-04-18,mod0616,8,291290,2025-05-06,2025-05-06
mfy0617,20260615-0955,2026-06-15,mod0617,22,234794,2024-09-29,2025-12-16
mfy0618,20260923-0221,2026-09-23,mod0618,8,1875325,2022-02-02,2023-09-13
mfy0619,20260323-1000,2026-03-23,mod0619,9,236072,2020-07-15,2023-04-05
mfy0620,20260923-0505,2026-09-23,mod0620,166,858249,2026-08-14,2026-09-10
mfy0621,20260808-0994,2026-08-08,mod0621,324,349379,2026-07-03,2026-07-13
mfy0622,20260923-0119,2026-09-23,mod0622,377,3480937,2018-11-14,2024-02-19
mfy0623,20260923-0450,2026-09-23,mod0623,1468,977291,2018-11-14,2025-07-03
mfy0624,20260923-0905,2026-09-23,mod0624,82,428991,2019-06-18,2024-02-19
mfy0625,20260923-0236,2026-09-23,mod0625,605,1824111,2018-11-30,2024-02-19
mfy0626,20260923-0109,2026-09-23,mod0626,161,3804894,2018-11-30,2024-02-19
mfy0627,20260923-0006,2026-09-23,mod0627,3368,45461959,2018-11-14,2024-02-19
mfy0628,20260530-0999,2026-05-30,mod0628,38,302636,2018-11-30,2024-02-19
mfy0629,20260923-0454,2026-09-23,mod0629,148,975824,2018-11-14,2024-02-19
mfy0630,20260503-0995,2026-05-03,mod0630,188,287439,2019-06-18,2024-02-19
mfy0631,20260911-0978,2026-09-11,mod0631,52,397134,2019-12-13,2024-01-29
mfy0632,20260923-0168,2026-09-23,mod0632,793,2472387,2019-12-12,2024-02-14
mfy0633,20260911-0971,2026-09-11,mod0633,263,399977,2019-12-12,2023-04-06
mfy0634,20260923-0009,2026-09-23,mod0634,636,24644013,2019-12-11,2023-06-30
mfy0635,20260903-0967,2026-09-03,mod0635,36,398542,2020-03-16,2023-09-05
mfy0636,20260721-1000,2026-07-21,mod0636,62,338917,2021-03-16,2021-06-02
mfy0637,20260607-1000,2026-06-07,mod0637,97,305837,2021-06-01,2023-01-24
mfy0638,20260908-0910,2026-09-08,mod0638,37,439205,2021-06-30,2024-04-29
mfy0639,20260923-0651,2026-09-23,mod0639,1245,628452,2026-06-10,2026-07-15
mfy0640,20260923-0004,2026-09-23,mod0640,184,47371951,2020-03-24,2024-02-29
mfy0641,20260623-0706,2026-06-23,mod0641,38,544796,2020-03-24,2024-02-29
mfy0642,20260923-0145,2026-09-23,mod0642,1938,2830337,2025-07-17,2025-09-25
mfy0643,20260923-0329,2026-09-23,mod0643,1093,1299480,2022-10-21,2023-07-17
mfy0644,20260922-0996,2026-09-22,mod0644,893,378195,2022-10-21,2023-07-17
mfy0645,20260923-0862,2026-09-23,mod0645,497,450853,2022-10-21,2023-10-10
mfy0646,20260302-1000,2026-03-02,mod0646,528,212658,2022-10-21,2023-11-28
mfy0647,20260923-0589,2026-09-23,mod0647,18,712392,2021-08-15,2024-02-29
mfy0648,20260406-0983,2026-04-06,mod0648,563,245813,2024-06-24,2024-08-27
mfy0649,20260514-0969,2026-05-14,mod0649,641,309986,2024-07-16,2024-08-07
mfy0650,20260923-0617,2026-09-23,mod0650,1519,679803,2024-07-16,2024-08-27
mfy0651,20260923-0498,2026-09-23,mod0651,945,864196,2024-06-24,2024-08-27
mfy0652,20260608-0963,2026-06-08,mod0652,1190,321520,2024-02-08,2024-09-27
mfy0653,20260923-0688,2026-09-23,mod0653,839,593680,2025-03-01,2025-03-21
mfy0654,20260923-0124,2026-09-23,mod0654,1178,3248584,2025-03-10,2025-04-04
mfy0655,20260920-0968,2026-09-20,mod0655,1099,394670,2025-08-05,2025-08-14
mfy0656,20260801-0960,2026-08-01,mod0656,607,382990,2025-07-30,2025-08-14
mfy0657,20260923-0971,2026-09-23,mod0657,2038,387307,2025-03-01,2025-03-21
mfy0658,20260923-0253,2026-09-23,mod0658,1514,1705679,2025-02-20,2025-03-21
mfy0659,20260608-0941,2026-06-08,mod0659,155,327780,2025-02-20,2025-03-21
mfy0660,20260815-0979,2026-08-15,mod0660,320,382048,2025-06-12,2025-07-14
mfy0661,20260710-0997,2026-07-10,mod0661,651,365610,2026-06-03,2026-07-15
mfy0662,20260923-0180,2026-09-23,mod0662,1600,2318574,2026-06-03,2026-07-20
mfy0663,20260923-0534,2026-09-23,mod0663,307,806941,2026-06-05,2026-07-17
mfy0664,20260823-0956,2026-08-23,mod0664,76,411652,2026-06-05,2026-07-20
mfy0665,20260923-0562,2026-09-23,mod0665,60,755291,2026-06-05,2026-07-20
mfy0666,20260817-0948,2026-08-17,mod0666,376,400798,2026-04-02,2026-07-15
mfy0667,20260923-0029,2026-09-23,mod0667,1543,10486180,2026-04-02,2026-07-20
mfy0668,20260923-0728,2026-09-23,mod0668,171,557229,2026-06-05,2026-07-17
mfy0669,20260923-0998,2026-09-23,mod0669,52,376016,2026-06-05,2026-07-20
mfy0670,20260923-0614,2026-09-23,mod0670,539,683331,2026-04-02,2026-07-15
mfy0671,20260923-0036,2026-09-23,mod0671,3903,9199808,2026-04-02,2026-07-20
mfy0672,20260909-0972,2026-09-09,mod0672,322,407650,2026-05-05,2026-07-15
mfy0673,20260923-0842,2026-09-23,mod0673,129,468067,2026-06-05,2026-07-17
mfy0674,20260923-0893,2026-09-23,mod0674,68,437768,2026-06-05,2026-07-20
mfy0675,20260625-1000,2026-06-25,mod0675,361,336354,2026-04-02,2026-07-15
mfy0676,20260923-0125,2026-09-23,mod0676,977,3244621,2026-04-02,2026-07-20
mfy0677,20260923-0732,2026-09-23,mod0677,132,554204,2026-06-05,2026-07-17
mfy0678,20260918-0988,2026-09-18,mod0678,10,393545,2026-06-05,2026-07-20
mfy0679,20260923-0637,2026-09-23,mod0679,432,642781,2026-04-02,2026-07-15
mfy0680,20260923-0091,2026-09-23,mod0680,1591,4445653,2026-04-02,2026-07-20
mfy0681,20260701-0979,2026-07-01,mod0681,114,353159,2026-05-05,2026-07-15
mfy0682,20260923-0619,2026-09-23,mod0682,139,671175,2026-06-05,2026-07-17
mfy0683,20260904-0922,2026-09-04,mod0683,18,435212,2026-06-05,2026-07-20
mfy0684,20260301-0997,2026-03-01,mod0684,1238,210834,2024-02-13,2024-08-14
mfy0685,20260526-0973,2026-05-26,mod0685,201,314147,2023-11-27,2023-11-27
mfy0686,20260803-0955,2026-08-03,mod0686,761,391938,2026-01-07,2026-04-13
mfy0687,20260713-0988,2026-07-13,mod0687,384,358626,2025-07-09,2025-07-10
mfy0688,20260923-0387,2026-09-23,mod0688,1073,1112642,2025-05-19,2025-10-28
mfy0689,20260923-0411,2026-09-23,mod0689,75,1041574,2020-06-11,2021-04-19
mfy0690,20260422-0903,2026-04-22,mod0690,104,308860,2020-11-17,2023-01-24
mfy0691,20260908-0756,2026-09-08,mod0691,193,540304,2020-11-15,2023-09-18
mfy0692,20260323-0978,2026-03-23,mod0692,29,243327,2023-10-13,2024-04-15
mfy0693,20260923-0249,2026-09-23,mod0693,129,1737315,2023-10-13,2024-10-31
mfy0694,20260328-0996,2026-03-28,mod0694,37,237207,2023-10-13,2024-10-31
mfy0695,20260622-0981,2026-06-22,mod0695,484,345799,2024-05-12,2024-09-21
mfy0696,20260424-0976,2026-04-24,mod0696,219,280156,2020-08-08,2023-01-24
mfy0697,20260923-0209,2026-09-23,mod0697,92,1989697,2023-09-30,2024-09-26
mfy0698,20260923-0319,2026-09-23,mod0698,692,1357627,2024-01-08,2024-09-26
mfy0699,20260923-0258,2026-09-23,mod0699,140,1677182,2025-02-17,2025-02-21
mfy0700,20260923-0107,2026-09-23,mod0700,16,3868899,2025-02-17,2025-02-21
mfy0701,20260516-0994,2026-05-16,mod0701,42,294205,2025-02-17,2025-02-21
mfy0702,20260923-0419,2026-09-23,mod0702,40,1031412,2025-02-18,2025-02-21
mfy0703,20260923-0206,2026-09-23,mod0703,44,2013439,2025-02-17,2025-02-21
mfy0704,20260923-0407,2026-09-23,mod0704,106,1051971,2025-02-17,2025-02-21
mfy0705,20260923-0903,2026-09-23,mod0705,7,430819,2025-02-17,2025-02-21
mfy0706,20260923-0995,2026-09-23,mod0706,89,377244,2025-02-18,2025-02-21
mfy0707,20260809-0998,2026-08-09,mod0707,152,340476,2020-11-19,2023-01-24
mfy0708,20260224-0244,2026-02-24,mod0708,13,1187971,2025-06-19,2025-07-09
mfy0709,20260824-0891,2026-08-24,mod0709,4,442858,2025-06-19,2025-07-09
mfy0710,20260923-0231,2026-09-23,mod0710,266,1835376,2025-09-02,2025-10-02
mfy0711,20260923-0365,2026-09-23,mod0711,876,1187632,2026-08-24,2026-09-02
mfy0712,20260326-0971,2026-03-26,mod0712,277,248798,2026-01-12,2026-01-28
mfy0713,20260531-0964,2026-05-31,mod0713,780,317331,2026-01-12,2026-01-28
mfy0714,20260923-0048,2026-09-23,mod0714,1001,7673596,2021-03-24,2023-09-05
mfy0715,20260923-0228,2026-09-23,mod0715,419,1841552,2021-03-24,2024-02-05
mfy0716,20260426-0900,2026-04-26,mod0716,18,315810,2021-03-24,2022-01-28
mfy0717,20260612-0576,2026-06-12,mod0717,0,598889,2025-04-03,2025-04-03
mfy0718,20260713-0969,2026-07-13,mod0718,2,367179,2023-05-09,2023-05-09
mfy0719,20260806-0987,2026-08-06,mod0719,6,362647,2025-09-17,2026-05-21
mfy0720,20260909-0992,2026-09-09,mod0720,4,400735,2024-11-09,2025-02-26
mfy0721,20260812-0988,2026-08-12,mod0721,39,344140,2026-04-22,2026-08-22
mfy0722,20260411-0983,2026-04-11,mod0722,96,250437,2025-02-19,2025-10-21
mfy0723,20260923-0820,2026-09-23,mod0723,364,478523,2025-02-19,2025-10-21
mfy0724,20260923-0639,2026-09-23,mod0724,7,641466,2021-03-28,2021-07-06
mfy0725,20260828-0975,2026-08-28,mod0725,44,383248,2024-10-17,2026-07-16
mfy0726,20260828-0950,2026-08-28,mod0726,40,395995,2024-10-17,2026-07-16
mfy0727,20260228-0992,2026-02-28,mod0727,1824,207980,2023-12-20,2024-04-16
mfy0728,20260327-0999,2026-03-27,mod0728,2,233402,2024-07-28,2025-10-28
mfy0729,20260719-0747,2026-07-19,mod0729,0,511830,2025-01-08,2025-02-20
mfy0730,20260923-0452,2026-09-23,mod0730,3,976648,2026-04-15,2026-09-15
mfy0731,20260923-0232,2026-09-23,mod0731,10,1826878,2026-06-07,2026-09-15
mfy0732,20260923-0706,2026-09-23,mod0732,6,576303,2026-04-15,2026-09-15
mfy0733,20260923-0280,2026-09-23,mod0733,9,1546175,2026-05-10,2026-09-15
mfy0734,20260923-0867,2026-09-23,mod0734,6,449203,2026-06-05,2026-09-15
mfy0735,20260923-0756,2026-09-23,mod0735,0,535581,2026-04-27,2026-09-15
mfy0736,20260730-0986,2026-07-30,mod0736,45,374876,2024-02-28,2025-06-08
mfy0737,20260923-0861,2026-09-23,mod0737,4,450868,2021-12-17,2021-12-17
mfy0738,20260923-0311,2026-09-23,mod0738,4,1387551,2021-08-02,2021-09-22
mfy0739,20260414-0966,2026-04-14,mod0739,22,265162,2020-10-15,2025-04-10
mfy0740,20260510-0982,2026-05-10,mod0740,165,299356,2026-04-02,2026-04-06
mfy0741,20260923-0257,2026-09-23,mod0741,1230,1679544,2026-04-02,2026-04-06
mfy0742,20260923-0671,2026-09-23,mod0742,376,613431,2026-06-25,2026-06-25
mfy0743,20260919-0930,2026-09-19,mod0743,234,419490,2026-06-25,2026-06-25
mfy0744,20260902-0981,2026-09-02,mod0744,173,399264,2026-03-22,2026-04-05
mfy0745,20260512-0968,2026-05-12,mod0745,323,306888,2026-03-05,2026-04-05
mfy0746,20260605-0983,2026-06-05,mod0746,1408,310558,2026-03-10,2026-04-05
mfy0747,20260923-0583,2026-09-23,mod0747,2121,717459,2026-03-04,2026-06-05
mfy0748,20260813-0998,2026-08-13,mod0748,569,355031,2026-04-22,2026-04-24
mfy0749,20260831-0999,2026-08-31,mod0749,206,385425,2026-04-23,2026-04-23
mfy0750,20260923-0528,2026-09-23,mod0750,3747,815899,2026-04-17,2026-04-17
mfy0751,20260923-0203,2026-09-23,mod0751,1385,2052507,2026-08-17,2026-08-17
mfy0752,20260703-0965,2026-07-03,mod0752,50,354261,2020-04-29,2023-08-16
mfy0753,20260923-0912,2026-09-23,mod0753,50,424820,2020-04-29,2023-08-16
mfy0754,20260629-0975,2026-06-29,mod0754,47,351685,2020-08-19,2023-08-16
mfy0755,20260923-0877,2026-09-23,mod0755,47,444189,2020-04-28,2023-08-16
mfy0756,20260706-0986,2026-07-06,mod0756,122,353920,2020-05-06,2023-08-16
mfy0757,20260617-0981,2026-06-17,mod0757,68,256931,2020-04-29,2024-02-14
mfy0758,20260626-0977,2026-06-26,mod0758,17,350635,2020-04-29,2023-08-16
mfy0759,20260923-0672,2026-09-23,mod0759,100,612641,2020-04-29,2023-08-16
mfy0760,20260708-0978,2026-07-08,mod0760,80,374513,2020-05-06,2023-08-16
mfy0761,20260923-0493,2026-09-23,mod0761,56,868787,2020-04-29,2025-11-15
mfy0762,20260704-0980,2026-07-04,mod0762,18,351983,2020-04-29,2023-08-16
mfy0763,20260917-0993,2026-09-17,mod0763,68,392165,2020-04-29,2023-08-16
mfy0764,20260923-0266,2026-09-23,mod0764,10,1657023,2020-04-29,2023-08-16
mfy0765,20260724-0999,2026-07-24,mod0765,9,357840,2020-05-12,2023-08-16
mfy0766,20260923-0758,2026-09-23,mod0766,102,533428,2020-04-29,2023-08-16
mfy0767,20260224-0996,2026-02-24,mod0767,36,190935,2022-04-13,2023-11-28
mfy0768,20260702-0990,2026-07-02,mod0768,60,347248,2020-05-06,2023-08-16
mfy0769,20260518-0998,2026-05-18,mod0769,256,289276,2026-04-18,2026-04-19
mfy0770,20260923-0026,2026-09-23,mod0770,6991,11804279,2024-12-26,2025-04-10
mfy0771,20260505-0966,2026-05-05,mod0771,193,298917,2019-12-19,2021-05-19
mfy0772,20260328-0998,2026-03-28,mod0772,53,236916,2021-09-23,2024-06-20
mfy0773,20260506-0996,2026-05-06,mod0773,524,286646,2022-12-20,2023-04-21
mfy0774,20260807-0991,2026-08-07,mod0774,0,355349,2025-07-22,2025-07-22
mfy0775,20260708-0981,2026-07-08,mod0775,0,372372,2025-04-29,2025-08-05
mfy0776,20260923-0857,2026-09-23,mod0776,1,455017,2025-04-29,2025-05-22
mfy0777,20260923-0765,2026-09-23,mod0777,2,525200,2025-04-29,2025-04-29
mfy0778,20260713-0986,2026-07-13,mod0778,5,359598,2024-03-28,2025-07-09
mfy0779,20260903-0880,2026-09-03,mod0779,89,437757,2020-10-13,2021-05-19
mfy0780,20260923-0714,2026-09-23,mod0780,64,567090,2024-03-05,2024-04-03
mfy0781,20260920-0954,2026-09-20,mod0781,10,401899,2024-10-15,2024-10-17
mfy0782,20260729-0956,2026-07-29,mod0782,51,390762,2024-09-25,2024-09-25
mfy0783,20260701-0995,2026-07-01,mod0783,109,343580,2024-07-19,2024-08-07
mfy0784,20260606-0995,2026-06-06,mod0784,90,307247,2024-07-19,2024-08-07
mfy0785,20260829-0986,2026-08-29,mod0785,11,387350,2023-05-08,2023-05-24
mfy0786,20260704-0991,2026-07-04,mod0786,304,345494,2024-08-05,2024-12-02
mfy0787,20260530-0992,2026-05-30,mod0787,20,306006,2023-03-16,2024-04-25
mfy0788,20260606-0908,2026-06-06,mod0788,257,346449,2024-07-14,2024-08-01
mfy0789,20260319-0989,2026-03-19,mod0789,134,241899,2024-07-15,2024-09-04
mfy0790,20260923-0230,2026-09-23,mod0790,235,1838039,2024-10-31,2025-02-06
mfy0791,20260923-0269,2026-09-23,mod0791,423,1647328,2024-10-31,2025-09-22
mfy0792,20260923-0708,2026-09-23,mod0792,133,576018,2024-10-31,2025-02-06
mfy0793,20260822-0989,2026-08-22,mod0793,212,391301,2024-10-31,2025-09-22
mfy0794,20260923-0663,2026-09-23,mod0794,1037,617533,2025-07-08,2025-09-10
mfy0795,20260923-0653,2026-09-23,mod0795,174,625486,2025-06-19,2025-08-14
mfy0796,20260923-0881,2026-09-23,mod0796,410,441439,2025-01-17,2025-04-08
mfy0797,20260821-0999,2026-08-21,mod0797,196,386522,2025-01-20,2025-04-08
mfy0798,20260626-0992,2026-06-26,mod0798,324,342054,2025-02-08,2025-04-08
mfy0799,20260923-0342,2026-09-23,mod0799,180,1253589,2025-02-11,2025-04-08
mfy0800,20260418-0981,2026-04-18,mod0800,356,267995,2023-04-03,2024-07-02
mfy0801,20260923-0825,2026-09-23,mod0801,209,476590,2026-08-02,2026-08-03
mfy0802,20260731-0820,2026-07-31,mod0802,113,476820,2026-05-26,2026-06-06
mfy0803,20260530-0994,2026-05-30,mod0803,118,304480,2026-03-14,2026-03-14
mfy0804,20260923-0189,2026-09-23,mod0804,869,2240583,2026-08-16,2026-09-21
mfy0805,20260613-0982,2026-06-13,mod0805,51,223948,2024-10-26,2025-06-06
mfy0806,20260527-0957,2026-05-27,mod0806,194,318760,2023-03-17,2026-03-26
mfy0807,20260923-0640,2026-09-23,mod0807,56,639532,2023-09-10,2024-03-29
mfy0808,20260923-0559,2026-09-23,mod0808,98,761774,2022-04-26,2024-05-08
mfy0809,20260429-0972,2026-04-29,mod0809,5,287631,2025-07-04,2026-01-06
mfy0810,20260323-0992,2026-03-23,mod0810,63,237915,2020-07-29,2022-02-24
mfy0811,20260501-0770,2026-05-01,mod0811,155,419266,2025-04-09,2025-05-12
mfy0812,20260703-0993,2026-07-03,mod0812,308,342999,2025-09-16,2025-11-03
mfy0813,20260513-0953,2026-05-13,mod0813,271,316984,2025-09-16,2025-11-03
mfy0814,20260923-0736,2026-09-23,mod0814,146,551292,2026-04-06,2026-05-04
mfy0815,20260923-0886,2026-09-23,mod0815,111,440712,2026-04-06,2026-05-04
mfy0816,20260906-0760,2026-09-06,mod0816,255,536263,2026-04-06,2026-05-04
mfy0817,20260923-0981,2026-09-23,mod0817,15,382065,2026-08-12,2026-09-02
mfy0818,20260825-0973,2026-08-25,mod0818,1253,407489,2025-05-19,2025-09-23
mfy0819,20260628-0978,2026-06-28,mod0819,107,351320,2026-04-20,2026-05-18
mfy0820,20260923-0067,2026-09-23,mod0820,83,6197328,2025-07-17,2026-01-21
mfy0821,20260819-0990,2026-08-19,mod0821,55,382558,2025-04-28,2026-04-07
mfy0822,20260812-0939,2026-08-12,mod0822,158,372867,2026-04-16,2026-06-12
mfy0823,20260404-0900,2026-04-04,mod0823,19,282448,2025-09-10,2026-04-29
mfy0824,20260620-0967,2026-06-20,mod0824,36,346964,2025-06-03,2026-03-07
mfy0825,20260729-0972,2026-07-29,mod0825,327,382207,2024-04-05,2025-01-30
mfy0826,20260831-0996,2026-08-31,mod0826,165,388003,2024-10-08,2025-02-26
mfy0827,20260727-0984,2026-07-27,mod0827,85,375650,2025-06-03,2026-04-02
mfy0828,20260409-0946,2026-04-09,mod0828,8,264106,2025-09-10,2026-03-20
mfy0829,20260625-0970,2026-06-25,mod0829,35,355731,2023-10-20,2026-07-23
mfy0830,20260923-0480,2026-09-23,mod0830,22,919064,2024-08-14,2024-09-24
mfy0831,20260801-0959,2026-08-01,mod0831,8,383832,2026-02-09,2026-03-24
mfy0832,20260515-0998,2026-05-15,mod0832,31,296045,2024-12-07,2024-12-07
mfy0833,20260817-1000,2026-08-17,mod0833,14,375578,2024-11-25,2025-01-21
mfy0834,20260923-0304,2026-09-23,mod0834,206,1420995,2023-09-25,2024-05-12
mfy0835,20260923-0544,2026-09-23,mod0835,116,787289,2023-09-25,2024-05-12
mfy0836,20260817-0998,2026-08-17,mod0836,4,377480,2025-10-31,2025-10-31
mfy0837,20260711-0995,2026-07-11,mod0837,2,362481,2022-04-29,2022-10-29
mfy0838,20260909-0953,2026-09-09,mod0838,0,416257,2022-12-14,2024-03-28
mfy0839,20260923-0169,2026-09-23,mod0839,32,2462469,2024-03-05,2026-03-11
mfy0840,20260529-0851,2026-05-29,mod0840,9,381582,2021-12-16,2021-12-18
mfy0841,20260923-0925,2026-09-23,mod0841,143,413461,2024-04-18,2024-07-04
mfy0842,20260923-0367,2026-09-23,mod0842,7,1179265,2022-02-04,2023-09-13
mfy0843,20260922-0999,2026-09-22,mod0843,250,376943,2026-08-18,2026-09-17
mfy0844,20260813-0994,2026-08-13,mod0844,53,357455,2020-09-14,2021-05-19
mfy0845,20260923-0140,2026-09-23,mod0845,15,2949617,2021-10-30,2022-08-19
mfy0846,20260923-0358,2026-09-23,mod0846,19,1201597,2026-08-13,2026-08-14
mfy0847,20260710-0899,2026-07-10,mod0847,0,426930,2022-01-24,2022-03-24
mfy0848,20260923-0755,2026-09-23,mod0848,1,535587,2022-02-03,2022-03-23
mfy0849,20260902-0954,2026-09-02,mod0849,91,416155,2026-04-08,2026-07-20
mfy0850,20260923-0565,2026-09-23,mod0850,14,748040,2026-01-15,2026-01-27
mfy0851,20260923-0575,2026-09-23,mod0851,110,731275,2022-12-06,2024-02-09
mfy0852,20260619-0951,2026-06-19,mod0852,41,358062,2026-02-27,2026-04-16
mfy0853,20260501-0976,2026-05-01,mod0853,22,296250,2026-03-05,2026-03-05
mfy0854,20260801-0979,2026-08-01,mod0854,43,375391,2026-04-24,2026-05-21
mfy0855,20260422-0996,2026-04-22,mod0855,18,270084,2024-04-30,2024-05-20
mfy0856,20260812-0968,2026-08-12,mod0856,279,351912,2026-02-02,2026-09-15
mfy0857,20260708-0979,2026-07-08,mod0857,16,372688,2024-06-27,2025-03-13
mfy0858,20260923-0595,2026-09-23,mod0858,25,709125,2022-12-26,2023-08-07
mfy0859,20260923-0552,2026-09-23,mod0859,157,775934,2023-05-19,2025-02-17
mfy0860,20260606-0970,2026-06-06,mod0860,80,318216,2022-12-26,2023-08-07
mfy0861,20260923-0282,2026-09-23,mod0861,283,1537322,2023-05-19,2025-02-17
mfy0862,20260905-0948,2026-09-05,mod0862,569,424436,2023-12-20,2026-04-02
mfy0863,20260923-0701,2026-09-23,mod0863,126,579627,2023-05-19,2025-02-17
mfy0864,20260923-0051,2026-09-23,mod0864,388,7628624,2023-05-19,2026-04-02
mfy0865,20260923-0054,2026-09-23,mod0865,1256,7277887,2023-06-30,2026-04-02
mfy0866,20260923-0283,2026-09-23,mod0866,641,1535229,2024-02-08,2025-07-10
mfy0867,20260923-0025,2026-09-23,mod0867,428,12188657,2023-06-30,2026-04-02
mfy0868,20260504-0951,2026-05-04,mod0868,9,306510,2025-05-30,2025-07-26
mfy0869,20260324-0966,2026-03-24,mod0869,21,252124,2023-11-20,2025-11-14
mfy0870,20260923-0586,2026-09-23,mod0870,45,715999,2025-03-14,2025-03-20
mfy0871,20260923-0305,2026-09-23,mod0871,1605,1414995,2026-08-28,2026-09-02
mfy0872,20260923-0684,2026-09-23,mod0872,504,595385,2021-06-15,2023-01-02
mfy0873,20260923-0947,2026-09-23,mod0873,65,402377,2022-01-20,2023-06-26
mfy0874,20260503-0985,2026-05-03,mod0874,2814,290788,2026-07-07,2026-07-07
mfy0875,20260529-0999,2026-05-29,mod0875,658,302597,2026-07-09,2026-07-09
mfy0876,20260607-0969,2026-06-07,mod0876,122,316532,2026-03-19,2026-04-06
mfy0877,20260501-0987,2026-05-01,mod0877,601,292167,2026-07-09,2026-07-09
mfy0878,20260911-0994,2026-09-11,mod0878,159,392394,2026-03-03,2026-04-06
mfy0879,20260510-0938,2026-05-10,mod0879,60,318008,2026-03-03,2026-04-06
mfy0880,20260521-0971,2026-05-21,mod0880,308,312599,2026-07-09,2026-07-09
mfy0881,20260421-0987,2026-04-21,mod0881,308,270675,2026-03-18,2026-04-06
mfy0882,20260921-0972,2026-09-21,mod0882,322,386671,2026-04-29,2026-07-04
mfy0883,20260510-0999,2026-05-10,mod0883,88,294770,2026-03-30,2026-04-09
mfy0884,20260923-0945,2026-09-23,mod0884,139,403778,2026-07-09,2026-07-09
mfy0885,20260923-0977,2026-09-23,mod0885,335,384522,2026-07-09,2026-07-09
mfy0886,20260613-0994,2026-06-13,mod0886,124,219556,2026-07-09,2026-07-09
mfy0887,20260623-0995,2026-06-23,mod0887,338,342530,2026-07-09,2026-07-09
mfy0888,20260923-0900,2026-09-23,mod0888,244,434460,2026-07-09,2026-07-09
mfy0889,20260618-0948,2026-06-18,mod0889,203,313408,2026-07-09,2026-07-09
mfy0890,20260513-0941,2026-05-13,mod0890,12,322932,2025-02-09,2025-02-16
mfy0891,20260403-0983,2026-04-03,mod0891,52,244640,2026-01-20,2026-01-28
mfy0892,20260625-0998,2026-06-25,mod0892,21,336990,2026-03-23,2026-03-24
mfy0893,20260527-0920,2026-05-27,mod0893,10,337792,2024-06-19,2025-05-09
mfy0894,20260813-0985,2026-08-13,mod0894,6,362878,2024-10-24,2024-10-24
mfy0895,20260402-0994,2026-04-02,mod0895,46,238945,2021-05-13,2023-06-16
mfy0896,20260509-0963,2026-05-09,mod0896,79,308634,2022-01-04,2023-03-22
mfy0897,20260320-0881,2026-03-20,mod0897,0,290236,2026-02-17,2026-02-17
mfy0898,20260316-0997,2026-03-16,mod0898,0,235714,2026-02-24,2026-02-24
mfy0899,20260825-0997,2026-08-25,mod0899,3,395612,2026-02-02,2026-02-02
mfy0900,20260923-0752,2026-09-23,mod0900,151,539934,2021-12-27,2026-06-16
mfy0901,20260923-0930,2026-09-23,mod0901,252,410603,2025-07-23,2025-10-07
mfy0902,20260702-0869,2026-07-02,mod0902,4,413494,2025-02-18,2025-04-08
mfy0903,20260418-0965,2026-04-18,mod0903,0,272496,2024-04-09,2024-04-09
mfy0904,20260710-0909,2026-07-10,mod0904,3,422390,2021-03-20,2025-01-28
mfy0905,20260923-0510,2026-09-23,mod0905,5,849705,2024-02-21,2024-05-31
mfy0906,20260809-0950,2026-08-09,mod0906,342,375014,2024-10-08,2026-04-08
mfy0907,20260430-0987,2026-04-30,mod0907,46,290688,2025-08-26,2025-10-02
mfy0908,20260615-0980,2026-06-15,mod0908,100,227898,2024-01-23,2025-01-06
mfy0909,20260524-0994,2026-05-24,mod0909,144,301070,2024-08-16,2026-08-20
mfy0910,20260904-0996,2026-09-04,mod0910,143,401407,2023-11-17,2025-01-06
mfy0911,20260629-0996,2026-06-29,mod0911,84,338829,2024-01-12,2025-01-06
mfy0912,20260920-0999,2026-09-20,mod0912,736,379294,2023-09-27,2025-01-06
mfy0913,20260923-0502,2026-09-23,mod0913,144,862722,2023-09-27,2025-01-06
mfy0914,20260923-0201,2026-09-23,mod0914,1157,2061966,2024-09-05,2026-04-08
mfy0915,20260905-0982,2026-09-05,mod0915,536,407619,2025-05-07,2026-04-08
mfy0916,20260806-0950,2026-08-06,mod0916,94,392078,2026-01-22,2026-04-15
mfy0917,20260708-0994,2026-07-08,mod0917,187,362529,2026-01-22,2026-04-15
mfy0918,20260922-0970,2026-09-22,mod0918,120,388393,2025-03-27,2026-04-09
mfy0919,20260923-0433,2026-09-23,mod0919,355,1010256,2024-06-19,2025-10-21
mfy0920,20260923-0525,2026-09-23,mod0920,145,818730,2025-09-18,2026-08-10
mfy0921,20260611-0996,2026-06-11,mod0921,792,286586,2025-01-13,2025-03-04
mfy0922,20260313-0977,2026-03-13,mod0922,2,240380,2024-05-29,2024-09-16
mfy0923,20260923-0243,2026-09-23,mod0923,293,1765772,2020-08-19,2024-10-16
mfy0924,20260224-0969,2026-02-24,mod0924,1,199471,2024-10-08,2025-01-03
mfy0925,20260504-0982,2026-05-04,mod0925,0,291009,2025-09-19,2025-09-19
mfy0926,20260529-0992,2026-05-29,mod0926,3,305009,2025-09-18,2025-09-18
mfy0927,20260403-0989,2026-04-03,mod0927,36,242729,2024-12-20,2024-12-20
mfy0928,20260923-0172,2026-09-23,mod0928,55,2404165,2021-04-21,2022-12-14
mfy0929,20260923-0310,2026-09-23,mod0929,136,1387663,2021-04-19,2022-12-14
mfy0930,20260923-0144,2026-09-23,mod0930,18,2839051,2021-04-01,2022-12-14
mfy0931,20260228-0991,2026-02-28,mod0931,476,208048,2021-05-20,2023-03-25
mfy0932,20260923-0338,2026-09-23,mod0932,2,1271902,2021-03-25,2022-12-14
mfy0933,20260610-0952,2026-06-10,mod0933,8,302095,2021-04-16,2022-12-14
mfy0934,20260923-0155,2026-09-23,mod0934,5,2700950,2021-04-20,2022-12-14
mfy0935,20260923-0176,2026-09-23,mod0935,10,2351537,2021-03-29,2022-12-14
mfy0936,20260923-0017,2026-09-23,mod0936,88,17428932,2021-04-16,2022-12-14
mfy0937,20260923-0275,2026-09-23,mod0937,30,1633161,2021-04-22,2022-12-14
mfy0938,20260923-0118,2026-09-23,mod0938,14,3534595,2021-04-18,2022-12-14
mfy0939,20260923-0071,2026-09-23,mod0939,58,5929049,2021-03-29,2022-12-14
mfy0940,20260923-0096,2026-09-23,mod0940,77,4259918,2021-04-14,2022-12-14
mfy0941,20260923-0178,2026-09-23,mod0941,1240,2327155,2026-08-14,2026-08-29
mfy0942,20260604-0984,2026-06-04,mod0942,220,311931,2022-07-06,2026-02-18
mfy0943,20260808-0987,2026-08-08,mod0943,1,354796,2025-05-10,2025-05-11
mfy0944,20260923-0889,2026-09-23,mod0944,1,439215,2020-01-11,2021-05-20
mfy0945,20260923-0876,2026-09-23,mod0945,2,444948,2026-07-14,2026-08-05
mfy0946,20260507-0962,2026-05-07,mod0946,0,309005,2025-08-23,2025-08-24
mfy0947,20260923-0323,2026-09-23,mod0947,1425,1330390,2026-03-30,2026-07-03
mfy0948,20260606-0998,2026-06-06,mod0948,104,306350,2026-04-25,2026-04-25
mfy0949,20260703-0970,2026-07-03,mod0949,2,351812,2024-04-25,2024-04-25
mfy0950,20260428-0975,2026-04-28,mod0950,52,285184,2023-12-13,2023-12-13
mfy0951,20260812-0974,2026-08-12,mod0951,56,350071,2025-07-23,2025-12-04
mfy0952,20260923-0238,2026-09-23,mod0952,14,1789913,2021-08-12,2025-05-22
mfy0953,20260309-0990,2026-03-09,mod0953,25,225920,2025-10-26,2025-10-27
mfy0954,20260923-0849,2026-09-23,mod0954,50,464141,2025-06-23,2026-09-01
mfy0955,20260923-0385,2026-09-23,mod0955,183,1117824,2022-01-15,2022-06-22
mfy0956,20260923-0251,2026-09-23,mod0956,2,1722608,2022-05-13,2022-05-13
mfy0957,20260923-0710,2026-09-23,mod0957,613,571404,2026-03-05,2026-07-28
mfy0958,20260923-0308,2026-09-23,mod0958,2513,1409418,2025-02-25,2026-06-13
mfy0959,20260923-0669,2026-09-23,mod0959,737,613569,2025-07-22,2026-06-13
mfy0960,20260923-0267,2026-09-23,mod0960,15,1655419,2022-02-03,2026-06-24
mfy0961,20260920-0991,2026-09-20,mod0961,4,383066,2022-01-21,2023-10-11
mfy0962,20260504-0818,2026-05-04,mod0962,0,391008,2025-10-28,2025-11-05
mfy0963,20260330-0981,2026-03-30,mod0963,1,246939,2026-02-12,2026-09-12
mfy0964,20260402-0985,2026-04-02,mod0964,142,242326,2026-02-19,2026-02-19
mfy0965,20260522-0873,2026-05-22,mod0965,48,363515,2021-05-25,2023-06-12
mfy0966,20260226-0981,2026-02-26,mod0966,1,200706,2025-01-06,2026-02-21
mfy0967,20260710-0915,2026-07-10,mod0967,0,420474,2023-11-06,2023-11-10
mfy0968,20260307-0984,2026-03-07,mod0968,38,228932,2022-07-21,2024-03-22
mfy0969,20260615-0959,2026-06-15,mod0969,11,233301,2024-12-06,2024-12-07
mfy0970,20260415-1000,2026-04-15,mod0970,389,248432,2025-10-26,2026-02-27
mfy0971,20260923-0537,2026-09-23,mod0971,29,798370,2022-04-09,2024-04-26
mfy0972,20260923-0464,2026-09-23,mod0972,56,950248,2022-01-20,2023-07-03
mfy0973,20260329-1000,2026-03-29,mod0973,1,238466,2022-11-17,2022-11-17
mfy0974,20260923-0895,2026-09-23,mod0974,0,436992,2026-07-04,2026-07-04
mfy0975,20260915-0980,2026-09-15,mod0975,9,394123,2023-03-09,2023-09-15
mfy0976,20260917-0955,2026-09-17,mod0976,326,407271,2024-09-10,2025-07-02
mfy0977,20260520-0908,2026-05-20,mod0977,6,340340,2023-02-25,2023-06-11
mfy0978,20260630-0961,2026-06-30,mod0978,1,357372,2023-03-04,2023-06-11
mfy0979,20260923-0052,2026-09-23,mod0979,149,7396483,2023-02-16,2026-01-12
mfy0980,20260923-0321,2026-09-23,mod0980,80,1346008,2023-02-16,2023-04-24
mfy0981,20260923-0328,2026-09-23,mod0981,9,1306763,2023-01-10,2023-04-18
mfy0982,20260403-0991,2026-04-03,mod0982,22,241318,2023-02-11,2025-01-22
mfy0983,20260923-0633,2026-09-23,mod0983,39,648169,2023-01-03,2023-04-19
mfy0984,20260327-0933,2026-03-27,mod0984,5,264775,2023-09-29,2023-09-29
mfy0985,20260923-0108,2026-09-23,mod0985,145,3840279,2022-09-14,2025-01-22
mfy0986,20260923-0662,2026-09-23,mod0986,482,617557,2022-09-14,2025-01-22
mfy0987,20260923-0112,2026-09-23,mod0987,67,3710518,2022-09-14,2024-01-16
mfy0988,20260424-0999,2026-04-24,mod0988,49,271696,2023-10-30,2023-10-31
mfy0989,20260819-0976,2026-08-19,mod0989,42,388410,2023-10-30,2023-10-31
mfy0990,20260709-0982,2026-07-09,mod0990,3,376391,2023-07-30,2025-04-25
mfy0991,20260907-0796,2026-09-07,mod0991,933,501555,2026-08-05,2026-08-08
mfy0992,20260708-1000,2026-07-08,mod0992,13,357664,2024-05-15,2026-01-21
mfy0993,20260923-0805,2026-09-23,mod0993,0,495180,2026-05-21,2026-05-21
mfy0994,20260923-0479,2026-09-23,mod0994,5,923454,2024-06-20,2024-06-20
mfy0995,20260525-0871,2026-05-25,mod0995,1,358403,2022-12-10,2022-12-10
mfy0996,20260923-0923,2026-09-23,mod0996,9,415961,2024-03-15,2024-03-15
mfy0997,20260621-0998,2026-06-21,mod0997,23,337001,2023-03-25,2025-09-11
mfy0998,20260917-0966,2026-09-17,mod0998,25,401776,2023-03-29,2023-04-07
mfy0999,20260620-0972,2026-06-20,mod0999,2,344968,2026-04-02,2026-04-03
mfy1000,20260923-0515,2026-09-23,mod1000,9,843043,2022-01-18,2024-10-11
mfy1001,20260923-0963,2026-09-23,mod1001,159,393472,2024-12-09,2026-02-06
mfy1002,20260923-0579,2026-09-23,mod1002,18,722156,2024-12-09,2026-02-06
mfy1003,20260603-0496,2026-06-03,mod1003,163,757008,2026-04-09,2026-07-06
mfy1004,20260509-0995,2026-05-09,mod1004,102,295716,2025-03-18,2026-02-06
mfy1005,20260427-0981,2026-04-27,mod1005,20,280828,2021-07-23,2022-04-01
mfy1006,20260628-0965,2026-06-28,mod1006,2,357328,2026-03-31,2026-03-31
mfy1007,20260817-0995,2026-08-17,mod1007,175,378252,2025-04-30,2026-08-17
mfy1008,20260831-0972,2026-08-31,mod1008,798,402403,2026-01-16,2026-07-08
mfy1009,20260820-0997,2026-08-20,mod1009,1776,383869,2026-01-03,2026-08-04
mfy1010,20260923-0382,2026-09-23,mod1010,1907,1125608,2026-03-04,2026-08-27
mfy1011,20260923-0745,2026-09-23,mod1011,137,543998,2026-03-05,2026-03-16
mfy1012,20260923-0274,2026-09-23,mod1012,4879,1638609,2026-08-11,2026-09-01
mfy1013,20260923-0569,2026-09-23,mod1013,2315,744593,2024-10-31,2025-07-16
mfy1014,20260923-0278,2026-09-23,mod1014,990,1561416,2026-08-07,2026-09-10
mfy1015,20260715-0995,2026-07-15,mod1015,481,355618,2025-12-22,2026-01-15
mfy1016,20260923-0922,2026-09-23,mod1016,830,416600,2025-08-09,2025-11-03
mfy1017,20260621-0972,2026-06-21,mod1017,258,347495,2025-10-16,2025-12-17
mfy1018,20260812-0978,2026-08-12,mod1018,65,348178,2024-01-23,2024-01-25
mfy1019,20260923-0767,2026-09-23,mod1019,304,521988,2026-04-07,2026-07-18
mfy1020,20260319-0965,2026-03-19,mod1020,351,249542,2025-07-10,2026-08-05
mfy1021,20260831-0990,2026-08-31,mod1021,662,391222,2026-01-06,2026-08-24
mfy1022,20260721-0999,2026-07-21,mod1022,195,339524,2026-01-04,2026-09-22
mfy1023,20260923-0356,2026-09-23,mod1023,350,1209000,2026-08-04,2026-09-22
mfy1024,20260923-0698,2026-09-23,mod1024,105,580740,2026-06-24,2026-09-22
mfy1025,20260923-0680,2026-09-23,mod1025,303,604764,2026-05-29,2026-08-24
mfy1026,20260702-0538,2026-07-02,mod1026,194,770590,2026-04-08,2026-04-08
mfy1027,20260923-0346,2026-09-23,mod1027,438,1234169,2026-03-25,2026-08-31
mfy1028,20260816-1000,2026-08-16,mod1028,189,375837,2026-03-26,2026-08-07
mfy1029,20260812-0997,2026-08-12,mod1029,20,337510,2024-07-22,2025-10-14
mfy1030,20260616-0974,2026-06-16,mod1030,555,235066,2023-10-05,2024-05-08
mfy1031,20260923-0417,2026-09-23,mod1031,148,1036423,2024-12-07,2026-02-11
mfy1032,20260923-0676,2026-09-23,mod1032,4,608639,2024-06-07,2025-02-11
mfy1033,20260613-0993,2026-06-13,mod1033,0,219747,2026-01-06,2026-01-11
mfy1034,20260923-0271,2026-09-23,mod1034,375,1643333,2023-12-05,2025-06-06
mfy1035,20260418-0997,2026-04-18,mod1035,36,259560,2024-07-10,2025-01-27
mfy1036,20260923-0652,2026-09-23,mod1036,60,626118,2024-08-13,2025-06-18
mfy1037,20260923-0779,2026-09-23,mod1037,315,510705,2024-02-20,2025-12-22
mfy1038,20260311-0572,2026-03-11,mod1038,13,526631,2024-09-23,2024-09-26
mfy1039,20260911-0997,2026-09-11,mod1039,7,391749,2026-04-05,2026-05-04
mfy1040,20260828-0955,2026-08-28,mod1040,17,394097,2025-01-02,2025-01-02
mfy1041,20260912-0990,2026-09-12,mod1041,26,393060,2026-07-30,2026-07-30
mfy1042,20260628-1000,2026-06-28,mod1042,12,338731,2025-05-29,2025-05-29
mfy1043,20260618-0998,2026-06-18,mod1043,18,295455,2025-05-29,2025-05-29
mfy1044,20260427-0991,2026-04-27,mod1044,27,276085,2025-03-12,2025-03-12
mfy1045,20260503-0989,2026-05-03,mod1045,2,289002,2025-07-01,2025-07-21
mfy1046,20260502-0958,2026-05-02,mod1046,0,303662,2025-07-01,2025-07-14
mfy1047,20260502-0950,2026-05-02,mod1047,0,307138,2025-07-01,2025-07-14
mfy1048,20260502-0945,2026-05-02,mod1048,3,308668,2025-06-26,2025-07-14
mfy1049,20260704-0873,2026-07-04,mod1049,22,409326,2026-06-03,2026-07-20
mfy1050,20260826-0996,2026-08-26,mod1050,3,396512,2026-06-11,2026-07-23
mfy1051,20260903-0985,2026-09-03,mod1051,15,389558,2026-06-04,2026-07-20
mfy1052,20260522-0995,2026-05-22,mod1052,24,303298,2026-04-02,2026-07-20
mfy1053,20260923-0984,2026-09-23,mod1053,18,380738,2026-06-04,2026-07-23
mfy1054,20260524-0991,2026-05-24,mod1054,25,302600,2026-04-01,2026-07-20
mfy1055,20260514-0998,2026-05-14,mod1055,1,298428,2026-04-03,2026-07-29
mfy1056,20260429-0999,2026-04-29,mod1056,0,272526,2026-04-03,2026-07-29
mfy1057,20260515-0877,2026-05-15,mod1057,2,367587,2026-04-03,2026-07-29
mfy1058,20260513-0977,2026-05-13,mod1058,12,305438,2026-04-01,2026-07-21
mfy1059,20260923-0766,2026-09-23,mod1059,71,522032,2026-04-01,2026-07-20
mfy1060,20260923-0369,2026-09-23,mod1060,24,1166854,2026-04-03,2026-07-23
mfy1061,20260923-0379,2026-09-23,mod1061,0,1133804,2026-04-03,2026-07-23
mfy1062,20260923-0380,2026-09-23,mod1062,4,1133672,2026-04-03,2026-07-23
mfy1063,20260923-0376,2026-09-23,mod1063,11,1140921,2026-04-03,2026-07-23
mfy1064,20260321-0998,2026-03-21,mod1064,1,238605,2025-12-08,2025-12-08
mfy1065,20260318-0979,2026-03-18,mod1065,0,243580,2025-12-08,2025-12-08
mfy1066,20260320-0996,2026-03-20,mod1066,1,238280,2025-12-08,2025-12-08
mfy1067,20260508-0990,2026-05-08,mod1067,8,294335,2026-01-19,2026-01-22
mfy1068,20260510-0983,2026-05-10,mod1068,11,299293,2026-01-19,2026-01-22
mfy1069,20260605-0980,2026-06-05,mod1069,4,312046,2026-02-23,2026-02-23
mfy1070,20260605-0991,2026-06-05,mod1070,1,308374,2026-02-23,2026-02-23
mfy1071,20260605-0992,2026-06-05,mod1071,3,308229,2026-02-23,2026-02-23
mfy1072,20260605-0989,2026-06-05,mod1072,2,308616,2026-02-23,2026-02-23
mfy1073,20260322-0991,2026-03-22,mod1073,1,241376,2026-01-07,2026-01-07
mfy1074,20260322-0995,2026-03-22,mod1074,4,240948,2026-01-07,2026-01-07
mfy1075,20260322-0971,2026-03-22,mod1075,2,246846,2026-01-07,2026-01-07
mfy1076,20260909-0869,2026-09-09,mod1076,12,458275,2026-08-10,2026-08-12
mfy1077,20260301-1000,2026-03-01,mod1077,2,210650,2025-12-16,2025-12-16
mfy1078,20260226-0994,2026-02-26,mod1078,0,197800,2025-12-16,2025-12-16
mfy1079,20260226-0992,2026-02-26,mod1079,0,197956,2025-12-16,2025-12-16
mfy1080,20260227-0995,2026-02-27,mod1080,3,203307,2025-12-16,2025-12-16
mfy1081,20260506-0985,2026-05-06,mod1081,19,291461,2026-02-02,2026-02-02
mfy1082,20260507-0995,2026-05-07,mod1082,3,290755,2026-02-02,2026-02-02
mfy1083,20260517-0997,2026-05-17,mod1083,13,290734,2026-02-02,2026-02-03
mfy1084,20260308-0997,2026-03-08,mod1084,6,224700,2025-10-14,2025-10-28
mfy1085,20260305-0992,2026-03-05,mod1085,0,222566,2025-10-14,2025-10-28
mfy1086,20260305-0991,2026-03-05,mod1086,0,222664,2025-10-14,2025-10-28
mfy1087,20260305-0989,2026-03-05,mod1087,1,223350,2025-10-14,2025-10-28
mfy1088,20260227-1000,2026-02-27,mod1088,4,201156,2025-10-14,2025-10-28
mfy1089,20260425-0981,2026-04-25,mod1089,23,280658,2026-02-24,2026-02-24
mfy1090,20260923-0771,2026-09-23,mod1090,65,517539,2026-03-02,2026-03-02
mfy1091,20260923-0656,2026-09-23,mod1091,6,622908,2026-06-02,2026-06-02
mfy1092,20260923-0696,2026-09-23,mod1092,2,581856,2026-06-02,2026-06-02
mfy1093,20260818-0979,2026-08-18,mod1093,32,387841,2026-04-22,2026-04-22
mfy1094,20260911-0989,2026-09-11,mod1094,16,393692,2026-04-22,2026-04-22
mfy1095,20260909-0969,2026-09-09,mod1095,0,408364,2026-06-02,2026-06-02
mfy1096,20260909-0967,2026-09-09,mod1096,3,409161,2026-06-02,2026-06-02
mfy1097,20260910-0989,2026-09-10,mod1097,17,394161,2026-06-02,2026-06-02
mfy1098,20260613-0991,2026-06-13,mod1098,22,220175,2026-04-16,2026-04-16
mfy1099,20260902-0978,2026-09-02,mod1099,10,400382,2026-04-16,2026-04-16
mfy1100,20260828-0986,2026-08-28,mod1100,3,378378,2026-04-16,2026-04-16
mfy1101,20260829-0994,2026-08-29,mod1101,2,384094,2026-04-16,2026-04-16
mfy1102,20260923-0256,2026-09-23,mod1102,55,1680639,2026-08-14,2026-08-14
mfy1103,20260923-0089,2026-09-23,mod1103,74,4647446,2026-08-14,2026-08-14
mfy1104,20260923-0094,2026-09-23,mod1104,3,4391202,2026-08-14,2026-08-14
mfy1105,20260923-0092,2026-09-23,mod1105,21,4413444,2026-08-14,2026-08-14
mfy1106,20260923-0090,2026-09-23,mod1106,29,4448272,2026-08-14,2026-08-14
mfy1107,20260626-0976,2026-06-26,mod1107,11,351233,2025-08-05,2025-08-18
mfy1108,20260409-0283,2026-04-09,mod1108,390,1149489,2023-07-29,2024-03-13
mfy1109,20260923-0470,2026-09-23,mod1109,1,939616,2026-06-19,2026-06-19
mfy1110,20260915-0963,2026-09-15,mod1110,129,403868,2026-04-22,2026-04-22
mfy1111,20260416-0981,2026-04-16,mod1111,3,260096,2026-03-02,2026-03-03
mfy1112,20260501-0994,2026-05-01,mod1112,10,287785,2026-03-02,2026-03-02
mfy1113,20260923-0473,2026-09-23,mod1113,50,936882,2024-06-12,2025-02-28
mfy1114,20260402-0988,2026-04-02,mod1114,3,241913,2025-03-19,2025-03-19
mfy1115,20260612-0988,2026-06-12,mod1115,14,287300,2024-10-15,2025-10-20
mfy1116,20260509-0996,2026-05-09,mod1116,29,295422,2022-12-04,2024-02-13
mfy1117,20260923-0983,2026-09-23,mod1117,642,381612,2026-07-13,2026-09-27
mfy1118,20260827-0412,2026-08-27,mod1118,563,1104120,2026-07-13,2026-09-27
mfy1119,20260830-0444,2026-08-30,mod1119,574,1005078,2026-07-13,2026-09-27
mfy1120,20260901-0463,2026-09-01,mod1120,585,965464,2026-07-13,2026-09-27
mfy1121,20260911-0521,2026-09-11,mod1121,611,816399,2026-07-13,2026-09-07
mfy1122,20260817-0541,2026-08-17,mod1122,508,789040,2026-07-13,2026-09-27
mfy1123,20260822-0443,2026-08-22,mod1123,540,998155,2026-07-13,2026-09-27
mfy1124,20260614-0956,2026-06-14,mod1124,103,233252,2026-04-18,2026-04-18
mfy1125,20260717-0997,2026-07-17,mod1125,49,352870,2026-04-12,2026-05-08
mfy1126,20260916-0963,2026-09-16,mod1126,25,406768,2021-12-30,2023-01-25
mfy1127,20260923-0442,2026-09-23,mod1127,317,993243,2023-05-05,2025-03-03
mfy1128,20260923-0486,2026-09-23,mod1128,66,899364,2023-08-26,2023-12-07
mfy1129,20260819-0937,2026-08-19,mod1129,94,411457,2023-03-17,2025-05-25
mfy1130,20260923-0746,2026-09-23,mod1130,2,543466,2021-03-26,2021-11-04
mfy1131,20260814-0983,2026-08-14,mod1131,3,373468,2026-06-29,2026-08-04
mfy1132,20260612-0996,2026-06-12,mod1132,624,285013,2023-07-11,2024-02-03
mfy1133,20260404-0921,2026-04-04,mod1133,24,271116,2024-03-13,2025-01-01
mfy1134,20260923-0160,2026-09-23,mod1134,103,2599096,2024-05-02,2026-04-15
mfy1135,20260602-0914,2026-06-02,mod1135,15,341875,2024-09-21,2024-10-22
mfy1136,20260819-0984,2026-08-19,mod1136,21,385208,2024-09-21,2024-10-22
mfy1137,20260602-0918,2026-06-02,mod1137,40,341090,2024-09-26,2024-11-12
mfy1138,20260923-0911,2026-09-23,mod1138,92,425033,2024-08-09,2026-02-18
mfy1139,20260601-0992,2026-06-01,mod1139,53,308975,2024-11-20,2024-11-27
mfy1140,20260607-0997,2026-06-07,mod1140,0,306147,2026-02-04,2026-02-04
mfy1141,20260923-0654,2026-09-23,mod1141,216,624221,2026-08-29,2026-08-30
mfy1142,20260822-0977,2026-08-22,mod1142,506,397543,2022-11-24,2025-09-19
mfy1143,20260614-0915,2026-06-14,mod1143,43,247848,2023-07-08,2025-03-05
mfy1144,20260426-0981,2026-04-26,mod1144,29,282022,2024-08-20,2024-08-20
mfy1145,20260611-0993,2026-06-11,mod1145,11,289083,2025-04-28,2025-04-28
mfy1146,20260609-0988,2026-06-09,mod1146,7,289187,2025-04-28,2025-04-28
mfy1147,20260610-1000,2026-06-10,mod1147,10,284252,2025-04-28,2025-04-28
mfy1148,20260224-0997,2026-02-24,mod1148,4,190860,2025-04-29,2025-04-29
mfy1149,20260609-1000,2026-06-09,mod1149,2,286036,2025-04-28,2025-04-29
mfy1150,20260611-1000,2026-06-11,mod1150,7,284415,2025-04-28,2025-04-28
mfy1151,20260610-0999,2026-06-10,mod1151,10,284360,2025-04-28,2025-04-28
mfy1152,20260717-0995,2026-07-17,mod1152,21,354176,2025-01-07,2025-03-13
mfy1153,20260923-0978,2026-09-23,mod1153,56,384244,2022-08-03,2024-03-29
mfy1154,20260715-0973,2026-07-15,mod1154,22,369922,2024-04-30,2025-12-02
mfy1155,20260518-0995,2026-05-18,mod1155,2,291822,2023-10-05,2023-10-10
mfy1156,20260923-0325,2026-09-23,mod1156,5,1314742,2022-06-01,2022-06-02
mfy1157,20260923-0797,2026-09-23,mod1157,4874,499716,2023-07-13,2024-04-17
mfy1158,20260923-0506,2026-09-23,mod1158,2418,854092,2023-07-13,2024-04-17
mfy1159,20260408-0999,2026-04-08,mod1159,968,243679,2024-07-16,2024-09-25
mfy1160,20260923-0847,2026-09-23,mod1160,124,464667,2024-07-20,2024-12-06
mfy1161,20260903-0944,2026-09-03,mod1161,963,412153,2024-07-16,2024-12-15
mfy1162,20260923-0730,2026-09-23,mod1162,2531,555293,2024-07-14,2024-10-16
mfy1163,20260923-0066,2026-09-23,mod1163,7842,6225349,2024-07-18,2024-09-25
mfy1164,20260404-0993,2026-04-04,mod1164,1583,243766,2024-09-18,2024-12-04
mfy1165,20260923-0517,2026-09-23,mod1165,2625,840036,2024-09-18,2024-10-24
mfy1166,20260923-0053,2026-09-23,mod1166,1711,7388675,2024-09-18,2024-10-24
mfy1167,20260918-0999,2026-09-18,mod1167,945,389356,2024-09-18,2024-10-24
mfy1168,20260923-0215,2026-09-23,mod1168,2651,1915622,2024-09-18,2024-10-24
mfy1169,20260923-0481,2026-09-23,mod1169,3058,917850,2024-11-26,2024-12-21
mfy1170,20260820-0970,2026-08-20,mod1170,1333,396011,2025-04-02,2025-05-22
mfy1171,20260303-0948,2026-03-03,mod1171,84,233889,2025-04-23,2025-04-29
mfy1172,20260404-0978,2026-04-04,mod1172,874,246296,2024-04-17,2024-09-27
mfy1173,20260903-0919,2026-09-03,mod1173,6642,421233,2024-04-17,2024-09-27
mfy1174,20260923-0361,2026-09-23,mod1174,5097,1196467,2024-04-17,2025-06-18
mfy1175,20260923-0099,2026-09-23,mod1175,411,4145511,2024-07-21,2025-11-12
mfy1176,20260915-0944,2026-09-15,mod1176,1898,411278,2026-08-09,2026-08-11
mfy1177,20260923-0590,2026-09-23,mod1177,342,711066,2026-08-09,2026-08-18
mfy1178,20260923-0827,2026-09-23,mod1178,53,474610,2026-06-18,2026-06-18
mfy1179,20260905-0699,2026-09-05,mod1179,3,598656,2024-03-12,2024-03-18
mfy1180,20260919-0988,2026-09-19,mod1180,12,390489,2026-06-12,2026-06-12
mfy1181,20260518-0983,2026-05-18,mod1181,9,295776,2021-08-04,2024-04-21
mfy1182,20260408-0983,2026-04-08,mod1182,81,248574,2021-08-04,2023-02-27
mfy1183,20260330-0962,2026-03-30,mod1183,301,256984,2022-11-20,2023-02-03
mfy1184,20260902-0973,2026-09-02,mod1184,424,403697,2023-04-05,2025-01-14
mfy1185,20260923-0340,2026-09-23,mod1185,98,1264909,2020-08-06,2023-11-06
mfy1186,20260821-0997,2026-08-21,mod1186,334,386734,2020-08-06,2023-11-06
mfy1187,20260716-0984,2026-07-16,mod1187,36,354925,2022-05-11,2025-07-25
mfy1188,20260701-0992,2026-07-01,mod1188,288,344319,2020-07-10,2022-02-11
mfy1189,20260901-0996,2026-09-01,mod1189,85,394427,2020-07-03,2022-09-26
mfy1190,20260619-0985,2026-06-19,mod1190,32,341485,2021-01-28,2021-05-21
mfy1191,20260923-0146,2026-09-23,mod1191,445,2827608,2021-10-18,2022-09-22
mfy1192,20260923-0487,2026-09-23,mod1192,290,896953,2021-10-18,2023-03-19
mfy1193,20260923-0578,2026-09-23,mod1193,79,722829,2021-10-11,2022-09-26
mfy1194,20260904-0757,2026-09-04,mod1194,23,536712,2021-01-28,2022-06-27
mfy1195,20260516-0985,2026-05-16,mod1195,436,298327,2020-03-10,2024-02-29
mfy1196,20260618-0994,2026-06-18,mod1196,33,297075,2022-03-07,2023-02-27
mfy1197,20260923-0136,2026-09-23,mod1197,401,3052835,2024-06-15,2025-08-04
mfy1198,20260923-0784,2026-09-23,mod1198,1863,507798,2024-06-15,2025-08-04
mfy1199,20260722-0997,2026-07-22,mod1199,91,354372,2021-02-10,2022-09-26
mfy1200,20260711-1000,2026-07-11,mod1200,268,360106,2026-03-30,2026-03-30
mfy1201,20260916-0981,2026-09-16,mod1201,196,396008,2026-03-30,2026-03-30
mfy1202,20260909-0979,2026-09-09,mod1202,68,402978,2021-05-08,2022-09-16
mfy1203,20260923-0396,2026-09-23,mod1203,510,1089955,2022-04-18,2024-04-10
mfy1204,20260820-0999,2026-08-20,mod1204,55,382833,2024-03-17,2025-01-08
mfy1205,20260527-0993,2026-05-27,mod1205,28,306430,2024-03-17,2025-01-08
mfy1206,20260830-0941,2026-08-30,mod1206,389,417200,2026-07-25,2026-08-10
mfy1207,20260508-0881,2026-05-08,mod1207,27,354056,2021-11-23,2022-12-15
mfy1208,20260923-0076,2026-09-23,mod1208,243,5355874,2021-10-27,2023-04-06
mfy1209,20260923-0693,2026-09-23,mod1209,3524,586848,2023-12-13,2025-12-08
mfy1210,20260415-0997,2026-04-15,mod1210,1697,249799,2024-04-22,2025-12-10
mfy1211,20260921-0969,2026-09-21,mod1211,1463,388214,2024-04-22,2025-12-10
mfy1212,20260827-0882,2026-08-27,mod1212,1068,441265,2024-08-16,2025-12-10
mfy1213,20260923-0576,2026-09-23,mod1213,739,726686,2024-08-16,2025-12-10
mfy1214,20260923-0655,2026-09-23,mod1214,2309,624147,2024-12-11,2026-07-14
mfy1215,20260923-0986,2026-09-23,mod1215,840,379196,2025-02-19,2025-12-10
mfy1216,20260822-0963,2026-08-22,mod1216,1613,407181,2025-02-24,2025-12-10
mfy1217,20260827-0954,2026-08-27,mod1217,41,407306,2025-06-23,2025-12-10
mfy1218,20260613-0945,2026-06-13,mod1218,78,235804,2024-05-17,2026-05-12
mfy1219,20260517-0947,2026-05-17,mod1219,67,315677,2022-03-16,2024-04-08
mfy1220,20260923-0699,2026-09-23,mod1220,512,580640,2022-03-16,2024-02-13
mfy1221,20260418-0982,2026-04-18,mod1221,826,267579,2023-02-02,2023-11-08
mfy1222,20260313-0942,2026-03-13,mod1222,1,253659,2022-01-20,2022-05-16
mfy1223,20260923-0935,2026-09-23,mod1223,14,409465,2022-06-14,2022-12-10
mfy1224,20260923-0725,2026-09-23,mod1224,430,559210,2022-10-14,2023-09-06
mfy1225,20260923-0403,2026-09-23,mod1225,231,1071800,2022-10-14,2023-09-06
mfy1226,20260526-0952,2026-05-26,mod1226,83,321549,2023-11-18,2023-11-18
mfy1227,20260923-0533,2026-09-23,mod1227,29,807510,2022-02-28,2023-01-24
mfy1228,20260923-0184,2026-09-23,mod1228,684,2274971,2024-12-02,2024-12-06
mfy1229,20260923-0244,2026-09-23,mod1229,1240,1765130,2025-12-01,2025-12-27
mfy1230,20260306-0990,2026-03-06,mod1230,479,227356,2021-10-05,2025-02-11
mfy1231,20260815-0997,2026-08-15,mod1231,217,375153,2021-10-05,2024-05-27
mfy1232,20260418-0983,2026-04-18,mod1232,158,267408,2021-10-05,2024-05-27
mfy1233,20260421-0979,2026-04-21,mod1233,179,273284,2021-10-05,2024-05-27
mfy1234,20260913-0974,2026-09-13,mod1234,67,396409,2021-12-23,2024-05-27
mfy1235,20260522-0849,2026-05-22,mod1235,5,381706,2021-12-14,2021-12-17
mfy1236,20260923-0707,2026-09-23,mod1236,2487,576275,2025-08-25,2026-01-22
mfy1237,20260923-0571,2026-09-23,mod1237,1295,741835,2026-01-21,2026-01-27
mfy1238,20260720-0991,2026-07-20,mod1238,162,339604,2026-03-02,2026-03-09
mfy1239,20260915-0972,2026-09-15,mod1239,1287,399899,2025-12-04,2025-12-12
mfy1240,20260923-0566,2026-09-23,mod1240,40,748026,2021-12-09,2021-12-22
mfy1241,20260224-0447,2026-02-24,mod1241,12,621555,2021-12-20,2022-03-25
mfy1242,20260923-0439,2026-09-23,mod1242,114,996412,2021-12-09,2022-02-02
mfy1243,20260923-0812,2026-09-23,mod1243,38,487844,2026-07-08,2026-07-09
mfy1244,20260923-0813,2026-09-23,mod1244,13,487041,2022-04-06,2023-03-27
mfy1245,20260923-0113,2026-09-23,mod1245,5625,3664211,2026-08-03,2026-08-13
mfy1246,20260308-0998,2026-03-08,mod1246,1485,224668,2025-10-22,2025-12-23
mfy1247,20260910-0980,2026-09-10,mod1247,1507,398041,2026-02-12,2026-03-10
mfy1248,20260923-0313,2026-09-23,mod1248,1246,1381504,2026-04-09,2026-04-20
mfy1249,20260824-0974,2026-08-24,mod1249,54,406534,2026-06-12,2026-07-11
mfy1250,20260614-0944,2026-06-14,mod1250,9,236645,2024-10-29,2026-03-27
mfy1251,20260923-0868,2026-09-23,mod1251,79,448923,2024-10-29,2026-03-27
mfy1252,20260326-0991,2026-03-26,mod1252,47,239938,2025-05-22,2026-04-07
mfy1253,20260712-1000,2026-07-12,mod1253,630,350122,2025-12-09,2026-07-15
mfy1254,20260923-0918,2026-09-23,mod1254,327,419020,2025-12-02,2026-07-15
mfy1255,20260820-0986,2026-08-20,mod1255,275,388526,2025-12-02,2026-07-15
mfy1256,20260721-0992,2026-07-21,mod1256,34,343296,2025-12-04,2026-07-15
mfy1257,20260410-0996,2026-04-10,mod1257,162,243128,2025-12-02,2026-07-15
mfy1258,20260826-0995,2026-08-26,mod1258,585,396664,2024-10-16,2025-07-31
mfy1259,20260525-0997,2026-05-25,mod1259,1833,302460,2023-09-27,2025-07-24
mfy1260,20260923-0240,2026-09-23,mod1260,3235,1781771,2023-12-11,2025-07-24
mfy1261,20260923-0177,2026-09-23,mod1261,3519,2332617,2024-05-22,2025-12-03
mfy1262,20260923-0898,2026-09-23,mod1262,4184,435941,2023-09-20,2025-07-24
mfy1263,20260817-0994,2026-08-17,mod1263,591,378621,2024-05-22,2025-07-24
mfy1264,20260626-0991,2026-06-26,mod1264,376,342464,2026-04-29,2026-07-15
mfy1265,20260917-0987,2026-09-17,mod1265,1707,393641,2024-07-17,2025-07-28
mfy1266,20260313-0952,2026-03-13,mod1266,954,249074,2025-01-28,2025-07-28
mfy1267,20260923-0815,2026-09-23,mod1267,1381,483393,2025-03-17,2025-12-22
mfy1268,20260720-0997,2026-07-20,mod1268,598,336813,2025-06-20,2025-12-22
mfy1269,20260824-0969,2026-08-24,mod1269,4719,409591,2023-12-11,2025-07-24
mfy1270,20260914-0979,2026-09-14,mod1270,675,395032,2025-07-15,2025-07-28
mfy1271,20260923-0247,2026-09-23,mod1271,989,1748894,2026-02-04,2026-03-11
mfy1272,20260923-0553,2026-09-23,mod1272,371,775613,2022-11-14,2023-09-06
mfy1273,20260625-0999,2026-06-25,mod1273,60,336797,2024-07-12,2025-03-24
mfy1274,20260406-0995,2026-04-06,mod1274,34,240648,2025-10-16,2026-08-19
mfy1275,20260923-0191,2026-09-23,mod1275,825,2216215,2024-03-07,2026-01-23
mfy1276,20260701-0975,2026-07-01,mod1276,46,354331,2024-02-29,2025-04-02
mfy1277,20260513-0992,2026-05-13,mod1277,142,299638,2024-02-29,2025-04-02
mfy1278,20260604-0978,2026-06-04,mod1278,140,314709,2025-03-03,2026-04-08
mfy1279,20260923-0610,2026-09-23,mod1279,59,686147,2024-02-29,2025-04-02
mfy1280,20260903-0954,2026-09-03,mod1280,17,404571,2026-07-31,2026-07-31
mfy1281,20260519-0931,2026-05-19,mod1281,322,324869,2025-03-16,2025-03-21
mfy1282,20260904-0983,2026-09-04,mod1282,44,404488,2025-04-30,2025-05-19
mfy1283,20260303-0994,2026-03-03,mod1283,2,217722,2025-12-09,2026-07-04
mfy1284,20260923-0901,2026-09-23,mod1284,6,434124,2025-03-12,2025-03-19
mfy1285,20260508-0980,2026-05-08,mod1285,8,300082,2025-04-15,2025-04-21
mfy1286,20260717-0996,2026-07-17,mod1286,73,353488,2025-08-29,2026-03-19
mfy1287,20260528-0998,2026-05-28,mod1287,38,302566,2026-01-27,2026-01-27
mfy1288,20260607-0931,2026-06-07,mod1288,52,335425,2025-02-28,2025-12-02
mfy1289,20260923-0409,2026-09-23,mod1289,7,1048152,2025-02-15,2025-02-15
mfy1290,20260923-0466,2026-09-23,mod1290,47,948877,2025-05-06,2025-05-10
mfy1291,20260923-0235,2026-09-23,mod1291,58,1826026,2025-08-16,2025-08-16
mfy1292,20260722-0998,2026-07-22,mod1292,1,351303,2025-05-06,2025-05-10
mfy1293,20260815-0934,2026-08-15,mod1293,1,405533,2024-01-05,2026-04-12
mfy1294,20260315-0937,2026-03-15,mod1294,15,258273,2024-05-18,2025-04-23
mfy1295,20260714-0987,2026-07-14,mod1295,989,366568,2023-06-06,2023-07-14
mfy1296,20260830-0990,2026-08-30,mod1296,66,392125,2025-08-08,2026-07-20
mfy1297,20260313-0994,2026-03-13,mod1297,5,233218,2025-09-01,2025-09-04
mfy1298,20260705-0946,2026-07-05,mod1298,2364,369216,2025-07-11,2026-04-23
mfy1299,20260722-0971,2026-07-22,mod1299,780,371837,2025-09-03,2026-01-30
mfy1300,20260224-0872,2026-02-24,mod1300,1674,233030,2025-11-04,2026-01-30
mfy1301,20260909-0936,2026-09-09,mod1301,2869,424277,2026-01-01,2026-04-30
mfy1302,20260923-0884,2026-09-23,mod1302,1611,440980,2026-04-14,2026-05-19
mfy1303,20260824-0954,2026-08-24,mod1303,1370,412904,2026-06-11,2026-06-15
mfy1304,20260923-0224,2026-09-23,mod1304,11493,1860095,2026-07-27,2026-09-02
mfy1305,20260823-0991,2026-08-23,mod1305,280,394203,2025-04-09,2026-01-30
mfy1306,20260923-0846,2026-09-23,mod1306,225,465103,2021-11-09,2024-04-11
mfy1307,20260306-0984,2026-03-06,mod1307,119,228982,2022-06-06,2024-04-11
mfy1308,20260429-0995,2026-04-29,mod1308,126,274493,2024-04-01,2024-04-11
mfy1309,20260903-0982,2026-09-03,mod1309,315,391760,2021-12-05,2024-01-08
mfy1310,20260923-0512,2026-09-23,mod1310,390,845530,2022-08-22,2024-04-11
mfy1311,20260923-0715,2026-09-23,mod1311,16,566889,2022-01-27,2022-03-23
mfy1312,20260923-0907,2026-09-23,mod1312,193,427847,2026-08-20,2026-08-20
mfy1313,20260923-0622,2026-09-23,mod1313,16,665494,2025-11-03,2025-11-15
mfy1314,20260417-0996,2026-04-17,mod1314,106,254090,2026-03-06,2026-03-08
mfy1315,20260308-0962,2026-03-08,mod1315,0,241708,2025-12-02,2026-06-23
mfy1316,20260803-0958,2026-08-03,mod1316,27,390858,2025-04-17,2025-08-20
mfy1317,20260521-0990,2026-05-21,mod1317,458,304966,2021-09-16,2024-01-21
mfy1318,20260819-0993,2026-08-19,mod1318,21,381385,2023-12-29,2023-12-30
mfy1319,20260923-0600,2026-09-23,mod1319,3,705721,2026-06-21,2026-06-21
mfy1320,20260913-0995,2026-09-13,mod1320,82,390501,2026-04-02,2026-08-17
mfy1321,20260923-0333,2026-09-23,mod1321,61,1289395,2026-07-24,2026-08-17
mfy1322,20260923-0195,2026-09-23,mod1322,13,2151758,2026-07-24,2026-08-17
mfy1323,20260923-0114,2026-09-23,mod1323,14,3584434,2026-06-11,2026-06-11
mfy1324,20260326-0891,2026-03-26,mod1324,0,286552,2022-07-28,2023-05-08
mfy1325,20260510-0975,2026-05-10,mod1325,5,304599,2025-09-24,2025-10-03
mfy1326,20260923-0490,2026-09-23,mod1326,19,888812,2020-01-10,2021-02-12
mfy1327,20260305-0981,2026-03-05,mod1327,303,225876,2024-02-29,2024-12-24
mfy1328,20260331-0978,2026-03-31,mod1328,16,249898,2024-02-29,2024-03-01
mfy1329,20260419-0973,2026-04-19,mod1329,1089,272427,2026-02-10,2026-03-25
mfy1330,20260818-0930,2026-08-18,mod1330,514,414004,2025-10-13,2025-10-16
mfy1331,20260312-0986,2026-03-12,mod1331,13,237240,2020-10-21,2021-05-20
mfy1332,20260421-0956,2026-04-21,mod1332,146,283425,2021-05-24,2024-07-28
mfy1333,20260324-0981,2026-03-24,mod1333,252,245828,2022-07-19,2022-08-13
mfy1334,20260503-0977,2026-05-03,mod1334,186,293343,2025-12-31,2026-01-06
mfy1335,20260911-0983,2026-09-11,mod1335,64,395236,2022-05-09,2025-06-30
mfy1336,20260923-0531,2026-09-23,mod1336,11,809237,2022-05-09,2025-06-30
mfy1337,20260923-0427,2026-09-23,mod1337,0,1022151,2024-02-02,2024-12-27
mfy1338,20260923-0368,2026-09-23,mod1338,1,1179080,2022-06-09,2024-12-27
mfy1339,20260923-0738,2026-09-23,mod1339,32,550630,2023-11-26,2023-12-03
mfy1340,20260808-0984,2026-08-08,mod1340,63,357077,2023-10-24,2023-12-03
mfy1341,20260923-0416,2026-09-23,mod1341,274,1036916,2025-06-30,2025-09-09
mfy1342,20260923-0904,2026-09-23,mod1342,32,430168,2025-07-01,2025-09-09
mfy1343,20260923-0383,2026-09-23,mod1343,33,1125565,2025-06-30,2025-09-09
mfy1344,20260923-0885,2026-09-23,mod1344,11,440758,2025-07-01,2025-09-09
mfy1345,20260923-0164,2026-09-23,mod1345,78,2486299,2025-06-30,2025-09-09
mfy1346,20260617-0893,2026-06-17,mod1346,20,293103,2025-04-22,2025-04-25
mfy1347,20260923-0446,2026-09-23,mod1347,198,980413,2023-10-18,2026-04-21
mfy1348,20260618-0962,2026-06-18,mod1348,108,309422,2025-06-19,2025-10-08
mfy1349,20260905-0917,2026-09-05,mod1349,0,438032,2024-01-31,2025-01-09
mfy1350,20260808-0977,2026-08-08,mod1350,232,361907,2020-01-13,2022-06-14
mfy1351,20260923-0331,2026-09-23,mod1351,74,1296349,2020-01-13,2021-05-20
mfy1352,20260614-0992,2026-06-14,mod1352,3,220100,2026-02-03,2026-08-18
mfy1353,20260419-0954,2026-04-19,mod1353,10,277321,2022-11-04,2023-08-04
mfy1354,20260923-0336,2026-09-23,mod1354,2,1284732,2022-11-04,2023-02-21
mfy1355,20260725-0951,2026-07-25,mod1355,1,391020,2024-01-14,2025-07-22
mfy1356,20260920-0908,2026-09-20,mod1356,5,427063,2023-11-23,2023-11-23
mfy1357,20260415-0956,2026-04-15,mod1357,38,270015,2020-02-13,2022-03-02
mfy1358,20260923-0611,2026-09-23,mod1358,320,684685,2020-09-16,2022-04-28
mfy1359,20260401-0986,2026-04-01,mod1359,927,239427,2022-01-04,2023-02-27
mfy1360,20260923-0621,2026-09-23,mod1360,485,669019,2020-02-14,2025-01-02
mfy1361,20260923-0685,2026-09-23,mod1361,0,595256,2024-08-23,2026-07-22
mfy1362,20260810-0552,2026-08-10,mod1362,1,721853,2026-02-09,2026-09-20
mfy1363,20260823-0966,2026-08-23,mod1363,77,406160,2024-11-03,2025-06-24
mfy1364,20260817-0966,2026-08-17,mod1364,233,393025,2024-12-29,2025-01-24
mfy1365,20260923-0828,2026-09-23,mod1365,124,474572,2025-03-24,2025-03-31
mfy1366,20260923-0132,2026-09-23,mod1366,582,3068391,2024-01-31,2026-04-07
mfy1367,20260923-0020,2026-09-23,mod1367,938,14308517,2024-02-10,2026-04-07
mfy1368,20260327-0987,2026-03-27,mod1368,94,237663,2024-02-14,2025-04-28
mfy1369,20260923-0284,2026-09-23,mod1369,500,1531315,2025-02-07,2025-04-01
mfy1370,20260803-0998,2026-08-03,mod1370,222,371247,2024-06-01,2025-03-31
mfy1371,20260923-0792,2026-09-23,mod1371,0,503907,2024-10-04,2024-10-19
mfy1372,20260923-0948,2026-09-23,mod1372,15,401945,2025-09-10,2026-01-09
mfy1373,20260923-0961,2026-09-23,mod1373,506,394960,2024-07-28,2024-09-08
mfy1374,20260228-0999,2026-02-28,mod1374,175,206340,2024-12-03,2024-12-18
mfy1375,20260822-0987,2026-08-22,mod1375,176,392424,2023-07-18,2024-06-03
mfy1376,20260802-0949,2026-08-02,mod1376,40,396186,2024-07-24,2024-07-24
mfy1377,20260607-0996,2026-06-07,mod1377,233,306219,2024-07-12,2025-07-28
mfy1378,20260611-0951,2026-06-11,mod1378,1,306334,2020-09-26,2021-05-28
mfy1379,20260609-0999,2026-06-09,mod1379,38,286128,2021-10-26,2023-07-24
mfy1380,20260808-0842,2026-08-08,mod1380,324,441560,2026-05-12,2026-08-20
mfy1381,20260923-0782,2026-09-23,mod1381,496,509308,2025-07-29,2026-06-05
mfy1382,20260923-0835,2026-09-23,mod1382,324,471526,2025-06-20,2025-11-09
mfy1383,20260923-0317,2026-09-23,mod1383,33,1359502,2024-07-15,2024-09-05
mfy1384,20260923-0538,2026-09-23,mod1384,77,797254,2024-07-15,2024-09-05
mfy1385,20260514-0995,2026-05-14,mod1385,272,299528,2025-03-07,2026-06-29
mfy1386,20260313-0993,2026-03-13,mod1386,367,233543,2025-08-04,2026-08-31
mfy1387,20260923-0555,2026-09-23,mod1387,240,766125,2025-12-12,2026-04-30
mfy1388,20260904-0981,2026-09-04,mod1388,216,405283,2025-12-12,2026-04-30
mfy1389,20260923-0287,2026-09-23,mod1389,212,1501673,2026-07-20,2026-09-16
mfy1390,20260801-0989,2026-08-01,mod1390,23,369502,2025-07-21,2025-09-02
mfy1391,20260818-0853,2026-08-18,mod1391,100,452466,2026-05-18,2026-06-15
mfy1392,20260829-0884,2026-08-29,mod1392,125,435436,2026-06-10,2026-07-04
mfy1393,20260923-0504,2026-09-23,mod1393,25,861672,2024-04-30,2024-05-24
mfy1394,20260923-0501,2026-09-23,mod1394,61,863196,2024-04-30,2024-05-24
mfy1395,20260923-0264,2026-09-23,mod1395,150,1658704,2026-05-01,2026-05-11
mfy1396,20260923-0255,2026-09-23,mod1396,571,1691542,2026-04-02,2026-07-13
mfy1397,20260923-0588,2026-09-23,mod1397,323,712488,2026-06-22,2026-08-31
mfy1398,20260727-0995,2026-07-27,mod1398,86,368719,2026-01-30,2026-05-13
mfy1399,20260803-0966,2026-08-03,mod1399,42,388664,2026-05-11,2026-05-15
mfy1400,20260902-0895,2026-09-02,mod1400,9,440950,2026-07-06,2026-07-06
mfy1401,20260710-0921,2026-07-10,mod1401,4,414482,2025-12-03,2026-01-21
mfy1402,20260629-0949,2026-06-29,mod1402,37,364886,2024-08-29,2025-08-22
mfy1403,20260331-0989,2026-03-31,mod1403,221,245430,2025-03-16,2025-10-15
mfy1404,20260829-0954,2026-08-29,mod1404,181,404041,2025-06-03,2025-12-04
mfy1405,20260919-0982,2026-09-19,mod1405,50,393642,2025-02-26,2025-08-22
mfy1406,20260702-0947,2026-07-02,mod1406,234,370150,2025-07-25,2025-10-15
mfy1407,20260703-0999,2026-07-03,mod1407,16,340531,2025-04-14,2025-12-12
mfy1408,20260911-0951,2026-09-11,mod1408,171,411289,2025-10-07,2026-04-23
mfy1409,20260923-0920,2026-09-23,mod1409,64,417816,2025-10-16,2026-05-20
mfy1410,20260923-0472,2026-09-23,mod1410,64,938917,2025-10-16,2026-08-26
mfy1411,20260812-0923,2026-08-12,mod1411,2903,384688,2026-05-25,2026-06-12
mfy1412,20260915-1000,2026-09-15,mod1412,38,388275,2026-03-11,2026-04-17
mfy1413,20260622-0986,2026-06-22,mod1413,60,344397,2026-04-13,2026-04-24
mfy1414,20260816-0966,2026-08-16,mod1414,81,390352,2026-06-23,2026-06-26
mfy1415,20260828-0963,2026-08-28,mod1415,7,390316,2021-10-15,2022-08-06
mfy1416,20260923-0718,2026-09-23,mod1416,154,563601,2026-07-14,2026-08-27
mfy1417,20260825-0976,2026-08-25,mod1417,420,404474,2026-04-20,2026-08-24
mfy1418,20260923-0398,2026-09-23,mod1418,63,1081037,2026-04-24,2026-08-25
mfy1419,20260923-0636,2026-09-23,mod1419,190,643301,2026-04-24,2026-08-24
mfy1420,20260923-0527,2026-09-23,mod1420,1125,817398,2026-05-15,2026-09-10
mfy1421,20260423-0962,2026-04-23,mod1421,483,284687,2026-03-18,2026-07-09
mfy1422,20260813-0946,2026-08-13,mod1422,7,382884,2026-05-19,2026-06-03
mfy1423,20260721-0968,2026-07-21,mod1423,186,359901,2024-09-10,2025-02-14
mfy1424,20260923-0932,2026-09-23,mod1424,626,410268,2025-12-17,2026-08-05
mfy1425,20260923-0626,2026-09-23,mod1425,823,658087,2025-12-04,2026-08-24
mfy1426,20260922-0977,2026-09-22,mod1426,361,386152,2025-12-06,2026-08-24
mfy1427,20260923-0426,2026-09-23,mod1427,179,1022220,2025-12-20,2026-08-24
mfy1428,20260923-0110,2026-09-23,mod1428,122,3784768,2026-03-07,2026-03-20
mfy1429,20260923-0344,2026-09-23,mod1429,428,1240747,2026-03-10,2026-08-25
mfy1430,20260629-0999,2026-06-29,mod1430,262,337878,2026-03-10,2026-08-24
mfy1431,20260923-0539,2026-09-23,mod1431,438,793158,2026-03-10,2026-08-24
mfy1432,20260824-0981,2026-08-24,mod1432,329,402615,2026-06-03,2026-08-24
mfy1433,20260906-0985,2026-09-06,mod1433,324,405328,2026-06-03,2026-08-24
mfy1434,20260923-0691,2026-09-23,mod1434,221,587306,2026-08-01,2026-08-24
mfy1435,20260923-0465,2026-09-23,mod1435,432,949080,2026-08-04,2026-09-10
mfy1436,20260902-0945,2026-09-02,mod1436,128,421857,2026-06-24,2026-07-07
mfy1437,20260803-0987,2026-08-03,mod1437,164,379671,2025-08-21,2025-11-25
mfy1438,20260513-0974,2026-05-13,mod1438,50,306756,2025-10-22,2026-09-02
mfy1439,20260923-0976,2026-09-23,mod1439,520,384915,2025-08-12,2026-03-05
mfy1440,20260612-0993,2026-06-12,mod1440,9,285921,2025-09-22,2026-01-08
mfy1441,20260611-0978,2026-06-11,mod1441,138,295394,2026-02-04,2026-04-21
mfy1442,20260803-1000,2026-08-03,mod1442,171,369232,2025-11-15,2026-05-07
mfy1443,20260923-0733,2026-09-23,mod1443,61,554203,2023-12-28,2026-08-05
mfy1444,20260822-0969,2026-08-22,mod1444,1535,403245,2025-04-15,2026-06-29
mfy1445,20260923-0713,2026-09-23,mod1445,1147,568135,2025-08-04,2026-08-05
mfy1446,20260709-0994,2026-07-09,mod1446,2593,368116,2025-12-31,2026-03-02
mfy1447,20260912-0946,2026-09-12,mod1447,14,410677,2025-09-05,2025-09-05
mfy1448,20260729-0993,2026-07-29,mod1448,11,369203,2025-09-05,2025-09-05
mfy1449,20260923-0705,2026-09-23,mod1449,16,576416,2025-09-10,2025-12-06
mfy1450,20260923-0549,2026-09-23,mod1450,17,781484,2025-09-09,2025-09-09
mfy1451,20260427-0987,2026-04-27,mod1451,30,278040,2025-07-08,2025-09-10
mfy1452,20260902-0904,2026-09-02,mod1452,6,437516,2025-09-09,2025-09-09
mfy1453,20260814-0974,2026-08-14,mod1453,3,375806,2026-06-15,2026-06-17
mfy1454,20260923-0312,2026-09-23,mod1454,54,1386678,2026-05-13,2026-06-02
mfy1455,20260712-0877,2026-07-12,mod1455,102,428570,2026-02-16,2026-06-30
mfy1456,20260910-0976,2026-09-10,mod1456,435,400180,2026-06-22,2026-06-30
mfy1457,20260923-0049,2026-09-23,mod1457,630,7659522,2026-05-29,2026-08-29
mfy1458,20260810-0997,2026-08-10,mod1458,195,337753,2021-06-28,2024-01-14
mfy1459,20260412-0997,2026-04-12,mod1459,15,246309,2021-10-15,2022-08-06
mfy1460,20260813-0993,2026-08-13,mod1460,8,357600,2021-10-15,2022-08-06
mfy1461,20260703-0977,2026-07-03,mod1461,122,350865,2022-07-15,2023-11-14
mfy1462,20260915-0984,2026-09-15,mod1462,99,392888,2025-05-26,2026-02-05
mfy1463,20260314-0956,2026-03-14,mod1463,324,249718,2024-08-29,2026-07-22
mfy1464,20260913-0989,2026-09-13,mod1464,39,391271,2022-02-15,2025-02-23
mfy1465,20260618-0956,2026-06-18,mod1465,715,309854,2026-04-15,2026-04-19
mfy1466,20260923-0927,2026-09-23,mod1466,74,411795,2026-08-27,2026-08-27
mfy1467,20260923-0399,2026-09-23,mod1467,1303,1080768,2026-08-19,2026-08-24
mfy1468,20260923-0372,2026-09-23,mod1468,193,1154062,2025-12-23,2026-02-09
mfy1469,20260812-0963,2026-08-12,mod1469,179,355059,2021-11-22,2023-11-16
mfy1470,20260607-0995,2026-06-07,mod1470,70,306213,2020-05-14,2025-03-03
mfy1471,20260327-0881,2026-03-27,mod1471,8,291974,2025-01-24,2025-08-11
mfy1472,20260514-0605,2026-05-14,mod1472,39,572360,2025-02-11,2025-08-11
mfy1473,20260923-0775,2026-09-23,mod1473,3,515382,2025-03-01,2025-07-23
mfy1474,20260506-0750,2026-05-06,mod1474,4,431845,2025-12-01,2025-12-05
mfy1475,20260923-0988,2026-09-23,mod1475,74,378833,2025-09-03,2025-09-04
mfy1476,20260923-0612,2026-09-23,mod1476,264,684160,2025-02-07,2025-02-08
mfy1477,20260923-0019,2026-09-23,mod1477,4167,15369111,2019-02-18,2024-02-19
mfy1478,20260923-0334,2026-09-23,mod1478,360,1288549,2019-08-21,2024-02-19
mfy1479,20260904-0994,2026-09-04,mod1479,205,401897,2019-05-08,2024-02-19
mfy1480,20260424-0992,2026-04-24,mod1480,377,273826,2019-11-05,2024-02-19
mfy1481,20260405-0990,2026-04-05,mod1481,289,240953,2019-01-08,2024-02-19
mfy1482,20260715-0959,2026-07-15,mod1482,135,375520,2019-11-06,2024-02-19
mfy1483,20260923-0307,2026-09-23,mod1483,167,1410776,2021-09-08,2022-10-04
mfy1484,20260923-0011,2026-09-23,mod1484,1566,22273401,2021-05-12,2024-02-29
mfy1485,20260923-0041,2026-09-23,mod1485,2100,8432499,2022-01-26,2023-09-15
mfy1486,20260923-0185,2026-09-23,mod1486,310,2261374,2022-04-22,2022-10-04
mfy1487,20260923-0083,2026-09-23,mod1487,5291,4864991,2025-08-04,2025-08-26
mfy1488,20260923-0062,2026-09-23,mod1488,5085,6687871,2025-08-04,2025-08-26
mfy1489,20260830-0995,2026-08-30,mod1489,1737,391279,2026-04-17,2026-04-22
mfy1490,20260923-0277,2026-09-23,mod1490,289,1611722,2022-09-26,2024-02-29
mfy1491,20260923-0088,2026-09-23,mod1491,6348,4712119,2023-11-07,2024-08-12
mfy1492,20260923-0063,2026-09-23,mod1492,3386,6586069,2024-10-01,2024-10-04
mfy1493,20260822-0995,2026-08-22,mod1493,296,389108,2022-09-26,2024-02-29
mfy1494,20260923-0141,2026-09-23,mod1494,603,2935549,2022-09-26,2024-02-29
mfy1495,20260923-0262,2026-09-23,mod1495,447,1672273,2022-09-26,2024-02-29
mfy1496,20260726-0999,2026-07-26,mod1496,1296,365409,2025-01-12,2026-08-18
mfy1497,20260923-0613,2026-09-23,mod1497,1489,684080,2026-02-03,2026-08-18
mfy1498,20260923-0951,2026-09-23,mod1498,1218,401121,2026-05-11,2026-08-17
mfy1499,20260830-0999,2026-08-30,mod1499,1098,389190,2025-08-24,2026-08-18
mfy1500,20260923-0726,2026-09-23,mod1500,1146,559190,2026-05-21,2026-08-17
mfy1501,20260923-0717,2026-09-23,mod1501,1669,564365,2026-09-06,2026-09-29
mfy1502,20260923-0959,2026-09-23,mod1502,41,395277,2026-09-06,2026-09-06
mfy1503,20260911-0991,2026-09-11,mod1503,1601,393076,2026-04-03,2026-08-18
mfy1504,20260515-0808,2026-05-15,mod1504,356,409168,2025-09-17,2026-04-09
mfy1505,20260711-0999,2026-07-11,mod1505,158,360123,2026-04-02,2026-04-14
mfy1506,20260923-0605,2026-09-23,mod1506,83,695523,2024-07-08,2025-03-25
mfy1507,20260923-0591,2026-09-23,mod1507,82,710502,2024-06-27,2025-03-25
mfy1508,20260614-0958,2026-06-14,mod1508,187,232485,2024-06-27,2025-03-25
mfy1509,20260822-0990,2026-08-22,mod1509,58,390936,2024-11-20,2025-09-11
mfy1510,20260514-0974,2026-05-14,mod1510,104,308128,2024-11-20,2025-03-25
mfy1511,20260816-0991,2026-08-16,mod1511,84,377636,2025-04-10,2025-09-11
mfy1512,20260620-0989,2026-06-20,mod1512,10,338464,2025-04-18,2025-04-23
mfy1513,20260813-0969,2026-08-13,mod1513,11,371004,2025-04-17,2025-09-11
mfy1514,20260619-0969,2026-06-19,mod1514,8,348397,2025-04-17,2025-09-11
mfy1515,20260315-0998,2026-03-15,mod1515,27,232614,2025-08-25,2025-08-29
mfy1516,20260409-0998,2026-04-09,mod1516,7,240612,2025-08-25,2025-08-29
mfy1517,20260923-0994,2026-09-23,mod1517,9,377537,2025-08-29,2025-09-08
mfy1518,20260224-1000,2026-02-24,mod1518,0,190670,2025-07-18,2025-08-05
mfy1519,20260301-0999,2026-03-01,mod1519,2,210710,2025-07-16,2025-08-05
mfy1520,20260401-0997,2026-04-01,mod1520,23,235398,2025-07-16,2025-08-05
mfy1521,20260315-0993,2026-03-15,mod1521,18,234600,2025-05-30,2025-07-23
mfy1522,20260729-0981,2026-07-29,mod1522,411,375192,2026-02-06,2026-03-20
mfy1523,20260914-0994,2026-09-14,mod1523,203,389361,2026-05-25,2026-05-26
mfy1524,20260912-0999,2026-09-12,mod1524,25,390188,2024-12-17,2025-08-15
mfy1525,20260412-0900,2026-04-12,mod1525,12,294102,2025-10-10,2025-10-10
mfy1526,20260628-0906,2026-06-28,mod1526,19,385367,2024-07-17,2025-06-30
mfy1527,20260504-0882,2026-05-04,mod1527,10,342328,2024-07-17,2025-06-30
mfy1528,20260705-0995,2026-07-05,mod1528,2,346834,2025-01-21,2026-02-24
mfy1529,20260923-0894,2026-09-23,mod1529,258,437322,2024-06-10,2026-02-17
mfy1530,20260730-0998,2026-07-30,mod1530,0,366150,2025-10-21,2025-10-21
mfy1531,20260801-0995,2026-08-01,mod1531,0,364281,2025-10-21,2025-10-21
mfy1532,20260721-0988,2026-07-21,mod1532,0,348128,2025-10-21,2025-10-21
mfy1533,20260923-0823,2026-09-23,mod1533,0,477653,2025-10-21,2025-10-21
mfy1534,20260923-0802,2026-09-23,mod1534,0,498569,2025-10-21,2025-10-21
mfy1535,20260729-0988,2026-07-29,mod1535,0,370461,2025-10-21,2025-10-21
mfy1536,20260729-1000,2026-07-29,mod1536,0,366224,2025-10-21,2025-10-21
mfy1537,20260514-1000,2026-05-14,mod1537,0,298074,2024-11-08,2024-11-08
mfy1538,20260919-0966,2026-09-19,mod1538,1675,401349,2026-08-27,2026-08-27
mfy1539,20260804-0995,2026-08-04,mod1539,53,378179,2023-12-09,2024-03-26
mfy1540,20260923-0631,2026-09-23,mod1540,1,650089,2024-09-20,2024-10-09
mfy1541,20260923-0276,2026-09-23,mod1541,506,1630945,2026-06-21,2026-06-25
mfy1542,20260923-0914,2026-09-23,mod1542,83,422854,2026-06-26,2026-06-26
mfy1543,20260923-0229,2026-09-23,mod1543,1055,1841378,2026-06-25,2026-07-18
mfy1544,20260806-1000,2026-08-06,mod1544,253,358182,2026-06-23,2026-06-25
mfy1545,20260909-0993,2026-09-09,mod1545,186,400467,2026-06-25,2026-06-25
mfy1546,20260923-0437,2026-09-23,mod1546,546,1006079,2026-06-21,2026-06-25
mfy1547,20260923-0148,2026-09-23,mod1547,671,2812798,2026-06-25,2026-06-25
mfy1548,20260921-0949,2026-09-21,mod1548,641,401565,2026-08-18,2026-08-23
mfy1549,20260923-0872,2026-09-23,mod1549,26,447813,2026-08-18,2026-08-24
mfy1550,20260923-0103,2026-09-23,mod1550,458,3999928,2026-08-18,2026-08-24
mfy1551,20260920-0993,2026-09-20,mod1551,56,382663,2026-08-18,2026-08-20
mfy1552,20260923-0410,2026-09-23,mod1552,53,1045341,2026-08-18,2026-08-26
mfy1553,20260923-0687,2026-09-23,mod1553,89,594111,2026-08-18,2026-08-23
mfy1554,20260920-0996,2026-09-20,mod1554,8,381537,2026-08-18,2026-08-24
mfy1555,20260923-0316,2026-09-23,mod1555,37,1363202,2026-08-18,2026-08-24
mfy1556,20260923-0902,2026-09-23,mod1556,17,433300,2026-08-18,2026-08-29
mfy1557,20260923-0816,2026-09-23,mod1557,330,483340,2026-08-18,2026-08-23
mfy1558,20260923-0077,2026-09-23,mod1558,439,5308467,2026-08-19,2026-08-24
mfy1559,20260923-0520,2026-09-23,mod1559,12,832806,2026-08-26,2026-08-26
mfy1560,20260921-0983,2026-09-21,mod1560,3,383188,2025-08-21,2025-08-29
mfy1561,20260422-0862,2026-04-22,mod1561,581,322882,2026-01-28,2026-08-11
mfy1562,20260624-0979,2026-06-24,mod1562,37,357361,2026-02-26,2026-05-29
mfy1563,20260916-0890,2026-09-16,mod1563,68,442728,2026-05-29,2026-06-10
mfy1564,20260923-0397,2026-09-23,mod1564,44,1082571,2026-01-20,2026-09-30
mfy1565,20260923-0915,2026-09-23,mod1565,23,422445,2025-06-06,2025-07-22
mfy1566,20260313-0996,2026-03-13,mod1566,1,232280,2025-06-12,2025-08-29
mfy1567,20260923-0658,2026-09-23,mod1567,75,621989,2025-06-04,2025-07-22
mfy1568,20260923-0817,2026-09-23,mod1568,13,480887,2025-06-06,2025-07-22
mfy1569,20260411-1000,2026-04-11,mod1569,32,245360,2023-01-09,2023-01-09
mfy1570,20260910-0965,2026-09-10,mod1570,29,405304,2026-04-17,2026-07-05
mfy1571,20260923-0789,2026-09-23,mod1571,376,505295,2021-11-23,2023-12-28
mfy1572,20260328-0989,2026-03-28,mod1572,56,238216,2024-11-22,2024-12-04
mfy1573,20260923-0183,2026-09-23,mod1573,293,2283129,2023-02-21,2024-09-17
mfy1574,20260923-0503,2026-09-23,mod1574,190,862155,2026-08-14,2026-09-02
mfy1575,20260923-0796,2026-09-23,mod1575,330,500830,2026-08-19,2026-09-10
mfy1576,20260923-0375,2026-09-23,mod1576,209,1144704,2026-08-24,2026-09-10
mfy1577,20260319-0981,2026-03-19,mod1577,0,244868,2025-11-19,2025-11-19
mfy1578,20260923-0448,2026-09-23,mod1578,2,978056,2023-09-20,2024-03-06
mfy1579,20260321-0997,2026-03-21,mod1579,0,238701,2024-07-04,2024-07-04
mfy1580,20260923-0389,2026-09-23,mod1580,0,1111204,2025-11-13,2025-11-17
mfy1581,20260923-0478,2026-09-23,mod1581,19,926692,2024-06-05,2024-07-01
mfy1582,20260424-0780,2026-04-24,mod1582,5,382501,2024-05-21,2024-07-01
mfy1583,20260923-0969,2026-09-23,mod1583,17,388736,2024-05-21,2024-07-01
mfy1584,20260923-0762,2026-09-23,mod1584,8,528044,2025-01-31,2025-02-06
mfy1585,20260630-0964,2026-06-30,mod1585,28,355350,2025-01-31,2025-02-06
mfy1586,20260730-0966,2026-07-30,mod1586,225,384887,2026-01-14,2026-06-02
mfy1587,20260812-0919,2026-08-12,mod1587,0,386060,2026-07-08,2026-07-09
mfy1588,20260923-0777,2026-09-23,mod1588,29,513744,2026-08-14,2026-08-15
mfy1589,20260510-0996,2026-05-10,mod1589,267,295141,2021-04-01,2022-12-23
mfy1590,20260402-0997,2026-04-02,mod1590,20,238010,2021-12-14,2021-12-29
mfy1591,20260514-0946,2026-05-14,mod1591,44,319966,2025-07-21,2026-03-13
mfy1592,20260826-0991,2026-08-26,mod1592,770,397647,2024-02-16,2024-03-15
mfy1593,20260923-0650,2026-09-23,mod1593,64,629041,2026-06-05,2026-09-23
mfy1594,20260923-0627,2026-09-23,mod1594,177,657220,2026-07-21,2026-08-06
mfy1595,20260923-0890,2026-09-23,mod1595,190,439164,2026-07-21,2026-08-25
mfy1596,20260509-0980,2026-05-09,mod1596,0,301559,2024-07-04,2025-01-01
mfy1597,20260814-0972,2026-08-14,mod1597,5,376244,2020-08-13,2021-10-27
mfy1598,20260312-0984,2026-03-12,mod1598,27,238248,2020-08-13,2021-10-27
mfy1599,20260923-0463,2026-09-23,mod1599,148,950616,2020-08-13,2021-10-27
mfy1600,20260613-0368,2026-06-13,mod1600,5,749392,2026-01-26,2026-02-11
mfy1601,20260708-0704,2026-07-08,mod1601,9,580397,2026-07-24,2026-07-24
mfy1602,20260923-0908,2026-09-23,mod1602,66,427819,2024-10-02,2024-12-03
mfy1603,20260923-0866,2026-09-23,mod1603,872,449617,2026-07-14,2026-07-17
mfy1604,20260923-0388,2026-09-23,mod1604,256,1111270,2026-07-14,2026-07-14
mfy1605,20260923-0147,2026-09-23,mod1605,1936,2815980,2026-09-17,2026-09-25
mfy1606,20260923-0625,2026-09-23,mod1606,1393,658722,2026-07-14,2026-08-31
mfy1607,20260923-0392,2026-09-23,mod1607,198,1102708,2026-07-14,2026-07-14
mfy1608,20260923-0970,2026-09-23,mod1608,158,387780,2026-04-20,2026-06-10
mfy1609,20260528-0996,2026-05-28,mod1609,43,303205,2022-01-28,2024-09-05
mfy1610,20260923-0309,2026-09-23,mod1610,161,1393645,2021-05-07,2021-05-18
mfy1611,20260327-0992,2026-03-27,mod1611,22,235937,2025-05-31,2025-11-12
mfy1612,20260516-0981,2026-05-16,mod1612,6,301208,2025-05-20,2025-05-20
mfy1613,20260421-0990,2026-04-21,mod1613,4,269577,2024-12-17,2024-12-25
mfy1614,20260923-0909,2026-09-23,mod1614,17,426718,2026-07-23,2026-07-24
mfy1615,20260326-0982,2026-03-26,mod1615,1,243045,2025-11-09,2025-11-13
mfy1616,20260520-0977,2026-05-20,mod1616,2,308526,2026-03-26,2026-09-24
mfy1617,20260923-0078,2026-09-23,mod1617,1251,5153190,2020-12-24,2023-05-23
mfy1618,20260923-0516,2026-09-23,mod1618,117,842729,2024-04-20,2026-07-09
mfy1619,20260319-0978,2026-03-19,mod1619,0,245440,2026-01-24,2026-01-24
mfy1620,20260410-0642,2026-04-10,mod1620,0,454875,2026-02-26,2026-02-26
mfy1621,20260921-0955,2026-09-21,mod1621,8,396181,2026-06-27,2026-07-03
mfy1622,20260923-0509,2026-09-23,mod1622,242,850985,2022-03-02,2024-05-10
mfy1623,20260517-0987,2026-05-17,mod1623,56,294739,2022-03-02,2024-05-10
mfy1624,20260923-0508,2026-09-23,mod1624,699,851459,2022-03-02,2024-05-10
mfy1625,20260923-0073,2026-09-23,mod1625,1958,5697419,2023-09-22,2024-05-10
mfy1626,20260916-0989,2026-09-16,mod1626,1331,391974,2022-03-02,2024-05-10
mfy1627,20260607-0989,2026-06-07,mod1627,218,307523,2023-09-22,2024-05-10
mfy1628,20260923-0050,2026-09-23,mod1628,3864,7637943,2023-11-16,2024-05-10
mfy1629,20260923-0075,2026-09-23,mod1629,2047,5471669,2025-04-15,2025-09-29
mfy1630,20260923-0700,2026-09-23,mod1630,242,579802,2022-03-02,2024-05-10
mfy1631,20260923-0064,2026-09-23,mod1631,179,6472020,2023-11-13,2024-05-10
mfy1632,20260812-0995,2026-08-12,mod1632,2,340228,2024-10-24,2024-10-25
mfy1633,20260517-0989,2026-05-17,mod1633,17,292536,2023-02-27,2023-03-29
mfy1634,20260521-0994,2026-05-21,mod1634,19,301875,2021-11-22,2023-02-20
mfy1635,20260923-0402,2026-09-23,mod1635,104,1071936,2021-11-22,2024-07-08
mfy1636,20260523-0998,2026-05-23,mod1636,7,300315,2025-09-27,2025-10-11
mfy1637,20260616-0899,2026-06-16,mod1637,43,267443,2023-12-22,2024-05-14
mfy1638,20260318-0984,2026-03-18,mod1638,0,242064,2023-12-14,2023-12-14
mfy1639,20260923-0394,2026-09-23,mod1639,9,1099002,2024-01-16,2026-09-27
mfy1640,20260519-0991,2026-05-19,mod1640,14,295926,2024-05-09,2026-09-27
mfy1641,20260923-0345,2026-09-23,mod1641,3,1236692,2024-01-15,2026-09-24
mfy1642,20260923-0422,2026-09-23,mod1642,37,1028041,2024-06-13,2026-08-20
mfy1643,20260914-0981,2026-09-14,mod1643,4,393395,2024-01-16,2026-09-24
mfy1644,20260901-0988,2026-09-01,mod1644,6,398050,2024-01-16,2024-07-15
mfy1645,20260923-0574,2026-09-23,mod1645,297,732543,2025-07-28,2025-07-29
mfy1646,20260717-0989,2026-07-17,mod1646,11,357710,2025-12-03,2025-12-03
mfy1647,20260726-0994,2026-07-26,mod1647,14,368630,2026-04-03,2026-07-23
mfy1648,20260325-0975,2026-03-25,mod1648,8,249184,2025-10-28,2025-12-03
mfy1649,20260923-0957,2026-09-23,mod1649,11,396270,2025-08-01,2025-09-05
mfy1650,20260923-0390,2026-09-23,mod1650,45,1107322,2025-10-04,2025-10-08
mfy1651,20260816-0959,2026-08-16,mod1651,12,392892,2025-10-22,2025-10-22
mfy1652,20260923-0967,2026-09-23,mod1652,44,390640,2026-02-26,2026-03-02
mfy1653,20260522-0917,2026-05-22,mod1653,18,343568,2026-02-25,2026-02-26
mfy1654,20260923-0474,2026-09-23,mod1654,28,935273,2026-03-03,2026-03-04
mfy1655,20260921-0968,2026-09-21,mod1655,25,389183,2026-04-22,2026-04-23
mfy1656,20260923-0563,2026-09-23,mod1656,36,752905,2026-04-17,2026-04-17
mfy1657,20260923-0101,2026-09-23,mod1657,362,4097136,2023-11-26,2024-10-09
mfy1658,20260301-0990,2026-03-01,mod1658,396,213319,2023-09-24,2024-01-04
mfy1659,20260301-0964,2026-03-01,mod1659,787,223154,2023-09-24,2024-03-19
mfy1660,20260405-0993,2026-04-05,mod1660,2443,238820,2025-08-02,2025-08-18
mfy1661,20260923-0819,2026-09-23,mod1661,1245,478990,2025-09-22,2025-09-22
mfy1662,20260319-0977,2026-03-19,mod1662,9,246924,2024-04-27,2024-04-30
mfy1663,20260923-0674,2026-09-23,mod1663,229,611462,2024-02-29,2024-04-18
mfy1664,20260923-0609,2026-09-23,mod1664,172,687447,2024-05-31,2024-10-22
mfy1665,20260718-0991,2026-07-18,mod1665,201,361912,2024-06-03,2024-08-21
mfy1666,20260923-0660,2026-09-23,mod1666,164,619743,2024-06-03,2024-06-06
mfy1667,20260919-0997,2026-09-19,mod1667,688,386509,2024-06-04,2024-08-21
mfy1668,20260828-0991,2026-08-28,mod1668,551,377320,2024-07-31,2025-01-12
mfy1669,20260923-0207,2026-09-23,mod1669,520,1995720,2024-08-28,2025-01-12
mfy1670,20260923-0568,2026-09-23,mod1670,1287,747298,2024-08-28,2025-02-06
mfy1671,20260923-0272,2026-09-23,mod1671,48,1643272,2024-08-29,2024-09-25
mfy1672,20260923-0270,2026-09-23,mod1672,457,1645049,2024-09-15,2024-09-25
mfy1673,20260923-0038,2026-09-23,mod1673,635,8667097,2024-09-16,2024-09-25
mfy1674,20260923-0514,2026-09-23,mod1674,224,843517,2024-09-15,2024-10-08
mfy1675,20260923-0045,2026-09-23,mod1675,851,7919767,2024-09-17,2024-09-25
mfy1676,20260904-0964,2026-09-04,mod1676,7,416412,2024-09-18,2024-10-09
mfy1677,20260508-0982,2026-05-08,mod1677,95,297187,2024-09-18,2024-09-20
mfy1678,20260923-0202,2026-09-23,mod1678,370,2058944,2024-09-16,2024-09-25
mfy1679,20260923-0205,2026-09-23,mod1679,39,2035762,2024-09-18,2024-10-09
mfy1680,20260408-0981,2026-04-08,mod1680,174,251429,2024-09-15,2024-09-20
mfy1681,20260923-0200,2026-09-23,mod1681,362,2080104,2024-09-17,2024-09-25
mfy1682,20260923-0391,2026-09-23,mod1682,102,1105346,2024-09-18,2024-10-09
mfy1683,20260923-0780,2026-09-23,mod1683,41,510205,2024-09-17,2024-10-09
mfy1684,20260723-0991,2026-07-23,mod1684,198,364066,2024-09-15,2024-09-20
mfy1685,20260923-0093,2026-09-23,mod1685,575,4402347,2024-09-17,2024-09-25
mfy1686,20260923-0897,2026-09-23,mod1686,17,436183,2024-09-18,2024-10-09
mfy1687,20260909-0956,2026-09-09,mod1687,181,414573,2024-09-18,2024-09-20
mfy1688,20260917-0980,2026-09-17,mod1688,989,395724,2024-09-16,2025-01-12
mfy1689,20260923-0790,2026-09-23,mod1689,78,504950,2024-09-18,2024-10-09
mfy1690,20260923-0592,2026-09-23,mod1690,319,710518,2024-09-15,2024-09-25
mfy1691,20260923-0034,2026-09-23,mod1691,2234,9680677,2024-09-16,2025-01-12
mfy1692,20260923-0120,2026-09-23,mod1692,53,3472113,2024-09-18,2024-10-09
mfy1693,20260424-0972,2026-04-24,mod1693,66,281319,2024-11-06,2024-11-18
mfy1694,20260923-0956,2026-09-23,mod1694,108,398509,2024-09-18,2024-11-18
mfy1695,20260923-0731,2026-09-23,mod1695,146,554957,2024-09-18,2025-01-12
mfy1696,20260923-0219,2026-09-23,mod1696,188,1885496,2024-11-06,2025-01-12
mfy1697,20260923-0449,2026-09-23,mod1697,25,977907,2024-11-10,2025-01-12
mfy1698,20260923-0353,2026-09-23,mod1698,2151,1215976,2024-11-06,2025-01-12
mfy1699,20260923-0293,2026-09-23,mod1699,41,1460157,2024-11-10,2024-11-18
mfy1700,20260623-0934,2026-06-23,mod1700,52,376326,2024-11-08,2024-11-18
mfy1701,20260923-0659,2026-09-23,mod1701,128,620275,2024-11-06,2025-01-12
mfy1702,20260923-0615,2026-09-23,mod1702,172,681808,2024-09-16,2024-11-18
mfy1703,20260923-0163,2026-09-23,mod1703,803,2486797,2024-09-17,2025-01-12
mfy1704,20260923-0467,2026-09-23,mod1704,29,947811,2024-09-20,2024-11-18
mfy1705,20260923-0810,2026-09-23,mod1705,16,490259,2024-09-20,2024-11-18
mfy1706,20260909-0858,2026-09-09,mod1706,112,466072,2024-09-16,2024-09-23
mfy1707,20260719-0984,2026-07-19,mod1707,57,358177,2024-09-16,2024-09-23
mfy1708,20260526-0954,2026-05-26,mod1708,111,321274,2024-09-16,2024-09-23
mfy1709,20260312-0954,2026-03-12,mod1709,89,248392,2024-09-19,2024-09-23
mfy1710,20260909-0998,2026-09-09,mod1710,351,397772,2025-04-30,2025-04-30
mfy1711,20260802-0988,2026-08-02,mod1711,1922,374740,2025-03-22,2025-04-30
mfy1712,20260923-0414,2026-09-23,mod1712,501,1038752,2025-03-21,2025-04-14
mfy1713,20260923-0557,2026-09-23,mod1713,65,765135,2025-03-26,2025-04-06
mfy1714,20260923-0175,2026-09-23,mod1714,704,2353145,2025-01-26,2025-04-06
mfy1715,20260904-0987,2026-09-04,mod1715,66,404210,2025-02-13,2025-04-06
mfy1716,20260818-0974,2026-08-18,mod1716,649,389797,2025-01-27,2025-06-06
mfy1717,20260923-0061,2026-09-23,mod1717,1720,6792337,2025-01-26,2025-04-06
mfy1718,20260923-0225,2026-09-23,mod1718,107,1848772,2025-02-15,2025-04-06
mfy1719,20260923-0008,2026-09-23,mod1719,1672,26662605,2025-04-27,2025-07-26
mfy1720,20260923-0581,2026-09-23,mod1720,195,719629,2025-04-28,2025-07-26
mfy1721,20260903-0980,2026-09-03,mod1721,62,393879,2025-04-28,2025-07-26
mfy1722,20260923-0116,2026-09-23,mod1722,555,3575447,2025-04-27,2025-07-26
mfy1723,20260923-0281,2026-09-23,mod1723,79,1544499,2025-04-28,2025-07-26
mfy1724,20260626-0997,2026-06-26,mod1724,7,340088,2025-05-08,2025-05-21
mfy1725,20260923-0192,2026-09-23,mod1725,478,2171215,2025-04-27,2025-07-26
mfy1726,20260923-0158,2026-09-23,mod1726,74,2611687,2025-05-01,2025-05-21
mfy1727,20260923-0934,2026-09-23,mod1727,58,409490,2025-04-28,2025-07-26
mfy1728,20260808-0972,2026-08-08,mod1728,48,368122,2025-04-28,2025-07-26
mfy1729,20260828-0990,2026-08-28,mod1729,1108,377526,2025-04-27,2025-07-26
mfy1730,20260923-0926,2026-09-23,mod1730,150,412454,2025-07-21,2025-09-17
mfy1731,20260923-0252,2026-09-23,mod1731,948,1717718,2025-04-27,2025-07-26
mfy1732,20260711-0988,2026-07-11,mod1732,84,364369,2025-04-28,2025-07-26
mfy1733,20260909-0982,2026-09-09,mod1733,79,402567,2025-05-05,2025-05-21
mfy1734,20260907-0992,2026-09-07,mod1734,55,397951,2025-05-05,2025-05-21
mfy1735,20260923-0546,2026-09-23,mod1735,840,784506,2025-07-28,2025-09-17
mfy1736,20260923-0878,2026-09-23,mod1736,133,443857,2025-07-28,2025-09-17
mfy1737,20260407-0864,2026-04-07,mod1737,372,300291,2025-07-29,2025-08-17
mfy1738,20260923-0081,2026-09-23,mod1738,749,5004257,2025-04-27,2025-07-26
mfy1739,20260923-0521,2026-09-23,mod1739,139,830835,2025-05-01,2025-05-21
mfy1740,20260611-0851,2026-06-11,mod1740,83,358732,2025-04-28,2025-07-26
mfy1741,20260923-0056,2026-09-23,mod1741,712,7043656,2025-04-27,2025-07-26
mfy1742,20260818-0987,2026-08-18,mod1742,32,382524,2025-05-05,2025-05-21
mfy1743,20260923-0285,2026-09-23,mod1743,98,1529775,2025-04-28,2025-07-26
mfy1744,20260311-0961,2026-03-11,mod1744,38,245790,2025-04-28,2025-07-26
mfy1745,20260923-0960,2026-09-23,mod1745,163,395042,2025-05-05,2025-05-21
mfy1746,20260923-0104,2026-09-23,mod1746,974,3963155,2025-08-05,2025-09-17
mfy1747,20260923-0476,2026-09-23,mod1747,84,932155,2025-08-06,2025-09-17
mfy1748,20260923-0941,2026-09-23,mod1748,617,406813,2025-08-05,2025-08-06
mfy1749,20260923-0022,2026-09-23,mod1749,2036,12674193,2025-04-27,2025-07-26
mfy1750,20260923-0216,2026-09-23,mod1750,54,1905639,2025-05-03,2025-05-21
mfy1751,20260923-0830,2026-09-23,mod1751,127,473864,2025-04-28,2025-05-21
mfy1752,20260923-0570,2026-09-23,mod1752,64,742905,2025-04-28,2025-07-26
mfy1753,20260923-0814,2026-09-23,mod1753,290,486810,2025-05-03,2025-05-21
mfy1754,20260923-0692,2026-09-23,mod1754,361,587030,2026-01-28,2026-01-30
mfy1755,20260923-0198,2026-09-23,mod1755,1116,2096710,2026-01-28,2026-01-30
mfy1756,20260923-0716,2026-09-23,mod1756,1251,564938,2025-07-31,2025-12-03
mfy1757,20260923-0374,2026-09-23,mod1757,207,1150065,2025-07-31,2025-12-03
mfy1758,20260923-0536,2026-09-23,mod1758,161,804279,2025-07-22,2025-08-21
mfy1759,20260923-0768,2026-09-23,mod1759,1661,520707,2026-01-30,2026-02-03
mfy1760,20260923-0370,2026-09-23,mod1760,186,1161502,2026-02-01,2026-02-03
mfy1761,20260923-0037,2026-09-23,mod1761,1243,8950682,2025-06-03,2026-04-20
mfy1762,20260923-0210,2026-09-23,mod1762,327,1980600,2025-06-03,2025-06-20
mfy1763,20260923-0159,2026-09-23,mod1763,809,2601608,2025-06-03,2025-07-07
mfy1764,20260923-0979,2026-09-23,mod1764,161,382625,2026-01-28,2026-01-30
mfy1765,20260615-0999,2026-06-15,mod1765,1027,223393,2025-09-09,2025-09-17
mfy1766,20260712-0975,2026-07-12,mod1766,91,364622,2025-09-22,2025-09-22
mfy1767,20260923-0628,2026-09-23,mod1767,1004,655621,2025-09-20,2025-09-22
mfy1768,20260917-0994,2026-09-17,mod1768,323,391812,2025-09-15,2025-09-22
mfy1769,20260923-0330,2026-09-23,mod1769,400,1299454,2025-05-29,2026-04-16
mfy1770,20260923-0165,2026-09-23,mod1770,158,2485452,2025-06-03,2026-04-16
mfy1771,20260807-0979,2026-08-07,mod1771,253,365735,2025-05-29,2026-04-16
mfy1772,20260923-0616,2026-09-23,mod1772,300,681537,2026-01-21,2026-01-29
mfy1773,20260923-0440,2026-09-23,mod1773,191,993911,2026-01-21,2026-01-29
mfy1774,20260923-0106,2026-09-23,mod1774,533,3901921,2026-01-21,2026-01-23
mfy1775,20260923-0161,2026-09-23,mod1775,1995,2520488,2026-01-21,2026-01-29
mfy1776,20260821-0996,2026-08-21,mod1776,393,387056,2026-01-21,2026-01-29
mfy1777,20260912-0984,2026-09-12,mod1777,415,394505,2025-09-22,2025-11-26
mfy1778,20260613-0977,2026-06-13,mod1778,44,225605,2025-10-01,2025-11-26
mfy1779,20260420-0974,2026-04-20,mod1779,389,270760,2025-09-22,2025-11-26
mfy1780,20260923-0128,2026-09-23,mod1780,471,3145036,2025-10-19,2025-10-23
mfy1781,20260518-0970,2026-05-18,mod1781,39,303561,2025-10-19,2025-10-20
mfy1782,20260923-0854,2026-09-23,mod1782,604,457625,2025-09-30,2025-11-26
mfy1783,20260917-0963,2026-09-17,mod1783,115,404043,2025-10-01,2025-11-26
mfy1784,20260818-0978,2026-08-18,mod1784,20,388011,2025-10-31,2025-11-01
mfy1785,20260909-0991,2026-09-09,mod1785,238,401042,2025-10-19,2025-10-21
mfy1786,20260919-0913,2026-09-19,mod1786,54,428059,2025-10-19,2025-10-22
mfy1787,20260703-0986,2026-07-03,mod1787,26,346275,2025-10-19,2025-11-26
mfy1788,20260923-0121,2026-09-23,mod1788,473,3454174,2025-10-11,2025-10-15
mfy1789,20260923-0989,2026-09-23,mod1789,67,378392,2025-10-11,2025-10-15
mfy1790,20260606-0852,2026-06-06,mod1790,111,379669,2025-10-11,2025-10-15
mfy1791,20260923-0015,2026-09-23,mod1791,1142,20117085,2025-10-11,2025-10-15
mfy1792,20260923-0181,2026-09-23,mod1792,83,2299830,2025-10-11,2025-11-26
mfy1793,20260607-0981,2026-06-07,mod1793,210,309742,2025-10-11,2025-11-26
mfy1794,20260923-0423,2026-09-23,mod1794,457,1025174,2026-01-07,2026-04-16
mfy1795,20260923-0357,2026-09-23,mod1795,481,1206471,2026-01-07,2026-04-16
mfy1796,20260923-0573,2026-09-23,mod1796,223,737916,2026-01-07,2026-04-16
mfy1797,20260708-0988,2026-07-08,mod1797,154,367688,2026-01-07,2026-04-16
mfy1798,20260923-0173,2026-09-23,mod1798,728,2378090,2026-02-28,2026-03-02
mfy1799,20260822-0967,2026-08-22,mod1799,98,405214,2026-02-28,2026-04-23
mfy1800,20260916-0917,2026-09-16,mod1800,619,430665,2026-02-24,2026-04-24
mfy1801,20260923-0483,2026-09-23,mod1801,117,910443,2026-02-25,2026-04-24
mfy1802,20260923-0917,2026-09-23,mod1802,52,419809,2026-03-03,2026-04-24
mfy1803,20260923-0223,2026-09-23,mod1803,1051,1860423,2026-02-24,2026-04-24
mfy1804,20260826-0949,2026-08-26,mod1804,137,416534,2026-02-25,2026-04-24
mfy1805,20260622-0971,2026-06-22,mod1805,55,354646,2026-03-03,2026-04-24
mfy1806,20260923-0086,2026-09-23,mod1806,415,4778485,2026-02-28,2026-03-02
mfy1807,20260919-0744,2026-09-19,mod1807,91,555643,2026-02-28,2026-04-23
mfy1808,20260923-0239,2026-09-23,mod1808,1516,1782889,2026-02-24,2026-04-24
mfy1809,20260923-0265,2026-09-23,mod1809,156,1658187,2026-02-25,2026-04-24
mfy1810,20260923-0980,2026-09-23,mod1810,92,382408,2026-03-03,2026-04-24
mfy1811,20260807-0944,2026-08-07,mod1811,1548,389976,2026-02-16,2026-04-24
mfy1812,20260923-0561,2026-09-23,mod1812,185,758636,2026-02-18,2026-04-24
mfy1813,20260923-0058,2026-09-23,mod1813,953,6968959,2026-02-27,2026-03-02
mfy1814,20260923-0781,2026-09-23,mod1814,98,509394,2026-02-27,2026-04-23
mfy1815,20260923-0035,2026-09-23,mod1815,2022,9639718,2026-02-27,2026-03-02
mfy1816,20260923-0992,2026-09-23,mod1816,115,378262,2026-02-26,2026-04-23
mfy1817,20260923-0131,2026-09-23,mod1817,2309,3121244,2026-04-21,2026-04-24
mfy1818,20260923-0080,2026-09-23,mod1818,357,5073222,2026-04-21,2026-04-24
mfy1819,20260923-0127,2026-09-23,mod1819,2864,3175353,2026-04-15,2026-04-24
mfy1820,20260923-0039,2026-09-23,mod1820,413,8638371,2026-04-15,2026-04-24
mfy1821,20260923-0059,2026-09-23,mod1821,16123,6912486,2026-08-05,2026-08-14
mfy1822,20260923-0065,2026-09-23,mod1822,853,6270143,2026-08-13,2026-08-14
mfy1823,20260923-0532,2026-09-23,mod1823,5638,807557,2026-08-26,2026-08-27
mfy1824,20260923-0750,2026-09-23,mod1824,224,541321,2026-08-26,2026-08-31
mfy1825,20260616-0771,2026-06-16,mod1825,73,328252,2025-09-23,2025-11-07
mfy1826,20260825-0980,2026-08-25,mod1826,54,403029,2025-09-23,2025-11-07
mfy1827,20260802-0979,2026-08-02,mod1827,2956,380353,2025-03-05,2025-03-11
mfy1828,20260405-0989,2026-04-05,mod1828,133,242220,2025-03-05,2025-03-11
mfy1829,20260923-0100,2026-09-23,mod1829,57,4139025,2026-07-27,2026-08-16
mfy1830,20260916-0997,2026-09-16,mod1830,81,390108,2026-08-14,2026-08-29
mfy1831,20260923-0218,2026-09-23,mod1831,96,1901307,2026-08-14,2026-08-22
mfy1832,20260923-0975,2026-09-23,mod1832,23,385374,2026-08-20,2026-08-24
mfy1833,20260923-0873,2026-09-23,mod1833,5,446729,2026-01-22,2026-01-22
mfy1834,20260922-0843,2026-09-22,mod1834,0,467728,2025-03-23,2026-08-01
mfy1835,20260923-0642,2026-09-23,mod1835,5,634762,2026-02-28,2026-07-13
mfy1836,20260918-0960,2026-09-18,mod1836,44,407961,2026-05-04,2026-08-24
mfy1837,20260905-0990,2026-09-05,mod1837,213,403546,2026-08-03,2026-08-08
mfy1838,20260812-0983,2026-08-12,mod1838,1,345808,2025-09-21,2025-09-23
mfy1839,20260805-0988,2026-08-05,mod1839,19,378281,2026-06-09,2026-08-07
mfy1840,20260717-0988,2026-07-17,mod1840,13,357727,2025-04-28,2025-06-09
mfy1841,20260629-0997,2026-06-29,mod1841,13,338111,2025-06-04,2025-06-09
mfy1842,20260919-0985,2026-09-19,mod1842,8,390967,2026-06-08,2026-09-15
mfy1843,20260812-0956,2026-08-12,mod1843,4,360280,2026-06-08,2026-08-13
mfy1844,20260709-0226,2026-07-09,mod1844,32,1972917,2026-04-06,2026-08-13
mfy1845,20260923-0460,2026-09-23,mod1845,41,960756,2026-04-06,2026-08-13
mfy1846,20260823-1000,2026-08-23,mod1846,41,391288,2026-04-05,2026-08-13
mfy1847,20260916-0980,2026-09-16,mod1847,45,396909,2026-04-03,2026-08-13
mfy1848,20260701-0996,2026-07-01,mod1848,22,343491,2026-04-06,2026-08-13
mfy1849,20260725-0993,2026-07-25,mod1849,23,363340,2026-04-06,2026-08-13
mfy1850,20260812-0971,2026-08-12,mod1850,57,350844,2026-04-03,2026-08-13
mfy1851,20260822-0968,2026-08-22,mod1851,4,403849,2024-09-26,2026-08-14
mfy1852,20260902-0989,2026-09-02,mod1852,4,396250,2024-09-25,2024-10-09
mfy1853,20260224-0936,2026-02-24,mod1853,12,209381,2025-04-25,2026-06-09
mfy1854,20260224-0999,2026-02-24,mod1854,10,190716,2024-07-31,2025-03-25
mfy1855,20260814-0964,2026-08-14,mod1855,44,378697,2024-07-23,2026-08-19
mfy1856,20260923-0856,2026-09-23,mod1856,2,456789,2026-08-13,2026-09-17
mfy1857,20260821-0942,2026-08-21,mod1857,4,414900,2024-10-09,2024-12-03
mfy1858,20260814-0998,2026-08-14,mod1858,3,365918,2024-12-02,2024-12-02
mfy1859,20260823-0977,2026-08-23,mod1859,2,401962,2026-02-27,2026-02-27
mfy1860,20260923-0430,2026-09-23,mod1860,174,1016893,2026-04-17,2026-08-13
mfy1861,20260923-0924,2026-09-23,mod1861,45,414832,2026-08-17,2026-09-28
mfy1862,20260501-0982,2026-05-01,mod1862,14,293697,2025-03-21,2025-12-08
mfy1863,20260521-0992,2026-05-21,mod1863,586,302998,2025-04-02,2025-04-02
mfy1864,20260921-0988,2026-09-21,mod1864,7,381783,2026-08-18,2026-09-30
mfy1865,20260923-0242,2026-09-23,mod1865,1798,1780129,2025-04-24,2026-06-10
mfy1866,20260522-0982,2026-05-22,mod1866,3,309118,2024-08-27,2024-08-27
mfy1867,20260826-0979,2026-08-26,mod1867,13,403512,2024-08-27,2024-10-10
mfy1868,20260923-0962,2026-09-23,mod1868,3,394388,2024-03-10,2024-03-10
mfy1869,20260322-0928,2026-03-22,mod1869,4,271280,2024-03-10,2024-03-10
mfy1870,20260923-0550,2026-09-23,mod1870,3,781317,2024-03-10,2024-03-10
mfy1871,20260923-0489,2026-09-23,mod1871,7,889813,2024-03-10,2024-03-10
mfy1872,20260604-0860,2026-06-04,mod1872,5,373531,2025-09-30,2026-06-23
mfy1873,20260923-0740,2026-09-23,mod1873,15,549880,2022-08-31,2025-03-23
mfy1874,20260808-0961,2026-08-08,mod1874,40,372276,2021-06-11,2025-03-23
mfy1875,20260923-0428,2026-09-23,mod1875,5,1022082,2025-04-24,2025-04-28
mfy1876,20260923-0306,2026-09-23,mod1876,64,1413136,2022-12-06,2023-05-18
mfy1877,20260305-0985,2026-03-05,mod1877,36,224853,2022-12-12,2023-05-18
mfy1878,20260328-0915,2026-03-28,mod1878,0,273592,2025-09-03,2025-09-03
mfy1879,20260709-0987,2026-07-09,mod1879,134,372089,2020-08-20,2023-11-16
mfy1880,20260308-0950,2026-03-08,mod1880,10,246856,2020-09-30,2020-12-11
mfy1881,20260923-0643,2026-09-23,mod1881,19,634349,2022-05-20,2023-01-31
mfy1882,20260819-0786,2026-08-19,mod1882,63,495603,2021-02-15,2023-01-31
mfy1883,20260923-0492,2026-09-23,mod1883,458,873900,2024-02-18,2026-05-08
mfy1884,20260617-0971,2026-06-17,mod1884,72,259217,2021-10-05,2024-11-08
mfy1885,20260923-0477,2026-09-23,mod1885,0,929634,2022-03-04,2023-09-11
mfy1886,20260923-0326,2026-09-23,mod1886,2,1310903,2026-06-23,2026-06-23
mfy1887,20260911-0990,2026-09-11,mod1887,25,393295,2026-06-25,2026-06-25
mfy1888,20260523-0987,2026-05-23,mod1888,25,305840,2026-04-22,2026-04-29
mfy1889,20260923-0892,2026-09-23,mod1889,82,438363,2026-04-25,2026-04-29
mfy1890,20260513-0950,2026-05-13,mod1890,95,318380,2024-05-22,2025-08-15
mfy1891,20260923-0260,2026-09-23,mod1891,892,1676719,2022-12-12,2025-02-03
mfy1892,20260923-0712,2026-09-23,mod1892,1487,569216,2022-12-13,2025-02-03
mfy1893,20260923-0667,2026-09-23,mod1893,195,616092,2022-12-12,2025-02-03
mfy1894,20260923-0598,2026-09-23,mod1894,448,707081,2023-02-06,2025-02-03
mfy1895,20260514-0965,2026-05-14,mod1895,11,310514,2023-02-07,2025-02-03
mfy1896,20260703-0886,2026-07-03,mod1896,32,405096,2024-02-11,2025-01-21
mfy1897,20260603-0983,2026-06-03,mod1897,30,315679,2024-06-14,2025-01-21
mfy1898,20260824-0983,2026-08-24,mod1898,45,400616,2025-08-06,2026-01-29
mfy1899,20260608-0947,2026-06-08,mod1899,8,326420,2024-11-01,2025-01-21
mfy1900,20260729-0932,2026-07-29,mod1900,95,408250,2024-06-14,2025-02-04
mfy1901,20260923-0318,2026-09-23,mod1901,692,1358677,2022-09-15,2026-05-13
mfy1902,20260613-0988,2026-06-13,mod1902,5,221045,2023-02-28,2024-11-14
mfy1903,20260920-0981,2026-09-20,mod1903,38,387750,2024-11-22,2025-01-31
mfy1904,20260309-0999,2026-03-09,mod1904,14,223436,2023-10-18,2026-09-22
mfy1905,20260901-0983,2026-09-01,mod1905,5,399910,2022-07-25,2026-09-22
mfy1906,20260424-0969,2026-04-24,mod1906,28,282504,2024-06-16,2024-09-24
mfy1907,20260923-0798,2026-09-23,mod1907,14,499516,2024-06-16,2024-09-24
mfy1908,20260418-0994,2026-04-18,mod1908,62,261193,2026-02-25,2026-03-02
mfy1909,20260923-0222,2026-09-23,mod1909,4,1866874,2023-11-06,2024-01-17
mfy1910,20260923-0152,2026-09-23,mod1910,44,2765454,2021-08-18,2025-03-06
mfy1911,20260923-0102,2026-09-23,mod1911,330,4053977,2021-08-30,2026-03-31
mfy1912,20260923-0001,2026-09-23,mod1912,6110,251354417,2021-08-30,2026-06-01
mfy1913,20260923-0012,2026-09-23,mod1913,1378,21841622,2021-08-30,2025-08-19
mfy1914,20260923-0647,2026-09-23,mod1914,66,629604,2021-08-18,2025-03-06
mfy1915,20260528-0999,2026-05-28,mod1915,13,302137,2021-06-22,2025-03-06
mfy1916,20260505-0985,2026-05-05,mod1916,10,288660,2020-08-28,2025-03-06
mfy1917,20260923-0401,2026-09-23,mod1917,134,1071996,2021-06-22,2025-03-06
mfy1918,20260923-0362,2026-09-23,mod1918,209,1195251,2021-06-22,2025-03-06
mfy1919,20260923-0602,2026-09-23,mod1919,349,698950,2020-10-12,2025-03-06
mfy1920,20260923-0858,2026-09-23,mod1920,21,454022,2021-09-01,2025-03-06
mfy1921,20260923-0808,2026-09-23,mod1921,44,493465,2021-06-22,2025-03-06
mfy1922,20260606-0964,2026-06-06,mod1922,10,321836,2021-09-01,2024-11-05
mfy1923,20260616-0970,2026-06-16,mod1923,15,237620,2021-04-15,2025-03-06
mfy1924,20260923-0530,2026-09-23,mod1924,138,814292,2021-08-23,2024-11-05
mfy1925,20260426-0991,2026-04-26,mod1925,42,277901,2021-08-23,2025-08-19
mfy1926,20260923-0279,2026-09-23,mod1926,194,1553679,2021-08-23,2025-08-19
mfy1927,20260923-0678,2026-09-23,mod1927,15,607365,2021-04-30,2025-08-19
mfy1928,20260923-0724,2026-09-23,mod1928,12,560004,2021-05-31,2025-03-06
mfy1929,20260901-0981,2026-09-01,mod1929,7,400168,2021-05-19,2025-03-06
mfy1930,20260923-0618,2026-09-23,mod1930,31,677112,2021-05-31,2025-03-06
mfy1931,20260923-0300,2026-09-23,mod1931,150,1449677,2021-05-19,2025-03-06
mfy1932,20260923-0246,2026-09-23,mod1932,51,1753236,2021-05-20,2025-08-19
mfy1933,20260923-0005,2026-09-23,mod1933,1410,46018600,2021-06-02,2026-01-28
mfy1934,20260923-0031,2026-09-23,mod1934,523,10053296,2021-06-02,2025-08-19
mfy1935,20260224-0992,2026-02-24,mod1935,71,192909,2021-01-11,2025-03-06
mfy1936,20260512-0987,2026-05-12,mod1936,1,296677,2021-06-23,2025-03-06
mfy1937,20260829-0988,2026-08-29,mod1937,90,385592,2026-02-20,2026-09-12
mfy1938,20260923-0807,2026-09-23,mod1938,6,494136,2026-08-14,2026-09-12
mfy1939,20260917-0983,2026-09-17,mod1939,45,394640,2026-05-11,2026-09-09
mfy1940,20260923-0744,2026-09-23,mod1940,54,545322,2021-01-11,2023-10-19
mfy1941,20260608-0983,2026-06-08,mod1941,66,313451,2020-04-07,2021-05-20
mfy1942,20260923-0773,2026-09-23,mod1942,264,516100,2023-07-31,2025-10-30
mfy1943,20260904-0944,2026-09-04,mod1943,213,426351,2024-08-05,2024-10-08
mfy1944,20260809-0979,2026-08-09,mod1944,15,353074,2026-04-24,2026-04-24
mfy1945,20260527-0983,2026-05-27,mod1945,16,310131,2025-04-15,2025-04-15
mfy1946,20260923-0649,2026-09-23,mod1946,15,629415,2026-04-26,2026-05-22
mfy1947,20260923-0747,2026-09-23,mod1947,121,542877,2021-11-22,2025-09-15
mfy1948,20260923-0431,2026-09-23,mod1948,803,1014574,2022-01-23,2024-11-14
mfy1949,20260305-0954,2026-03-05,mod1949,10,235640,2021-12-30,2023-11-24
mfy1950,20260923-0638,2026-09-23,mod1950,86,641972,2026-01-14,2026-05-03
mfy1951,20260515-0964,2026-05-15,mod1951,61,312033,2021-05-03,2021-09-23
mfy1952,20260923-0601,2026-09-23,mod1952,96,703437,2024-03-06,2024-03-16
mfy1953,20260309-0939,2026-03-09,mod1953,1,251604,2025-01-15,2025-01-15
mfy1954,20260923-0748,2026-09-23,mod1954,104,542741,2024-04-12,2024-12-19
mfy1955,20260923-0484,2026-09-23,mod1955,253,908299,2024-11-08,2025-07-28
mfy1956,20260923-0955,2026-09-23,mod1956,166,399041,2024-04-11,2024-12-13
mfy1957,20260709-0991,2026-07-09,mod1957,72,368768,2024-07-03,2025-04-24
mfy1958,20260917-0817,2026-09-17,mod1958,28,495923,2024-04-12,2024-12-04
mfy1959,20260923-0943,2026-09-23,mod1959,43,405608,2024-04-12,2024-12-13
mfy1960,20260628-0991,2026-06-28,mod1960,39,343530,2021-11-29,2022-04-28
mfy1961,20260731-0934,2026-07-31,mod1961,0,406900,2024-06-19,2024-06-19
mfy1962,20260831-0845,2026-08-31,mod1962,84,466611,2022-05-03,2022-08-23
mfy1963,20260923-0606,2026-09-23,mod1963,1,694371,2022-02-08,2022-02-08
mfy1964,20260608-0939,2026-06-08,mod1964,2,329482,2025-05-07,2026-09-11
mfy1965,20260315-0955,2026-03-15,mod1965,1,249970,2024-12-17,2026-09-24
mfy1966,20260731-0996,2026-07-31,mod1966,1,371844,2025-03-20,2026-09-07
mfy1967,20260907-0991,2026-09-07,mod1967,11,398253,2024-05-23,2024-09-03
mfy1968,20260530-0997,2026-05-30,mod1968,11,302804,2021-07-22,2024-04-17
mfy1969,20260814-0913,2026-08-14,mod1969,51,407130,2021-12-14,2024-04-17
mfy1970,20260601-0981,2026-06-01,mod1970,118,311044,2025-10-26,2025-10-26
mfy1971,20260505-0997,2026-05-05,mod1971,14,284501,2020-02-17,2021-05-19
mfy1972,20260813-0999,2026-08-13,mod1972,84,354029,2025-11-07,2026-07-01
mfy1973,20260729-0996,2026-07-29,mod1973,3,367603,2025-12-31,2025-12-31
mfy1974,20260626-0988,2026-06-26,mod1974,188,343973,2021-10-18,2024-07-23
mfy1975,20260923-0186,2026-09-23,mod1975,347,2258621,2021-03-07,2025-02-18
mfy1976,20260328-0700,2026-03-28,mod1976,9,402800,2023-08-11,2024-02-26
mfy1977,20260923-0916,2026-09-23,mod1977,0,420075,2024-03-19,2024-03-20
mfy1978,20260923-0675,2026-09-23,mod1978,325,608711,2020-06-23,2021-06-14
mfy1979,20260923-0364,2026-09-23,mod1979,36,1189491,2020-05-08,2021-05-23
mfy1980,20260828-0951,2026-08-28,mod1980,459,395574,2023-11-27,2024-07-10
mfy1981,20260923-0456,2026-09-23,mod1981,2632,968679,2023-11-27,2024-07-10
mfy1982,20260519-0994,2026-05-19,mod1982,747,294580,2023-06-22,2023-08-04
mfy1983,20260720-0878,2026-07-20,mod1983,1014,401050,2024-10-29,2024-10-31
mfy1984,20260923-0123,2026-09-23,mod1984,8220,3400989,2023-07-25,2023-10-30
mfy1985,20260412-0995,2026-04-12,mod1985,2032,247148,2023-07-26,2023-09-25
mfy1986,20260518-0993,2026-05-18,mod1986,3292,292541,2023-11-21,2024-07-10
mfy1987,20260304-0992,2026-03-04,mod1987,100,222000,2024-09-06,2024-09-06
mfy1988,20260923-0234,2026-09-23,mod1988,1280,1826369,2024-09-06,2024-09-07
mfy1989,20260923-0303,2026-09-23,mod1989,85,1434225,2022-06-16,2024-10-09
mfy1990,20260423-0881,2026-04-23,mod1990,42,316857,2023-11-14,2023-11-14
mfy1991,20260827-0974,2026-08-27,mod1991,72,400018,2024-03-06,2024-03-06
mfy1992,20260909-0855,2026-09-09,mod1992,1,467780,2021-03-28,2024-11-09
mfy1993,20260620-1000,2026-06-20,mod1993,29,333441,2025-01-30,2025-03-30
mfy1994,20260306-0986,2026-03-06,mod1994,8,228872,2025-06-25,2025-06-26
mfy1995,20260422-0982,2026-04-22,mod1995,8,274827,2026-01-31,2026-02-23
mfy1996,20260923-0668,2026-09-23,mod1996,1561,613859,2024-09-12,2025-02-04
mfy1997,20260617-0987,2026-06-17,mod1997,819,255065,2026-02-01,2026-03-17
mfy1998,20260422-0955,2026-04-22,mod1998,52,283622,2026-02-01,2026-03-09
mfy1999,20260705-0981,2026-07-05,mod1999,411,351932,2026-01-13,2026-02-04
mfy2000,20260405-0999,2026-04-05,mod2000,4,238276,2021-04-25,2022-03-23
mfy2001,20260511-1000,2026-05-11,mod2001,11,292932,2025-08-19,2025-08-26
mfy2002,20260814-0997,2026-08-14,mod2002,1993,366020,2026-05-03,2026-08-05
mfy2003,20260923-0966,2026-09-23,mod2003,2,390976,2021-03-28,2025-02-22
mfy2004,20260417-0919,2026-04-17,mod2004,100,290806,2023-08-01,2024-03-18
mfy2005,20260305-0930,2026-03-05,mod2005,14,247148,2021-08-24,2021-11-04
mfy2006,20260923-0824,2026-09-23,mod2006,492,477610,2025-08-13,2026-07-17
mfy2007,20260923-0469,2026-09-23,mod2007,1208,945628,2024-10-07,2025-03-21
mfy2008,20260819-0985,2026-08-19,mod2008,0,384639,2025-09-29,2026-08-26
mfy2009,20260718-0935,2026-07-18,mod2009,6,389535,2026-05-24,2026-08-24
mfy2010,20260923-0259,2026-09-23,mod2010,37,1676674,2023-03-23,2023-11-23
mfy2011,20260923-0786,2026-09-23,mod2011,7,507225,2023-03-23,2023-11-23
mfy2012,20260923-0447,2026-09-23,mod2012,669,979502,2023-11-23,2023-11-23
mfy2013,20260923-0541,2026-09-23,mod2013,67,790887,2023-03-23,2023-11-23
mfy2014,20260923-0133,2026-09-23,mod2014,55,3066888,2023-03-23,2023-11-23
mfy2015,20260923-0507,2026-09-23,mod2015,10,852528,2023-03-23,2023-11-23
mfy2016,20260923-0162,2026-09-23,mod2016,28,2508658,2023-03-23,2023-11-23
mfy2017,20260909-0981,2026-09-09,mod2017,10,402685,2023-03-23,2023-11-23
mfy2018,20260818-0997,2026-08-18,mod2018,25,379093,2025-12-22,2025-12-23
mfy2019,20260503-0978,2026-05-03,mod2019,90,293025,2025-07-14,2025-07-30
mfy2020,20260329-0987,2026-03-29,mod2020,228,243802,2024-11-01,2025-02-13
mfy2021,20260805-0950,2026-08-05,mod2021,393,398674,2024-12-07,2026-07-31
mfy2022,20260616-0981,2026-06-16,mod2022,63,232869,2022-03-11,2025-11-10
mfy2023,20260723-0985,2026-07-23,mod2023,175,369688,2022-12-08,2022-12-13
mfy2024,20260923-0436,2026-09-23,mod2024,65,1006402,2023-10-11,2024-06-06
mfy2025,20260722-1000,2026-07-22,mod2025,8,349470,2026-01-21,2026-01-21
mfy2026,20260525-0973,2026-05-25,mod2026,9,311108,2024-06-18,2024-06-22
mfy2027,20260630-0991,2026-06-30,mod2027,1094,342480,2025-09-25,2026-01-28
mfy2028,20260923-0587,2026-09-23,mod2028,823,713374,2025-11-18,2026-08-28
mfy2029,20260310-0966,2026-03-10,mod2029,136,240948,2025-12-25,2026-06-01
mfy2030,20260923-0991,2026-09-23,mod2030,224,378261,2026-05-20,2026-09-08
mfy2031,20260923-0997,2026-09-23,mod2031,166,376349,2024-08-22,2024-11-27
mfy2032,20260324-0925,2026-03-24,mod2032,18,268206,2020-06-07,2021-05-20
mfy2033,20260923-0327,2026-09-23,mod2033,13,1310047,2021-03-22,2025-04-01
mfy2034,20260822-0972,2026-08-22,mod2034,52,400548,2023-12-11,2023-12-11
mfy2035,20260324-0952,2026-03-24,mod2035,141,257715,2023-12-11,2023-12-14
mfy2036,20260226-0990,2026-02-26,mod2036,7,198676,2023-12-26,2023-12-26
mfy2037,20260825-0931,2026-08-25,mod2037,10,425457,2023-10-03,2023-10-03
mfy2038,20260424-0988,2026-04-24,mod2038,70,274368,2024-08-03,2024-08-04
mfy2039,20260819-0978,2026-08-19,mod2039,131,388058,2023-07-27,2024-11-16
mfy2040,20260923-0709,2026-09-23,mod2040,307,572070,2023-07-27,2024-11-15
mfy2041,20260923-0395,2026-09-23,mod2041,191,1091663,2023-07-27,2024-11-16
mfy2042,20260923-0869,2026-09-23,mod2042,416,448272,2026-07-27,2026-07-31
mfy2043,20260923-0944,2026-09-23,mod2043,84,404041,2026-07-27,2026-07-30
mfy2044,20260406-0972,2026-04-06,mod2044,35,250867,2025-05-07,2025-10-03
mfy2045,20260604-0985,2026-06-04,mod2045,77,311172,2025-05-13,2026-03-09
mfy2046,20260408-0953,2026-04-08,mod2046,64,261208,2024-11-23,2025-08-03
mfy2047,20260821-0989,2026-08-21,mod2047,29,390149,2024-10-08,2025-04-07
mfy2048,20260923-0972,2026-09-23,mod2048,1105,387024,2023-04-24,2024-10-12
mfy2049,20260308-0973,2026-03-08,mod2049,34,236116,2026-01-12,2026-01-15
mfy2050,20260923-0953,2026-09-23,mod2050,8,399779,2022-06-09,2024-11-05
mfy2051,20260709-0772,2026-07-09,mod2051,0,520883,2024-12-24,2025-01-21
mfy2052,20260806-0988,2026-08-06,mod2052,1,362578,2022-12-13,2025-01-21
mfy2053,20260326-0957,2026-03-26,mod2053,0,255442,2023-01-11,2025-01-21
mfy2054,20260405-0986,2026-04-05,mod2054,6,243237,2022-12-13,2025-01-21
mfy2055,20260923-0694,2026-09-23,mod2055,6,585634,2023-01-11,2025-01-21
mfy2056,20260705-0818,2026-07-05,mod2056,4,448082,2023-01-05,2025-01-21
mfy2057,20260723-0999,2026-07-23,mod2057,6,358845,2023-04-23,2025-01-21
mfy2058,20260923-0535,2026-09-23,mod2058,10,806713,2022-12-12,2025-01-21
mfy2059,20260725-0990,2026-07-25,mod2059,0,365973,2022-12-12,2025-01-21
mfy2060,20260923-0288,2026-09-23,mod2060,30,1500034,2022-12-12,2025-01-21
mfy2061,20260322-0998,2026-03-22,mod2061,2,240332,2025-09-10,2025-09-11
mfy2062,20260614-0998,2026-06-14,mod2062,39,218814,2022-12-16,2025-01-20
mfy2063,20260923-0016,2026-09-23,mod2063,123,19429004,2022-12-16,2025-10-19
mfy2064,20260306-0977,2026-03-06,mod2064,5,231704,2024-09-22,2025-01-21
mfy2065,20260329-0990,2026-03-29,mod2065,0,241962,2023-03-21,2025-01-21
mfy2066,20260923-0703,2026-09-23,mod2066,1,576877,2023-08-23,2025-01-21
mfy2067,20260417-0989,2026-04-17,mod2067,0,257775,2023-04-05,2025-01-21
mfy2068,20260923-0212,2026-09-23,mod2068,15,1962892,2023-04-05,2025-01-21
mfy2069,20260921-0976,2026-09-21,mod2069,0,385805,2023-04-05,2025-01-21
mfy2070,20260601-0930,2026-06-01,mod2070,0,332405,2023-04-05,2025-01-21
mfy2071,20260923-0795,2026-09-23,mod2071,2,501238,2023-04-05,2025-01-21
mfy2072,20260923-0248,2026-09-23,mod2072,44,1747745,2023-04-05,2025-07-11
mfy2073,20260909-0592,2026-09-09,mod2073,0,708567,2023-04-05,2025-01-21
mfy2074,20260402-0999,2026-04-02,mod2074,0,237490,2023-03-20,2025-01-21
mfy2075,20260502-0991,2026-05-02,mod2075,0,287917,2024-09-22,2025-01-21
mfy2076,20260305-0998,2026-03-05,mod2076,3,221384,2022-12-13,2025-01-21
mfy2077,20260323-0996,2026-03-23,mod2077,1,237732,2022-12-13,2025-01-21
mfy2078,20260923-0237,2026-09-23,mod2078,5,1802808,2022-12-13,2025-01-21
mfy2079,20260415-0961,2026-04-15,mod2079,5,267336,2023-10-17,2023-10-25
mfy2080,20260923-0739,2026-09-23,mod2080,10,550070,2023-05-09,2025-01-21
mfy2081,20260923-0821,2026-09-23,mod2081,15,478472,2023-10-30,2025-01-21
mfy2082,20260923-0879,2026-09-23,mod2082,14,443496,2022-12-22,2025-01-20
mfy2083,20260611-0999,2026-06-11,mod2083,11,284605,2022-12-22,2025-01-21
mfy2084,20260517-0984,2026-05-17,mod2084,11,297388,2022-11-01,2025-01-21
mfy2085,20260527-0987,2026-05-27,mod2085,1,308122,2024-10-23,2024-10-23
mfy2086,20260824-0946,2026-08-24,mod2086,4,417034,2022-12-22,2025-01-21
mfy2087,20260823-0987,2026-08-23,mod2087,7,396015,2023-10-30,2025-01-21
mfy2088,20260923-0349,2026-09-23,mod2088,8,1226232,2023-05-09,2025-01-21
mfy2089,20260821-0958,2026-08-21,mod2089,7,407096,2023-10-30,2025-01-21
mfy2090,20260923-0999,2026-09-23,mod2090,4,375558,2022-12-22,2025-01-21
mfy2091,20260917-0982,2026-09-17,mod2091,7,395096,2025-09-17,2025-09-24
mfy2092,20260831-0847,2026-08-31,mod2092,4,464894,2022-12-22,2025-01-21
mfy2093,20260814-0944,2026-08-14,mod2093,0,390774,2022-12-23,2025-01-21
mfy2094,20260919-0996,2026-09-19,mod2094,2,387472,2023-04-05,2025-01-21
mfy2095,20260617-0964,2026-06-17,mod2095,259,260959,2022-11-30,2024-11-26
mfy2096,20260515-0979,2026-05-15,mod2096,22,304095,2026-03-29,2026-03-30
mfy2097,20260923-0296,2026-09-23,mod2097,1809,1457348,2023-12-30,2024-03-17
mfy2098,20260819-0977,2026-08-19,mod2098,2,388250,2024-04-24,2024-07-04
mfy2099,20260621-0971,2026-06-21,mod2099,41,347879,2020-04-28,2024-02-22
mfy2100,20260813-0992,2026-08-13,mod2100,76,357712,2020-04-28,2024-02-22
mfy2101,20260601-0996,2026-06-01,mod2101,30,306750,2025-05-29,2025-07-10
mfy2102,20260328-0995,2026-03-28,mod2102,6,237328,2023-08-14,2023-09-27
mfy2103,20260424-0965,2026-04-24,mod2103,71,284208,2023-08-07,2023-09-12
mfy2104,20260418-0938,2026-04-18,mod2104,15,283051,2022-05-01,2022-05-02
mfy2105,20260923-0648,2026-09-23,mod2105,5349,629397,2025-11-25,2026-01-30
mfy2106,20260911-0930,2026-09-11,mod2106,27,422063,2024-09-13,2024-09-13
mfy2107,20260405-1000,2026-04-05,mod2107,0,238063,2024-04-25,2024-04-26
mfy2108,20260503-0997,2026-05-03,mod2108,0,286983,2023-02-08,2024-09-24
mfy2109,20260923-0913,2026-09-23,mod2109,0,424706,2025-05-08,2026-09-10
mfy2110,20260801-0976,2026-08-01,mod2110,0,376982,2026-02-17,2026-08-31
mfy2111,20260717-0993,2026-07-17,mod2111,0,355808,2024-11-25,2026-05-15
mfy2112,20260718-0996,2026-07-18,mod2112,1,357040,2024-11-25,2026-09-23
mfy2113,20260910-0978,2026-09-10,mod2113,0,399181,2025-07-22,2026-08-31
mfy2114,20260910-0967,2026-09-10,mod2114,0,403615,2026-02-17,2026-05-14
mfy2115,20260923-0632,2026-09-23,mod2115,4,648697,2025-08-05,2026-09-29
mfy2116,20260923-0946,2026-09-23,mod2116,1,402465,2024-11-25,2026-09-10
mfy2117,20260807-0987,2026-08-07,mod2117,0,356832,2026-06-04,2026-09-30
mfy2118,20260923-0645,2026-09-23,mod2118,0,632646,2025-07-20,2026-09-29
mfy2119,20260923-0024,2026-09-23,mod2119,50,12407417,2024-11-25,2026-09-08
mfy2120,20260923-0261,2026-09-23,mod2120,1,1673659,2025-01-14,2025-12-19
mfy2121,20260910-0992,2026-09-10,mod2121,0,393746,2026-05-22,2026-05-22
mfy2122,20260805-0994,2026-08-05,mod2122,0,374132,2026-04-25,2026-04-25
mfy2123,20260923-0335,2026-09-23,mod2123,2,1285925,2025-05-05,2026-09-08
mfy2124,20260923-0776,2026-09-23,mod2124,1,514847,2025-07-09,2026-05-07
mfy2125,20260923-0513,2026-09-23,mod2125,8,843627,2023-03-29,2024-04-23
mfy2126,20260912-0960,2026-09-12,mod2126,0,405853,2026-05-20,2026-09-10
mfy2127,20260421-0897,2026-04-21,mod2127,86,311676,2022-11-09,2025-02-20
mfy2128,20260916-0941,2026-09-16,mod2128,13,414566,2023-06-24,2023-11-07
mfy2129,20260923-0929,2026-09-23,mod2129,194,411027,2026-06-14,2026-06-15
mfy2130,20260404-0986,2026-04-04,mod2130,23,244228,2026-02-24,2026-03-01
mfy2131,20260923-0871,2026-09-23,mod2131,48,447862,2021-02-13,2023-03-22
mfy2132,20260819-0994,2026-08-19,mod2132,9,381018,2025-05-27,2026-06-11
mfy2133,20260923-0931,2026-09-23,mod2133,30,410580,2025-11-10,2026-06-11
mfy2134,20260817-0944,2026-08-17,mod2134,6,403324,2025-09-23,2026-06-11
mfy2135,20260922-0946,2026-09-22,mod2135,4,407154,2026-04-29,2026-04-29
mfy2136,20260421-0986,2026-04-21,mod2136,221,270669,2020-11-16,2024-03-13
mfy2137,20260822-0996,2026-08-22,mod2137,2,388716,2026-06-09,2026-06-09
mfy2138,20260409-0968,2026-04-09,mod2138,32,253719,2026-01-27,2026-06-16
mfy2139,20260902-0992,2026-09-02,mod2139,749,394189,2026-08-01,2026-08-06
mfy2140,20260604-0963,2026-06-04,mod2140,10,318960,2025-06-26,2025-07-11
mfy2141,20260923-0393,2026-09-23,mod2141,847,1099647,2026-06-03,2026-07-17
mfy2142,20260923-0523,2026-09-23,mod2142,537,824297,2026-06-05,2026-07-17
mfy2143,20260923-0702,2026-09-23,mod2143,1148,576972,2026-04-02,2026-07-17
mfy2144,20260923-0646,2026-09-23,mod2144,435,630931,2026-06-05,2026-07-17
mfy2145,20260923-0954,2026-09-23,mod2145,610,399305,2026-04-02,2026-07-17
mfy2146,20260923-0704,2026-09-23,mod2146,195,576735,2026-06-05,2026-07-17
mfy2147,20260729-0998,2026-07-29,mod2147,22,366715,2026-04-02,2026-07-17
mfy2148,20260923-0832,2026-09-23,mod2148,316,473118,2026-04-02,2026-07-17
mfy2149,20260911-0966,2026-09-11,mod2149,9,403640,2026-07-14,2026-07-15
mfy2150,20260923-0697,2026-09-23,mod2150,83,580841,2026-06-05,2026-07-17
mfy2151,20260628-0968,2026-06-28,mod2151,23,355054,2026-03-31,2026-07-17
mfy2152,20260923-0803,2026-09-23,mod2152,629,496377,2026-04-02,2026-07-17
mfy2153,20260923-0644,2026-09-23,mod2153,200,633949,2026-06-05,2026-07-17
mfy2154,20260907-0997,2026-09-07,mod2154,22,396716,2026-04-02,2026-07-17
mfy2155,20260801-0998,2026-08-01,mod2155,8,363158,2025-08-05,2025-12-25
mfy2156,20260628-0998,2026-06-28,mod2156,15,339741,2026-01-20,2026-02-12
mfy2157,20260407-0976,2026-04-07,mod2157,28,251391,2026-01-26,2026-01-26
mfy2158,20260401-0971,2026-04-01,mod2158,586,245807,2026-01-20,2026-02-12
mfy2159,20260918-0996,2026-09-18,mod2159,645,389739,2026-06-17,2026-06-23
mfy2160,20260923-0551,2026-09-23,mod2160,425,779570,2026-08-26,2026-09-06
mfy2161,20260923-0721,2026-09-23,mod2161,86,562265,2026-08-28,2026-08-29
mfy2162,20260305-0964,2026-03-05,mod2162,31,232781,2025-08-05,2025-08-05
mfy2163,20260923-0760,2026-09-23,mod2163,835,532677,2025-08-05,2025-12-19
mfy2164,20260310-0994,2026-03-10,mod2164,36,227602,2025-08-07,2025-08-08
mfy2165,20260923-0657,2026-09-23,mod2165,136,622374,2026-07-15,2026-07-16
mfy2166,20260923-0324,2026-09-23,mod2166,90,1320634,2026-07-30,2026-07-31
mfy2167,20260604-0992,2026-06-04,mod2167,156,309016,2026-04-20,2026-04-22
mfy2168,20260726-0979,2026-07-26,mod2168,185,375696,2026-06-15,2026-06-19
mfy2169,20260923-0855,2026-09-23,mod2169,386,457286,2026-07-27,2026-08-07
mfy2170,20260701-0997,2026-07-01,mod2170,13,343380,2025-02-15,2025-05-09
mfy2171,20260917-0923,2026-09-17,mod2171,101,425109,2024-09-25,2025-05-09
mfy2172,20260617-0965,2026-06-17,mod2172,465,259965,2026-03-05,2026-04-20
mfy2173,20260825-0998,2026-08-25,mod2173,98,395095,2024-07-23,2025-02-15
mfy2174,20260517-0992,2026-05-17,mod2174,99,291346,2024-07-23,2025-02-15
mfy2175,20260923-0381,2026-09-23,mod2175,306,1125972,2026-08-09,2026-08-14
mfy2176,20260515-0970,2026-05-15,mod2176,174,309468,2026-04-13,2026-04-14
mfy2177,20260228-0989,2026-02-28,mod2177,30,208732,2023-12-25,2024-09-11
mfy2178,20260923-0993,2026-09-23,mod2178,23,377647,2024-05-22,2024-11-22
mfy2179,20260518-0969,2026-05-18,mod2179,10,304056,2025-06-21,2025-06-23
mfy2180,20260915-0954,2026-09-15,mod2180,533,408135,2026-08-10,2026-08-10
mfy2181,20260325-0988,2026-03-25,mod2181,285,243184,2025-12-15,2025-12-31
mfy2182,20260923-0799,2026-09-23,mod2182,63,499443,2026-07-17,2026-07-18
mfy2183,20260228-0975,2026-02-28,mod2183,4,212694,2024-11-20,2024-11-21
mfy2184,20260923-0965,2026-09-23,mod2184,245,392784,2026-06-24,2026-06-25
mfy2185,20260923-0952,2026-09-23,mod2185,615,400029,2025-12-20,2026-01-08
mfy2186,20260812-0982,2026-08-12,mod2186,11,345957,2024-09-23,2025-04-28
mfy2187,20260814-0952,2026-08-14,mod2187,7,387618,2025-02-06,2025-02-06
mfy2188,20260603-0969,2026-06-03,mod2188,27,321265,2024-09-18,2025-04-28
mfy2189,20260721-0982,2026-07-21,mod2189,23,350700,2024-09-18,2025-04-28
mfy2190,20260710-0968,2026-07-10,mod2190,198,384492,2025-05-11,2025-05-12
mfy2191,20260423-0996,2026-04-23,mod2191,20,271183,2025-04-28,2025-06-23
mfy2192,20260415-0991,2026-04-15,mod2192,24,253278,2025-04-28,2025-06-23
mfy2193,20260923-0761,2026-09-23,mod2193,320,530985,2025-07-29,2025-07-31
mfy2194,20260912-0852,2026-09-12,mod2194,148,475800,2025-07-29,2025-07-31
mfy2195,20260619-0874,2026-06-19,mod2195,19,401983,2025-04-28,2025-05-13
mfy2196,20260923-0839,2026-09-23,mod2196,245,469675,2025-04-28,2025-06-08
mfy2197,20260314-0997,2026-03-14,mod2197,13,234720,2025-08-06,2025-08-06
mfy2198,20260903-0825,2026-09-03,mod2198,22,474547,2025-04-28,2025-05-13
mfy2199,20260923-0023,2026-09-23,mod2199,1058,12450408,2025-07-31,2026-01-30
mfy2200,20260617-0933,2026-06-17,mod2200,708,271327,2026-02-03,2026-03-06
mfy2201,20260702-0997,2026-07-02,mod2201,2,343270,2026-01-22,2026-01-22
mfy2202,20260723-0981,2026-07-23,mod2202,38,372329,2025-10-30,2025-10-31
mfy2203,20260805-0952,2026-08-05,mod2203,5,397808,2025-10-21,2025-10-21
mfy2204,20260618-0993,2026-06-18,mod2204,178,297334,2026-03-01,2026-03-02
mfy2205,20260917-0979,2026-09-17,mod2205,297,395936,2026-02-24,2026-03-05
mfy2206,20260919-0973,2026-09-19,mod2206,503,398438,2026-02-24,2026-03-05
mfy2207,20260502-0978,2026-05-02,mod2207,100,296337,2026-02-28,2026-03-02
mfy2208,20260601-0978,2026-06-01,mod2208,843,312510,2026-02-24,2026-03-05
mfy2209,20260910-0999,2026-09-10,mod2209,253,391727,2026-03-07,2026-03-07
mfy2210,20260923-0482,2026-09-23,mod2210,436,911053,2026-03-02,2026-03-02
mfy2211,20260418-0988,2026-04-18,mod2211,15,264453,2026-02-28,2026-05-13
mfy2212,20260923-0292,2026-09-23,mod2212,933,1461686,2026-02-28,2026-03-02
mfy2213,20260923-0418,2026-09-23,mod2213,958,1031984,2026-04-22,2026-04-22
mfy2214,20260923-0384,2026-09-23,mod2214,1316,1121939,2026-05-11,2026-05-26
mfy2215,20260923-0301,2026-09-23,mod2215,281,1442896,2026-04-23,2026-07-12
mfy2216,20260923-0337,2026-09-23,mod2216,1626,1282705,2026-04-16,2026-04-20
mfy2217,20260923-0405,2026-09-23,mod2217,947,1064950,2026-05-18,2026-05-20
mfy2218,20260923-0332,2026-09-23,mod2218,119,1290852,2026-04-23,2026-07-12
mfy2219,20260903-0996,2026-09-03,mod2219,112,385263,2026-07-10,2026-07-12
mfy2220,20260923-0990,2026-09-23,mod2220,50,378320,2026-08-14,2026-08-14
mfy2221,20260923-0055,2026-09-23,mod2221,4554,7134162,2026-08-14,2026-08-20
mfy2222,20260923-0126,2026-09-23,mod2222,470,3209967,2026-08-15,2026-09-08
mfy2223,20260923-0250,2026-09-23,mod2223,1050,1735764,2026-08-26,2026-09-02
mfy2224,20260923-0936,2026-09-23,mod2224,268,409156,2025-12-21,2026-01-08
mfy2225,20260923-0413,2026-09-23,mod2225,1,1039431,2024-07-14,2024-07-14
mfy2226,20260923-0806,2026-09-23,mod2226,0,495197,2024-03-31,2024-07-06
mfy2227,20260814-0986,2026-08-14,mod2227,0,372132,2024-07-07,2024-07-07
mfy2228,20260923-0485,2026-09-23,mod2228,0,907304,2024-07-07,2024-07-07
mfy2229,20260923-0940,2026-09-23,mod2229,0,407389,2024-07-07,2024-07-07
mfy2230,20260318-0972,2026-03-18,mod2230,0,245266,2024-07-07,2024-07-07
mfy2231,20260617-1000,2026-06-17,mod2231,64,249119,2024-08-09,2024-08-09
mfy2232,20260503-0966,2026-05-03,mod2232,475,297978,2025-12-10,2026-01-30
mfy2233,20260923-0339,2026-09-23,mod2233,36,1265187,2025-01-08,2025-01-08
mfy2234,20260528-0995,2026-05-28,mod2234,145,303313,2022-11-17,2026-02-04
mfy2235,20260722-0981,2026-07-22,mod2235,56,366458,2020-09-20,2021-06-14
mfy2236,20260814-0947,2026-08-14,mod2236,18,390352,2026-07-07,2026-07-14
mfy2237,20260227-0998,2026-02-27,mod2237,342,202095,2023-10-25,2025-10-20
mfy2238,20260603-0933,2026-06-03,mod2238,184,334767,2021-08-17,2022-01-14
mfy2239,20260923-0906,2026-09-23,mod2239,1,428713,2025-09-26,2025-10-15
mfy2240,20260606-0990,2026-06-06,mod2240,26,309200,2024-11-28,2026-08-17
mfy2241,20260920-0971,2026-09-20,mod2241,121,392615,2024-11-03,2026-08-20
mfy2242,20260923-0939,2026-09-23,mod2242,23,407664,2025-01-22,2026-08-20
mfy2243,20260426-1000,2026-04-26,mod2243,2,273825,2025-07-01,2025-10-07
mfy2244,20260808-0971,2026-08-08,mod2244,141,368129,2024-09-20,2024-10-25
mfy2245,20260923-0208,2026-09-23,mod2245,1436,1993640,2024-03-04,2026-09-23
mfy2246,20260531-0982,2026-05-31,mod2246,17,311172,2024-07-08,2024-07-12
mfy2247,20260224-0993,2026-02-24,mod2247,12,192657,2024-08-16,2024-08-16
mfy2248,20260319-0999,2026-03-19,mod2248,41,239944,2020-07-21,2024-08-20
mfy2249,20260612-0931,2026-06-12,mod2249,71,314271,2020-07-21,2026-08-03
mfy2250,20260327-0993,2026-03-27,mod2250,29,235180,2023-04-24,2026-08-03
mfy2251,20260410-0976,2026-04-10,mod2251,55,251440,2023-03-04,2023-03-31
mfy2252,20260624-0969,2026-06-24,mod2252,6,360675,2026-01-07,2026-05-28
mfy2253,20260920-0983,2026-09-20,mod2253,30,385882,2021-05-26,2024-04-10
mfy2254,20260915-0840,2026-09-15,mod2254,11,472008,2021-06-18,2023-02-08
mfy2255,20260923-0153,2026-09-23,mod2255,10,2744461,2021-07-11,2024-02-19
mfy2256,20260922-0993,2026-09-22,mod2256,33,379991,2026-04-05,2026-08-29
mfy2257,20260330-0987,2026-03-30,mod2257,117,245148,2024-12-19,2024-12-20
mfy2258,20260921-0997,2026-09-21,mod2258,90,379540,2026-08-03,2026-09-09
mfy2259,20260617-0992,2026-06-17,mod2259,1,252762,2024-08-16,2024-08-16
mfy2260,20260402-0998,2026-04-02,mod2260,0,237647,2025-02-14,2026-04-08
mfy2261,20260923-0429,2026-09-23,mod2261,237,1018986,2023-12-04,2025-07-29
mfy2262,20260912-0968,2026-09-12,mod2262,197,402062,2026-03-26,2026-07-13
mfy2263,20260815-0975,2026-08-15,mod2263,12,383997,2023-12-19,2024-05-08
mfy2264,20260522-0996,2026-05-22,mod2264,16,302680,2022-05-03,2022-05-04
mfy2265,20260706-1000,2026-07-06,mod2265,3,346402,2025-05-03,2025-05-06
mfy2266,20260612-0978,2026-06-12,mod2266,15,294603,2023-05-28,2024-04-26
mfy2267,20260923-0129,2026-09-23,mod2267,150,3128911,2023-05-02,2025-07-22
mfy2268,20260321-0970,2026-03-21,mod2268,2,248370,2023-05-03,2026-09-14
mfy2269,20260923-0166,2026-09-23,mod2269,10,2481819,2023-09-13,2025-07-29
mfy2270,20260923-0880,2026-09-23,mod2270,20,441576,2023-09-13,2025-07-22
mfy2271,20260321-0968,2026-03-21,mod2271,12,249006,2023-05-02,2025-06-30
mfy2272,20260318-0988,2026-03-18,mod2272,0,240291,2023-05-03,2025-08-27
mfy2273,20260923-0443,2026-09-23,mod2273,10,990877,2024-01-04,2025-06-30
mfy2274,20260615-0926,2026-06-15,mod2274,11,249165,2023-07-01,2025-07-22
mfy2275,20260923-0608,2026-09-23,mod2275,18,688908,2023-05-15,2025-07-22
mfy2276,20260522-0991,2026-05-22,mod2276,1,304142,2023-12-26,2025-07-01
mfy2277,20260923-0355,2026-09-23,mod2277,13,1214539,2023-05-03,2025-12-16
mfy2278,20260923-0522,2026-09-23,mod2278,27,828451,2023-05-02,2025-12-16
mfy2279,20260813-0955,2026-08-13,mod2279,278,377010,2025-04-29,2025-06-05
mfy2280,20260320-0966,2026-03-20,mod2280,664,249144,2025-12-16,2026-07-09
mfy2281,20260830-0993,2026-08-30,mod2281,407,391473,2026-04-27,2026-07-09
mfy2282,20260812-0985,2026-08-12,mod2282,82,345096,2019-07-16,2023-01-24
mfy2283,20260909-0934,2026-09-09,mod2283,1,424860,2021-03-28,2021-03-29
mfy2284,20260318-0963,2026-03-18,mod2284,225,248406,2024-04-26,2024-04-30
mfy2285,20260418-0940,2026-04-18,mod2285,4,282477,2021-11-07,2021-11-07
mfy2286,20260419-0974,2026-04-19,mod2286,89,272347,2023-04-08,2023-04-08
mfy2287,20260321-0952,2026-03-21,mod2287,8,255480,2024-12-02,2025-06-08
mfy2288,20260404-0994,2026-04-04,mod2288,1,243728,2023-04-05,2024-12-09
mfy2289,20260923-0445,2026-09-23,mod2289,8,983801,2022-06-08,2025-05-12
mfy2290,20260923-0838,2026-09-23,mod2290,69,469757,2022-01-27,2023-01-24
mfy2291,20260923-0597,2026-09-23,mod2291,10,708469,2021-01-21,2021-02-24
mfy2292,20260727-0932,2026-07-27,mod2292,40,399966,2021-08-23,2022-10-17
mfy2293,20260923-0350,2026-09-23,mod2293,223,1222711,2021-07-23,2022-10-17
mfy2294,20260325-0973,2026-03-25,mod2294,48,250660,2024-02-06,2024-02-06
mfy2295,20260818-0955,2026-08-18,mod2295,3,403611,2025-03-10,2025-09-19
mfy2296,20260806-0990,2026-08-06,mod2296,10,360378,2025-03-03,2025-09-19
mfy2297,20260719-0669,2026-07-19,mod2297,52,587804,2023-04-24,2023-05-08
mfy2298,20260923-0582,2026-09-23,mod2298,1605,719524,2026-06-19,2026-06-19
mfy2299,20260923-0818,2026-09-23,mod2299,2902,479923,2026-06-10,2026-06-19
mfy2300,20260708-0990,2026-07-08,mod2300,16,365941,2025-07-14,2025-07-19
mfy2301,20260907-0984,2026-09-07,mod2301,17,401648,2025-12-27,2026-03-11
mfy2302,20260923-0593,2026-09-23,mod2302,137,710163,2026-08-18,2026-08-24
mfy2303,20260923-0850,2026-09-23,mod2303,2055,462626,2023-06-24,2024-08-04
mfy2304,20260512-0981,2026-05-12,mod2304,706,301592,2024-06-04,2025-03-13
mfy2305,20260814-0993,2026-08-14,mod2305,784,367991,2025-06-28,2026-07-22
mfy2306,20260810-0989,2026-08-10,mod2306,629,343259,2025-07-20,2025-08-11
mfy2307,20260726-0981,2026-07-26,mod2307,619,374346,2025-12-07,2025-12-09
mfy2308,20260923-0227,2026-09-23,mod2308,1848,1841849,2026-01-19,2026-01-29
mfy2309,20260518-0972,2026-05-18,mod2309,123,301926,2025-12-22,2025-12-23
mfy2310,20260509-0964,2026-05-09,mod2310,2084,308523,2026-02-11,2026-08-11
mfy2311,20260909-0854,2026-09-09,mod2311,182,469491,2026-02-11,2026-04-05
mfy2312,20260508-0983,2026-05-08,mod2312,1611,296808,2026-04-03,2026-05-13
mfy2313,20260902-0983,2026-09-02,mod2313,121,397966,2026-04-03,2026-04-16
mfy2314,20260923-0462,2026-09-23,mod2314,5130,957846,2026-06-16,2026-09-01
mfy2315,20260923-0584,2026-09-23,mod2315,266,717130,2026-06-16,2026-09-01
mfy2316,20260923-0400,2026-09-23,mod2316,1914,1078452,2026-08-27,2026-09-04
mfy2317,20260923-0111,2026-09-23,mod2317,2544,3772368,2026-08-25,2026-09-07
mfy2318,20260309-0975,2026-03-09,mod2318,352,233793,2025-12-09,2026-04-07
mfy2319,20260923-0254,2026-09-23,mod2319,2075,1693627,2026-01-30,2026-09-11
mfy2320,20260923-0772,2026-09-23,mod2320,423,516566,2025-01-30,2025-10-08
mfy2321,20260614-0990,2026-06-14,mod2321,112,221246,2026-03-03,2026-07-24
mfy2322,20260923-0630,2026-09-23,mod2322,135,652828,2025-11-19,2026-07-24
mfy2323,20260603-0962,2026-06-03,mod2323,11,323579,2025-06-02,2025-06-05
mfy2324,20260923-0491,2026-09-23,mod2324,644,885179,2024-07-12,2026-02-04
mfy2325,20260409-1000,2026-04-09,mod2325,4,240251,2024-08-30,2025-02-21
mfy2326,20260923-0341,2026-09-23,mod2326,113,1259734,2023-06-26,2025-06-30
mfy2327,20260425-0967,2026-04-25,mod2327,8,285574,2024-02-15,2025-06-30
mfy2328,20260814-0971,2026-08-14,mod2328,32,376226,2024-09-19,2025-02-07
