date_id,date_label,year_key,year_label,month_key,month_label,y_m_key,y_m_label,day_key,day_label
2018-11-01,2018年11月01日,2018,2018年,11,11月,201811,2018年11月,1,01日
2018-11-02,2018年11月02日,2018,2018年,11,11月,201811,2018年11月,2,02日
2018-11-03,2018年11月03日,2018,2018年,11,11月,201811,2018年11月,3,03日
2018-11-04,2018年11月04日,2018,2018年,11,11月,201811,2018年11月,4,04日
2018-11-05,2018年11月05日,2018,2018年,11,11月,201811,2018年11月,5,05日
2018-11-06,2018年11月06日,2018,2018年,11,11月,201811,2018年11月,6,06日
2018-11-07,2018年11月07日,2018,2018年,11,11月,201811,2018年11月,7,07日
2018-11-08,2018年11月08日,2018,2018年,11,11月,201811,2018年11月,8,08日
2018-11-09,2018年11月09日,2018,2018年,11,11月,201811,2018年11月,9,09日
2018-11-10,2018年11月10日,2018,2018年,11,11月,201811,2018年11月,10,10日
2018-11-11,2018年11月11日,2018,2018年,11,11月,201811,2018年11月,11,11日
2018-11-12,2018年11月12日,2018,2018年,11,11月,201811,2018年11月,12,12日
2018-11-13,2018年11月13日,2018,2018年,11,11月,201811,2018年11月,13,13日
2018-11-14,2018年11月14日,2018,2018年,11,11月,201811,2018年11月,14,14日
2018-11-15,2018年11月15日,2018,2018年,11,11月,201811,2018年11月,15,15日
2018-11-16,2018年11月16日,2018,2018年,11,11月,201811,2018年11月,16,16日
2018-11-17,2018年11月17日,2018,2018年,11,11月,201811,2018年11月,17,17日
2018-11-18,2018年11月18日,2018,2018年,11,11月,201811,2018年11月,18,18日
2018-11-19,2018年11月19日,2018,2018年,11,11月,201811,2018年11月,19,19日
2018-11-20,2018年11月20日,2018,2018年,11,11月,201811,2018年11月,20,20日
2018-11-21,2018年11月21日,2018,2018年,11,11月,201811,2018年11月,21,21日
2018-11-22,2018年11月22日,2018,2018年,11,11月,201811,2018年11月,22,22日
2018-11-23,2018年11月23日,2018,2018年,11,11月,201811,2018年11月,23,23日
2018-11-24,2018年11月24日,2018,2018年,11,11月,201811,2018年11月,24,24日
2018-11-25,2018年11月25日,2018,2018年,11,11月,201811,2018年11月,25,25日
2018-11-26,2018年11月26日,2018,2018年,11,11月,201811,2018年11月,26,26日
2018-11-27,2018年11月27日,2018,2018年,11,11月,201811,2018年11月,27,27日
2018-11-28,2018年11月28日,2018,2018年,11,11月,201811,2018年11月,28,28日
2018-11-29,2018年11月29日,2018,2018年,11,11月,201811,2018年11月,29,29日
2018-11-30,2018年11月30日,2018,2018年,11,11月,201811,2018年11月,30,30日
2018-12-01,2018年12月01日,2018,2018年,12,12月,201812,2018年12月,1,01日
2018-12-02,2018年12月02日,2018,2018年,12,12月,201812,2018年12月,2,02日
2018-12-03,2018年12月03日,2018,2018年,12,12月,201812,2018年12月,3,03日
2018-12-04,2018年12月04日,2018,2018年,12,12月,201812,2018年12月,4,04日
2018-12-05,2018年12月05日,2018,2018年,12,12月,201812,2018年12月,5,05日
2018-12-06,2018年12月06日,2018,2018年,12,12月,201812,2018年12月,6,06日
2018-12-07,2018年12月07日,2018,2018年,12,12月,201812,2018年12月,7,07日
2018-12-08,2018年12月08日,2018,2018年,12,12月,201812,2018年12月,8,08日
2018-12-09,2018年12月09日,2018,2018年,12,12月,201812,2018年12月,9,09日
2018-12-10,2018年12月10日,2018,2018年,12,12月,201812,2018年12月,10,10日
2018-12-11,2018年12月11日,2018,2018年,12,12月,201812,2018年12月,11,11日
2018-12-12,2018年12月12日,2018,2018年,12,12月,201812,2018年12月,12,12日
2018-12-13,2018年12月13日,2018,2018年,12,12月,201812,2018年12月,13,13日
2018-12-14,2018年12月14日,2018,2018年,12,12月,201812,2018年12月,14,14日
2018-12-15,2018年12月15日,2018,2018年,12,12月,201812,2018年12月,15,15日
2018-12-16,2018年12月16日,2018,2018年,12,12月,201812,2018年12月,16,16日
2018-12-17,2018年12月17日,2018,2018年,12,12月,201812,2018年12月,17,17日
2018-12-18,2018年12月18日,2018,2018年,12,12月,201812,2018年12月,18,18日
2018-12-19,2018年12月19日,2018,2018年,12,12月,201812,2018年12月,19,19日
2018-12-20,2018年12月20日,2018,2018年,12,12月,201812,2018年12月,20,20日
2018-12-21,2018年12月21日,2018,2018年,12,12月,201812,2018年12月,21,21日
2018-12-22,2018年12月22日,2018,2018年,12,12月,201812,2018年12月,22,22日
2018-12-23,2018年12月23日,2018,2018年,12,12月,201812,2018年12月,23,23日
2018-12-24,2018年12月24日,2018,2018年,12,12月,201812,2018年12月,24,24日
2018-12-25,2018年12月25日,2018,2018年,12,12月,201812,2018年12月,25,25日
2018-12-26,2018年12月26日,2018,2018年,12,12月,201812,2018年12月,26,26日
2018-12-27,2018年12月27日,2018,2018年,12,12月,201812,2018年12月,27,27日
2018-12-28,2018年12月28日,2018,2018年,12,12月,201812,2018年12月,28,28日
2018-12-29,2018年12月29日,2018,2018年,12,12月,201812,2018年12月,29,29日
2018-12-30,2018年12月30日,2018,2018年,12,12月,201812,2018年12月,30,30日
2018-12-31,2018年12月31日,2018,2018年,12,12月,201812,2018年12月,31,31日
2019-01-01,2019年01月01日,2019,2019年,1,01月,201901,2019年01月,1,01日
2019-01-02,2019年01月02日,2019,2019年,1,01月,201901,2019年01月,2,02日
2019-01-03,2019年01月03日,2019,2019年,1,01月,201901,2019年01月,3,03日
2019-01-04,2019年01月04日,2019,2019年,1,01月,201901,2019年01月,4,04日
2019-01-05,2019年01月05日,2019,2019年,1,01月,201901,2019年01月,5,05日
2019-01-06,2019年01月06日,2019,2019年,1,01月,201901,2019年01月,6,06日
2019-01-07,2019年01月07日,2019,2019年,1,01月,201901,2019年01月,7,07日
2019-01-08,2019年01月08日,2019,2019年,1,01月,201901,2019年01月,8,08日
2019-01-09,2019年01月09日,2019,2019年,1,01月,201901,2019年01月,9,09日
2019-01-10,2019年01月10日,2019,2019年,1,01月,201901,2019年01月,10,10日
2019-01-11,2019年01月11日,2019,2019年,1,01月,201901,2019年01月,11,11日
2019-01-12,2019年01月12日,2019,2019年,1,01月,201901,2019年01月,12,12日
2019-01-13,2019年01月13日,2019,2019年,1,01月,201901,2019年01月,13,13日
2019-01-14,2019年01月14日,2019,2019年,1,01月,201901,2019年01月,14,14日
2019-01-15,2019年01月15日,2019,2019年,1,01月,201901,2019年01月,15,15日
2019-01-16,2019年01月16日,2019,2019年,1,01月,201901,2019年01月,16,16日
2019-01-17,2019年01月17日,2019,2019年,1,01月,201901,2019年01月,17,17日
2019-01-18,2019年01月18日,2019,2019年,1,01月,201901,2019年01月,18,18日
2019-01-19,2019年01月19日,2019,2019年,1,01月,201901,2019年01月,19,19日
2019-01-20,2019年01月20日,2019,2019年,1,01月,201901,2019年01月,20,20日
2019-01-21,2019年01月21日,2019,2019年,1,01月,201901,2019年01月,21,21日
2019-01-22,2019年01月22日,2019,2019年,1,01月,201901,2019年01月,22,22日
2019-01-23,2019年01月23日,2019,2019年,1,01月,201901,2019年01月,23,23日
2019-01-24,2019年01月24日,2019,2019年,1,01月,201901,2019年01月,24,24日
2019-01-25,2019年01月25日,2019,2019年,1,01月,201901,2019年01月,25,25日
2019-01-26,2019年01月26日,2019,2019年,1,01月,201901,2019年01月,26,26日
2019-01-27,2019年01月27日,2019,2019年,1,01月,201901,2019年01月,27,27日
2019-01-28,2019年01月28日,2019,2019年,1,01月,201901,2019年01月,28,28日
2019-01-29,2019年01月29日,2019,2019年,1,01月,201901,2019年01月,29,29日
2019-01-30,2019年01月30日,2019,2019年,1,01月,201901,2019年01月,30,30日
2019-01-31,2019年01月31日,2019,2019年,1,01月,201901,2019年01月,31,31日
2019-02-01,2019年02月01日,2019,2019年,2,02月,201902,2019年02月,1,01日
2019-02-02,2019年02月02日,2019,2019年,2,02月,201902,2019年02月,2,02日
2019-02-03,2019年02月03日,2019,2019年,2,02月,201902,2019年02月,3,03日
2019-02-04,2019年02月04日,2019,2019年,2,02月,201902,2019年02月,4,04日
2019-02-05,2019年02月05日,2019,2019年,2,02月,201902,2019年02月,5,05日
2019-02-06,2019年02月06日,2019,2019年,2,02月,201902,2019年02月,6,06日
2019-02-07,2019年02月07日,2019,2019年,2,02月,201902,2019年02月,7,07日
2019-02-08,2019年02月08日,2019,2019年,2,02月,201902,2019年02月,8,08日
2019-02-09,2019年02月09日,2019,2019年,2,02月,201902,2019年02月,9,09日
2019-02-10,2019年02月10日,2019,2019年,2,02月,201902,2019年02月,10,10日
2019-02-11,2019年02月11日,2019,2019年,2,02月,201902,2019年02月,11,11日
2019-02-12,2019年02月12日,2019,2019年,2,02月,201902,2019年02月,12,12日
2019-02-13,2019年02月13日,2019,2019年,2,02月,201902,2019年02月,13,13日
2019-02-14,2019年02月14日,2019,2019年,2,02月,201902,2019年02月,14,14日
2019-02-15,2019年02月15日,2019,2019年,2,02月,201902,2019年02月,15,15日
2019-02-16,2019年02月16日,2019,2019年,2,02月,201902,2019年02月,16,16日
2019-02-17,2019年02月17日,2019,2019年,2,02月,201902,2019年02月,17,17日
2019-02-18,2019年02月18日,2019,2019年,2,02月,201902,2019年02月,18,18日
2019-02-19,2019年02月19日,2019,2019年,2,02月,201902,2019年02月,19,19日
2019-02-20,2019年02月20日,2019,2019年,2,02月,201902,2019年02月,20,20日
2019-02-21,2019年02月21日,2019,2019年,2,02月,201902,2019年02月,21,21日
2019-02-22,2019年02月22日,2019,2019年,2,02月,201902,2019年02月,22,22日
2019-02-23,2019年02月23日,2019,2019年,2,02月,201902,2019年02月,23,23日
2019-02-24,2019年02月24日,2019,2019年,2,02月,201902,2019年02月,24,24日
2019-02-25,2019年02月25日,2019,2019年,2,02月,201902,2019年02月,25,25日
2019-02-26,2019年02月26日,2019,2019年,2,02月,201902,2019年02月,26,26日
2019-02-27,2019年02月27日,2019,2019年,2,02月,201902,2019年02月,27,27日
2019-02-28,2019年02月28日,2019,2019年,2,02月,201902,2019年02月,28,28日
2019-03-01,2019年03月01日,2019,2019年,3,03月,201903,2019年03月,1,01日
2019-03-02,2019年03月02日,2019,2019年,3,03月,201903,2019年03月,2,02日
2019-03-03,2019年03月03日,2019,2019年,3,03月,201903,2019年03月,3,03日
2019-03-04,2019年03月04日,2019,2019年,3,03月,201903,2019年03月,4,04日
2019-03-05,2019年03月05日,2019,2019年,3,03月,201903,2019年03月,5,05日
2019-03-06,2019年03月06日,2019,2019年,3,03月,201903,2019年03月,6,06日
2019-03-07,2019年03月07日,2019,2019年,3,03月,201903,2019年03月,7,07日
2019-03-08,2019年03月08日,2019,2019年,3,03月,201903,2019年03月,8,08日
2019-03-09,2019年03月09日,2019,2019年,3,03月,201903,2019年03月,9,09日
2019-03-10,2019年03月10日,2019,2019年,3,03月,201903,2019年03月,10,10日
2019-03-11,2019年03月11日,2019,2019年,3,03月,201903,2019年03月,11,11日
2019-03-12,2019年03月12日,2019,2019年,3,03月,201903,2019年03月,12,12日
2019-03-13,2019年03月13日,2019,2019年,3,03月,201903,2019年03月,13,13日
2019-03-14,2019年03月14日,2019,2019年,3,03月,201903,2019年03月,14,14日
2019-03-15,2019年03月15日,2019,2019年,3,03月,201903,2019年03月,15,15日
2019-03-16,2019年03月16日,2019,2019年,3,03月,201903,2019年03月,16,16日
2019-03-17,2019年03月17日,2019,2019年,3,03月,201903,2019年03月,17,17日
2019-03-18,2019年03月18日,2019,2019年,3,03月,201903,2019年03月,18,18日
2019-03-19,2019年03月19日,2019,2019年,3,03月,201903,2019年03月,19,19日
2019-03-20,2019年03月20日,2019,2019年,3,03月,201903,2019年03月,20,20日
2019-03-21,2019年03月21日,2019,2019年,3,03月,201903,2019年03月,21,21日
2019-03-22,2019年03月22日,2019,2019年,3,03月,201903,2019年03月,22,22日
2019-03-23,2019年03月23日,2019,2019年,3,03月,201903,2019年03月,23,23日
2019-03-24,2019年03月24日,2019,2019年,3,03月,201903,2019年03月,24,24日
2019-03-25,2019年03月25日,2019,2019年,3,03月,201903,2019年03月,25,25日
2019-03-26,2019年03月26日,2019,2019年,3,03月,201903,2019年03月,26,26日
2019-03-27,2019年03月27日,2019,2019年,3,03月,201903,2019年03月,27,27日
2019-03-28,2019年03月28日,2019,2019年,3,03月,201903,2019年03月,28,28日
2019-03-29,2019年03月29日,2019,2019年,3,03月,201903,2019年03月,29,29日
2019-03-30,2019年03月30日,2019,2019年,3,03月,201903,2019年03月,30,30日
2019-03-31,2019年03月31日,2019,2019年,3,03月,201903,2019年03月,31,31日
2019-04-01,2019年04月01日,2019,2019年,4,04月,201904,2019年04月,1,01日
2019-04-02,2019年04月02日,2019,2019年,4,04月,201904,2019年04月,2,02日
2019-04-03,2019年04月03日,2019,2019年,4,04月,201904,2019年04月,3,03日
2019-04-04,2019年04月04日,2019,2019年,4,04月,201904,2019年04月,4,04日
2019-04-05,2019年04月05日,2019,2019年,4,04月,201904,2019年04月,5,05日
2019-04-06,2019年04月06日,2019,2019年,4,04月,201904,2019年04月,6,06日
2019-04-07,2019年04月07日,2019,2019年,4,04月,201904,2019年04月,7,07日
2019-04-08,2019年04月08日,2019,2019年,4,04月,201904,2019年04月,8,08日
2019-04-09,2019年04月09日,2019,2019年,4,04月,201904,2019年04月,9,09日
2019-04-10,2019年04月10日,2019,2019年,4,04月,201904,2019年04月,10,10日
2019-04-11,2019年04月11日,2019,2019年,4,04月,201904,2019年04月,11,11日
2019-04-12,2019年04月12日,2019,2019年,4,04月,201904,2019年04月,12,12日
2019-04-13,2019年04月13日,2019,2019年,4,04月,201904,2019年04月,13,13日
2019-04-14,2019年04月14日,2019,2019年,4,04月,201904,2019年04月,14,14日
2019-04-15,2019年04月15日,2019,2019年,4,04月,201904,2019年04月,15,15日
2019-04-16,2019年04月16日,2019,2019年,4,04月,201904,2019年04月,16,16日
2019-04-17,2019年04月17日,2019,2019年,4,04月,201904,2019年04月,17,17日
2019-04-18,2019年04月18日,2019,2019年,4,04月,201904,2019年04月,18,18日
2019-04-19,2019年04月19日,2019,2019年,4,04月,201904,2019年04月,19,19日
2019-04-20,2019年04月20日,2019,2019年,4,04月,201904,2019年04月,20,20日
2019-04-21,2019年04月21日,2019,2019年,4,04月,201904,2019年04月,21,21日
2019-04-22,2019年04月22日,2019,2019年,4,04月,201904,2019年04月,22,22日
2019-04-23,2019年04月23日,2019,2019年,4,04月,201904,2019年04月,23,23日
2019-04-24,2019年04月24日,2019,2019年,4,04月,201904,2019年04月,24,24日
2019-04-25,2019年04月25日,2019,2019年,4,04月,201904,2019年04月,25,25日
2019-04-26,2019年04月26日,2019,2019年,4,04月,201904,2019年04月,26,26日
2019-04-27,2019年04月27日,2019,2019年,4,04月,201904,2019年04月,27,27日
2019-04-28,2019年04月28日,2019,2019年,4,04月,201904,2019年04月,28,28日
2019-04-29,2019年04月29日,2019,2019年,4,04月,201904,2019年04月,29,29日
2019-04-30,2019年04月30日,2019,2019年,4,04月,201904,2019年04月,30,30日
2019-05-01,2019年05月01日,2019,2019年,5,05月,201905,2019年05月,1,01日
2019-05-02,2019年05月02日,2019,2019年,5,05月,201905,2019年05月,2,02日
2019-05-03,2019年05月03日,2019,2019年,5,05月,201905,2019年05月,3,03日
2019-05-04,2019年05月04日,2019,2019年,5,05月,201905,2019年05月,4,04日
2019-05-05,2019年05月05日,2019,2019年,5,05月,201905,2019年05月,5,05日
2019-05-06,2019年05月06日,2019,2019年,5,05月,201905,2019年05月,6,06日
2019-05-07,2019年05月07日,2019,2019年,5,05月,201905,2019年05月,7,07日
2019-05-08,2019年05月08日,2019,2019年,5,05月,201905,2019年05月,8,08日
2019-05-09,2019年05月09日,2019,2019年,5,05月,201905,2019年05月,9,09日
2019-05-10,2019年05月10日,2019,2019年,5,05月,201905,2019年05月,10,10日
2019-05-11,2019年05月11日,2019,2019年,5,05月,201905,2019年05月,11,11日
2019-05-12,2019年05月12日,2019,2019年,5,05月,201905,2019年05月,12,12日
2019-05-13,2019年05月13日,2019,2019年,5,05月,201905,2019年05月,13,13日
2019-05-14,2019年05月14日,2019,2019年,5,05月,201905,2019年05月,14,14日
2019-05-15,2019年05月15日,2019,2019年,5,05月,201905,2019年05月,15,15日
2019-05-16,2019年05月16日,2019,2019年,5,05月,201905,2019年05月,16,16日
2019-05-17,2019年05月17日,2019,2019年,5,05月,201905,2019年05月,17,17日
2019-05-18,2019年05月18日,2019,2019年,5,05月,201905,2019年05月,18,18日
2019-05-19,2019年05月19日,2019,2019年,5,05月,201905,2019年05月,19,19日
2019-05-20,2019年05月20日,2019,2019年,5,05月,201905,2019年05月,20,20日
2019-05-21,2019年05月21日,2019,2019年,5,05月,201905,2019年05月,21,21日
2019-05-22,2019年05月22日,2019,2019年,5,05月,201905,2019年05月,22,22日
2019-05-23,2019年05月23日,2019,2019年,5,05月,201905,2019年05月,23,23日
2019-05-24,2019年05月24日,2019,2019年,5,05月,201905,2019年05月,24,24日
2019-05-25,2019年05月25日,2019,2019年,5,05月,201905,2019年05月,25,25日
2019-05-26,2019年05月26日,2019,2019年,5,05月,201905,2019年05月,26,26日
2019-05-27,2019年05月27日,2019,2019年,5,05月,201905,2019年05月,27,27日
2019-05-28,2019年05月28日,2019,2019年,5,05月,201905,2019年05月,28,28日
2019-05-29,2019年05月29日,2019,2019年,5,05月,201905,2019年05月,29,29日
2019-05-30,2019年05月30日,2019,2019年,5,05月,201905,2019年05月,30,30日
2019-05-31,2019年05月31日,2019,2019年,5,05月,201905,2019年05月,31,31日
2019-06-01,2019年06月01日,2019,2019年,6,06月,201906,2019年06月,1,01日
2019-06-02,2019年06月02日,2019,2019年,6,06月,201906,2019年06月,2,02日
2019-06-03,2019年06月03日,2019,2019年,6,06月,201906,2019年06月,3,03日
2019-06-04,2019年06月04日,2019,2019年,6,06月,201906,2019年06月,4,04日
2019-06-05,2019年06月05日,2019,2019年,6,06月,201906,2019年06月,5,05日
2019-06-06,2019年06月06日,2019,2019年,6,06月,201906,2019年06月,6,06日
2019-06-07,2019年06月07日,2019,2019年,6,06月,201906,2019年06月,7,07日
2019-06-08,2019年06月08日,2019,2019年,6,06月,201906,2019年06月,8,08日
2019-06-09,2019年06月09日,2019,2019年,6,06月,201906,2019年06月,9,09日
2019-06-10,2019年06月10日,2019,2019年,6,06月,201906,2019年06月,10,10日
2019-06-11,2019年06月11日,2019,2019年,6,06月,201906,2019年06月,11,11日
2019-06-12,2019年06月12日,2019,2019年,6,06月,201906,2019年06月,12,12日
2019-06-13,2019年06月13日,2019,2019年,6,06月,201906,2019年06月,13,13日
2019-06-14,2019年06月14日,2019,2019年,6,06月,201906,2019年06月,14,14日
2019-06-15,2019年06月15日,2019,2019年,6,06月,201906,2019年06月,15,15日
2019-06-16,2019年06月16日,2019,2019年,6,06月,201906,2019年06月,16,16日
2019-06-17,2019年06月17日,2019,2019年,6,06月,201906,2019年06月,17,17日
2019-06-18,2019年06月18日,2019,2019年,6,06月,201906,2019年06月,18,18日
2019-06-19,2019年06月19日,2019,2019年,6,06月,201906,2019年06月,19,19日
2019-06-20,2019年06月20日,2019,2019年,6,06月,201906,2019年06月,20,20日
2019-06-21,2019年06月21日,2019,2019年,6,06月,201906,2019年06月,21,21日
2019-06-22,2019年06月22日,2019,2019年,6,06月,201906,2019年06月,22,22日
2019-06-23,2019年06月23日,2019,2019年,6,06月,201906,2019年06月,23,23日
2019-06-24,2019年06月24日,2019,2019年,6,06月,201906,2019年06月,24,24日
2019-06-25,2019年06月25日,2019,2019年,6,06月,201906,2019年06月,25,25日
2019-06-26,2019年06月26日,2019,2019年,6,06月,201906,2019年06月,26,26日
2019-06-27,2019年06月27日,2019,2019年,6,06月,201906,2019年06月,27,27日
2019-06-28,2019年06月28日,2019,2019年,6,06月,201906,2019年06月,28,28日
2019-06-29,2019年06月29日,2019,2019年,6,06月,201906,2019年06月,29,29日
2019-06-30,2019年06月30日,2019,2019年,6,06月,201906,2019年06月,30,30日
2019-07-01,2019年07月01日,2019,2019年,7,07月,201907,2019年07月,1,01日
2019-07-02,2019年07月02日,2019,2019年,7,07月,201907,2019年07月,2,02日
2019-07-03,2019年07月03日,2019,2019年,7,07月,201907,2019年07月,3,03日
2019-07-04,2019年07月04日,2019,2019年,7,07月,201907,2019年07月,4,04日
2019-07-05,2019年07月05日,2019,2019年,7,07月,201907,2019年07月,5,05日
2019-07-06,2019年07月06日,2019,2019年,7,07月,201907,2019年07月,6,06日
2019-07-07,2019年07月07日,2019,2019年,7,07月,201907,2019年07月,7,07日
2019-07-08,2019年07月08日,2019,2019年,7,07月,201907,2019年07月,8,08日
2019-07-09,2019年07月09日,2019,2019年,7,07月,201907,2019年07月,9,09日
2019-07-10,2019年07月10日,2019,2019年,7,07月,201907,2019年07月,10,10日
2019-07-11,2019年07月11日,2019,2019年,7,07月,201907,2019年07月,11,11日
2019-07-12,2019年07月12日,2019,2019年,7,07月,201907,2019年07月,12,12日
2019-07-13,2019年07月13日,2019,2019年,7,07月,201907,2019年07月,13,13日
2019-07-14,2019年07月14日,2019,2019年,7,07月,201907,2019年07月,14,14日
2019-07-15,2019年07月15日,2019,2019年,7,07月,201907,2019年07月,15,15日
2019-07-16,2019年07月16日,2019,2019年,7,07月,201907,2019年07月,16,16日
2019-07-17,2019年07月17日,2019,2019年,7,07月,201907,2019年07月,17,17日
2019-07-18,2019年07月18日,2019,2019年,7,07月,201907,2019年07月,18,18日
2019-07-19,2019年07月19日,2019,2019年,7,07月,201907,2019年07月,19,19日
2019-07-20,2019年07月20日,2019,2019年,7,07月,201907,2019年07月,20,20日
2019-07-21,2019年07月21日,2019,2019年,7,07月,201907,2019年07月,21,21日
2019-07-22,2019年07月22日,2019,2019年,7,07月,201907,2019年07月,22,22日
2019-07-23,2019年07月23日,2019,2019年,7,07月,201907,2019年07月,23,23日
2019-07-24,2019年07月24日,2019,2019年,7,07月,201907,2019年07月,24,24日
2019-07-25,2019年07月25日,2019,2019年,7,07月,201907,2019年07月,25,25日
2019-07-26,2019年07月26日,2019,2019年,7,07月,201907,2019年07月,26,26日
2019-07-27,2019年07月27日,2019,2019年,7,07月,201907,2019年07月,27,27日
2019-07-28,2019年07月28日,2019,2019年,7,07月,201907,2019年07月,28,28日
2019-07-29,2019年07月29日,2019,2019年,7,07月,201907,2019年07月,29,29日
2019-07-30,2019年07月30日,2019,2019年,7,07月,201907,2019年07月,30,30日
2019-07-31,2019年07月31日,2019,2019年,7,07月,201907,2019年07月,31,31日
2019-08-01,2019年08月01日,2019,2019年,8,08月,201908,2019年08月,1,01日
2019-08-02,2019年08月02日,2019,2019年,8,08月,201908,2019年08月,2,02日
2019-08-03,2019年08月03日,2019,2019年,8,08月,201908,2019年08月,3,03日
2019-08-04,2019年08月04日,2019,2019年,8,08月,201908,2019年08月,4,04日
2019-08-05,2019年08月05日,2019,2019年,8,08月,201908,2019年08月,5,05日
2019-08-06,2019年08月06日,2019,2019年,8,08月,201908,2019年08月,6,06日
2019-08-07,2019年08月07日,2019,2019年,8,08月,201908,2019年08月,7,07日
2019-08-08,2019年08月08日,2019,2019年,8,08月,201908,2019年08月,8,08日
2019-08-09,2019年08月09日,2019,2019年,8,08月,201908,2019年08月,9,09日
2019-08-10,2019年08月10日,2019,2019年,8,08月,201908,2019年08月,10,10日
2019-08-11,2019年08月11日,2019,2019年,8,08月,201908,2019年08月,11,11日
2019-08-12,2019年08月12日,2019,2019年,8,08月,201908,2019年08月,12,12日
2019-08-13,2019年08月13日,2019,2019年,8,08月,201908,2019年08月,13,13日
2019-08-14,2019年08月14日,2019,2019年,8,08月,201908,2019年08月,14,14日
2019-08-15,2019年08月15日,2019,2019年,8,08月,201908,2019年08月,15,15日
2019-08-16,2019年08月16日,2019,2019年,8,08月,201908,2019年08月,16,16日
2019-08-17,2019年08月17日,2019,2019年,8,08月,201908,2019年08月,17,17日
2019-08-18,2019年08月18日,2019,2019年,8,08月,201908,2019年08月,18,18日
2019-08-19,2019年08月19日,2019,2019年,8,08月,201908,2019年08月,19,19日
2019-08-20,2019年08月20日,2019,2019年,8,08月,201908,2019年08月,20,20日
2019-08-21,2019年08月21日,2019,2019年,8,08月,201908,2019年08月,21,21日
2019-08-22,2019年08月22日,2019,2019年,8,08月,201908,2019年08月,22,22日
2019-08-23,2019年08月23日,2019,2019年,8,08月,201908,2019年08月,23,23日
2019-08-24,2019年08月24日,2019,2019年,8,08月,201908,2019年08月,24,24日
2019-08-25,2019年08月25日,2019,2019年,8,08月,201908,2019年08月,25,25日
2019-08-26,2019年08月26日,2019,2019年,8,08月,201908,2019年08月,26,26日
2019-08-27,2019年08月27日,2019,2019年,8,08月,201908,2019年08月,27,27日
2019-08-28,2019年08月28日,2019,2019年,8,08月,201908,2019年08月,28,28日
2019-08-29,2019年08月29日,2019,2019年,8,08月,201908,2019年08月,29,29日
2019-08-30,2019年08月30日,2019,2019年,8,08月,201908,2019年08月,30,30日
2019-08-31,2019年08月31日,2019,2019年,8,08月,201908,2019年08月,31,31日
2019-09-01,2019年09月01日,2019,2019年,9,09月,201909,2019年09月,1,01日
2019-09-02,2019年09月02日,2019,2019年,9,09月,201909,2019年09月,2,02日
2019-09-03,2019年09月03日,2019,2019年,9,09月,201909,2019年09月,3,03日
2019-09-04,2019年09月04日,2019,2019年,9,09月,201909,2019年09月,4,04日
2019-09-05,2019年09月05日,2019,2019年,9,09月,201909,2019年09月,5,05日
2019-09-06,2019年09月06日,2019,2019年,9,09月,201909,2019年09月,6,06日
2019-09-07,2019年09月07日,2019,2019年,9,09月,201909,2019年09月,7,07日
2019-09-08,2019年09月08日,2019,2019年,9,09月,201909,2019年09月,8,08日
2019-09-09,2019年09月09日,2019,2019年,9,09月,201909,2019年09月,9,09日
2019-09-10,2019年09月10日,2019,2019年,9,09月,201909,2019年09月,10,10日
2019-09-11,2019年09月11日,2019,2019年,9,09月,201909,2019年09月,11,11日
2019-09-12,2019年09月12日,2019,2019年,9,09月,201909,2019年09月,12,12日
2019-09-13,2019年09月13日,2019,2019年,9,09月,201909,2019年09月,13,13日
2019-09-14,2019年09月14日,2019,2019年,9,09月,201909,2019年09月,14,14日
2019-09-15,2019年09月15日,2019,2019年,9,09月,201909,2019年09月,15,15日
2019-09-16,2019年09月16日,2019,2019年,9,09月,201909,2019年09月,16,16日
2019-09-17,2019年09月17日,2019,2019年,9,09月,201909,2019年09月,17,17日
2019-09-18,2019年09月18日,2019,2019年,9,09月,201909,2019年09月,18,18日
2019-09-19,2019年09月19日,2019,2019年,9,09月,201909,2019年09月,19,19日
2019-09-20,2019年09月20日,2019,2019年,9,09月,201909,2019年09月,20,20日
2019-09-21,2019年09月21日,2019,2019年,9,09月,201909,2019年09月,21,21日
2019-09-22,2019年09月22日,2019,2019年,9,09月,201909,2019年09月,22,22日
2019-09-23,2019年09月23日,2019,2019年,9,09月,201909,2019年09月,23,23日
2019-09-24,2019年09月24日,2019,2019年,9,09月,201909,2019年09月,24,24日
2019-09-25,2019年09月25日,2019,2019年,9,09月,201909,2019年09月,25,25日
2019-09-26,2019年09月26日,2019,2019年,9,09月,201909,2019年09月,26,26日
2019-09-27,2019年09月27日,2019,2019年,9,09月,201909,2019年09月,27,27日
2019-09-28,2019年09月28日,2019,2019年,9,09月,201909,2019年09月,28,28日
2019-09-29,2019年09月29日,2019,2019年,9,09月,201909,2019年09月,29,29日
2019-09-30,2019年09月30日,2019,2019年,9,09月,201909,2019年09月,30,30日
2019-10-01,2019年10月01日,2019,2019年,10,10月,201910,2019年10月,1,01日
2019-10-02,2019年10月02日,2019,2019年,10,10月,201910,2019年10月,2,02日
2019-10-03,2019年10月03日,2019,2019年,10,10月,201910,2019年10月,3,03日
2019-10-04,2019年10月04日,2019,2019年,10,10月,201910,2019年10月,4,04日
2019-10-05,2019年10月05日,2019,2019年,10,10月,201910,2019年10月,5,05日
2019-10-06,2019年10月06日,2019,2019年,10,10月,201910,2019年10月,6,06日
2019-10-07,2019年10月07日,2019,2019年,10,10月,201910,2019年10月,7,07日
2019-10-08,2019年10月08日,2019,2019年,10,10月,201910,2019年10月,8,08日
2019-10-09,2019年10月09日,2019,2019年,10,10月,201910,2019年10月,9,09日
2019-10-10,2019年10月10日,2019,2019年,10,10月,201910,2019年10月,10,10日
2019-10-11,2019年10月11日,2019,2019年,10,10月,201910,2019年10月,11,11日
2019-10-12,2019年10月12日,2019,2019年,10,10月,201910,2019年10月,12,12日
2019-10-13,2019年10月13日,2019,2019年,10,10月,201910,2019年10月,13,13日
2019-10-14,2019年10月14日,2019,2019年,10,10月,201910,2019年10月,14,14日
2019-10-15,2019年10月15日,2019,2019年,10,10月,201910,2019年10月,15,15日
2019-10-16,2019年10月16日,2019,2019年,10,10月,201910,2019年10月,16,16日
2019-10-17,2019年10月17日,2019,2019年,10,10月,201910,2019年10月,17,17日
2019-10-18,2019年10月18日,2019,2019年,10,10月,201910,2019年10月,18,18日
2019-10-19,2019年10月19日,2019,2019年,10,10月,201910,2019年10月,19,19日
2019-10-20,2019年10月20日,2019,2019年,10,10月,201910,2019年10月,20,20日
2019-10-21,2019年10月21日,2019,2019年,10,10月,201910,2019年10月,21,21日
2019-10-22,2019年10月22日,2019,2019年,10,10月,201910,2019年10月,22,22日
2019-10-23,2019年10月23日,2019,2019年,10,10月,201910,2019年10月,23,23日
2019-10-24,2019年10月24日,2019,2019年,10,10月,201910,2019年10月,24,24日
2019-10-25,2019年10月25日,2019,2019年,10,10月,201910,2019年10月,25,25日
2019-10-26,2019年10月26日,2019,2019年,10,10月,201910,2019年10月,26,26日
2019-10-27,2019年10月27日,2019,2019年,10,10月,201910,2019年10月,27,27日
2019-10-28,2019年10月28日,2019,2019年,10,10月,201910,2019年10月,28,28日
2019-10-29,2019年10月29日,2019,2019年,10,10月,201910,2019年10月,29,29日
2019-10-30,2019年10月30日,2019,2019年,10,10月,201910,2019年10月,30,30日
2019-10-31,2019年10月31日,2019,2019年,10,10月,201910,2019年10月,31,31日
2019-11-01,2019年11月01日,2019,2019年,11,11月,201911,2019年11月,1,01日
2019-11-02,2019年11月02日,2019,2019年,11,11月,201911,2019年11月,2,02日
2019-11-03,2019年11月03日,2019,2019年,11,11月,201911,2019年11月,3,03日
2019-11-04,2019年11月04日,2019,2019年,11,11月,201911,2019年11月,4,04日
2019-11-05,2019年11月05日,2019,2019年,11,11月,201911,2019年11月,5,05日
2019-11-06,2019年11月06日,2019,2019年,11,11月,201911,2019年11月,6,06日
2019-11-07,2019年11月07日,2019,2019年,11,11月,201911,2019年11月,7,07日
2019-11-08,2019年11月08日,2019,2019年,11,11月,201911,2019年11月,8,08日
2019-11-09,2019年11月09日,2019,2019年,11,11月,201911,2019年11月,9,09日
2019-11-10,2019年11月10日,2019,2019年,11,11月,201911,2019年11月,10,10日
2019-11-11,2019年11月11日,2019,2019年,11,11月,201911,2019年11月,11,11日
2019-11-12,2019年11月12日,2019,2019年,11,11月,201911,2019年11月,12,12日
2019-11-13,2019年11月13日,2019,2019年,11,11月,201911,2019年11月,13,13日
2019-11-14,2019年11月14日,2019,2019年,11,11月,201911,2019年11月,14,14日
2019-11-15,2019年11月15日,2019,2019年,11,11月,201911,2019年11月,15,15日
2019-11-16,2019年11月16日,2019,2019年,11,11月,201911,2019年11月,16,16日
2019-11-17,2019年11月17日,2019,2019年,11,11月,201911,2019年11月,17,17日
2019-11-18,2019年11月18日,2019,2019年,11,11月,201911,2019年11月,18,18日
2019-11-19,2019年11月19日,2019,2019年,11,11月,201911,2019年11月,19,19日
2019-11-20,2019年11月20日,2019,2019年,11,11月,201911,2019年11月,20,20日
2019-11-21,2019年11月21日,2019,2019年,11,11月,201911,2019年11月,21,21日
2019-11-22,2019年11月22日,2019,2019年,11,11月,201911,2019年11月,22,22日
2019-11-23,2019年11月23日,2019,2019年,11,11月,201911,2019年11月,23,23日
2019-11-24,2019年11月24日,2019,2019年,11,11月,201911,2019年11月,24,24日
2019-11-25,2019年11月25日,2019,2019年,11,11月,201911,2019年11月,25,25日
2019-11-26,2019年11月26日,2019,2019年,11,11月,201911,2019年11月,26,26日
2019-11-27,2019年11月27日,2019,2019年,11,11月,201911,2019年11月,27,27日
2019-11-28,2019年11月28日,2019,2019年,11,11月,201911,2019年11月,28,28日
2019-11-29,2019年11月29日,2019,2019年,11,11月,201911,2019年11月,29,29日
2019-11-30,2019年11月30日,2019,2019年,11,11月,201911,2019年11月,30,30日
2019-12-01,2019年12月01日,2019,2019年,12,12月,201912,2019年12月,1,01日
2019-12-02,2019年12月02日,2019,2019年,12,12月,201912,2019年12月,2,02日
2019-12-03,2019年12月03日,2019,2019年,12,12月,201912,2019年12月,3,03日
2019-12-04,2019年12月04日,2019,2019年,12,12月,201912,2019年12月,4,04日
2019-12-05,2019年12月05日,2019,2019年,12,12月,201912,2019年12月,5,05日
2019-12-06,2019年12月06日,2019,2019年,12,12月,201912,2019年12月,6,06日
2019-12-07,2019年12月07日,2019,2019年,12,12月,201912,2019年12月,7,07日
2019-12-08,2019年12月08日,2019,2019年,12,12月,201912,2019年12月,8,08日
2019-12-09,2019年12月09日,2019,2019年,12,12月,201912,2019年12月,9,09日
2019-12-10,2019年12月10日,2019,2019年,12,12月,201912,2019年12月,10,10日
2019-12-11,2019年12月11日,2019,2019年,12,12月,201912,2019年12月,11,11日
2019-12-12,2019年12月12日,2019,2019年,12,12月,201912,2019年12月,12,12日
2019-12-13,2019年12月13日,2019,2019年,12,12月,201912,2019年12月,13,13日
2019-12-14,2019年12月14日,2019,2019年,12,12月,201912,2019年12月,14,14日
2019-12-15,2019年12月15日,2019,2019年,12,12月,201912,2019年12月,15,15日
2019-12-16,2019年12月16日,2019,2019年,12,12月,201912,2019年12月,16,16日
2019-12-17,2019年12月17日,2019,2019年,12,12月,201912,2019年12月,17,17日
2019-12-18,2019年12月18日,2019,2019年,12,12月,201912,2019年12月,18,18日
2019-12-19,2019年12月19日,2019,2019年,12,12月,201912,2019年12月,19,19日
2019-12-20,2019年12月20日,2019,2019年,12,12月,201912,2019年12月,20,20日
2019-12-21,2019年12月21日,2019,2019年,12,12月,201912,2019年12月,21,21日
2019-12-22,2019年12月22日,2019,2019年,12,12月,201912,2019年12月,22,22日
2019-12-23,2019年12月23日,2019,2019年,12,12月,201912,2019年12月,23,23日
2019-12-24,2019年12月24日,2019,2019年,12,12月,201912,2019年12月,24,24日
2019-12-25,2019年12月25日,2019,2019年,12,12月,201912,2019年12月,25,25日
2019-12-26,2019年12月26日,2019,2019年,12,12月,201912,2019年12月,26,26日
2019-12-27,2019年12月27日,2019,2019年,12,12月,201912,2019年12月,27,27日
2019-12-28,2019年12月28日,2019,2019年,12,12月,201912,2019年12月,28,28日
2019-12-29,2019年12月29日,2019,2019年,12,12月,201912,2019年12月,29,29日
2019-12-30,2019年12月30日,2019,2019年,12,12月,201912,2019年12月,30,30日
2019-12-31,2019年12月31日,2019,2019年,12,12月,201912,2019年12月,31,31日
2020-01-01,2020年01月01日,2020,2020年,1,01月,202001,2020年01月,1,01日
2020-01-02,2020年01月02日,2020,2020年,1,01月,202001,2020年01月,2,02日
2020-01-03,2020年01月03日,2020,2020年,1,01月,202001,2020年01月,3,03日
2020-01-04,2020年01月04日,2020,2020年,1,01月,202001,2020年01月,4,04日
2020-01-05,2020年01月05日,2020,2020年,1,01月,202001,2020年01月,5,05日
2020-01-06,2020年01月06日,2020,2020年,1,01月,202001,2020年01月,6,06日
2020-01-07,2020年01月07日,2020,2020年,1,01月,202001,2020年01月,7,07日
2020-01-08,2020年01月08日,2020,2020年,1,01月,202001,2020年01月,8,08日
2020-01-09,2020年01月09日,2020,2020年,1,01月,202001,2020年01月,9,09日
2020-01-10,2020年01月10日,2020,2020年,1,01月,202001,2020年01月,10,10日
2020-01-11,2020年01月11日,2020,2020年,1,01月,202001,2020年01月,11,11日
2020-01-12,2020年01月12日,2020,2020年,1,01月,202001,2020年01月,12,12日
2020-01-13,2020年01月13日,2020,2020年,1,01月,202001,2020年01月,13,13日
2020-01-14,2020年01月14日,2020,2020年,1,01月,202001,2020年01月,14,14日
2020-01-15,2020年01月15日,2020,2020年,1,01月,202001,2020年01月,15,15日
2020-01-16,2020年01月16日,2020,2020年,1,01月,202001,2020年01月,16,16日
2020-01-17,2020年01月17日,2020,2020年,1,01月,202001,2020年01月,17,17日
2020-01-18,2020年01月18日,2020,2020年,1,01月,202001,2020年01月,18,18日
2020-01-19,2020年01月19日,2020,2020年,1,01月,202001,2020年01月,19,19日
2020-01-20,2020年01月20日,2020,2020年,1,01月,202001,2020年01月,20,20日
2020-01-21,2020年01月21日,2020,2020年,1,01月,202001,2020年01月,21,21日
2020-01-22,2020年01月22日,2020,2020年,1,01月,202001,2020年01月,22,22日
2020-01-23,2020年01月23日,2020,2020年,1,01月,202001,2020年01月,23,23日
2020-01-24,2020年01月24日,2020,2020年,1,01月,202001,2020年01月,24,24日
2020-01-25,2020年01月25日,2020,2020年,1,01月,202001,2020年01月,25,25日
2020-01-26,2020年01月26日,2020,2020年,1,01月,202001,2020年01月,26,26日
2020-01-27,2020年01月27日,2020,2020年,1,01月,202001,2020年01月,27,27日
2020-01-28,2020年01月28日,2020,2020年,1,01月,202001,2020年01月,28,28日
2020-01-29,2020年01月29日,2020,2020年,1,01月,202001,2020年01月,29,29日
2020-01-30,2020年01月30日,2020,2020年,1,01月,202001,2020年01月,30,30日
2020-01-31,2020年01月31日,2020,2020年,1,01月,202001,2020年01月,31,31日
2020-02-01,2020年02月01日,2020,2020年,2,02月,202002,2020年02月,1,01日
2020-02-02,2020年02月02日,2020,2020年,2,02月,202002,2020年02月,2,02日
2020-02-03,2020年02月03日,2020,2020年,2,02月,202002,2020年02月,3,03日
2020-02-04,2020年02月04日,2020,2020年,2,02月,202002,2020年02月,4,04日
2020-02-05,2020年02月05日,2020,2020年,2,02月,202002,2020年02月,5,05日
2020-02-06,2020年02月06日,2020,2020年,2,02月,202002,2020年02月,6,06日
2020-02-07,2020年02月07日,2020,2020年,2,02月,202002,2020年02月,7,07日
2020-02-08,2020年02月08日,2020,2020年,2,02月,202002,2020年02月,8,08日
2020-02-09,2020年02月09日,2020,2020年,2,02月,202002,2020年02月,9,09日
2020-02-10,2020年02月10日,2020,2020年,2,02月,202002,2020年02月,10,10日
2020-02-11,2020年02月11日,2020,2020年,2,02月,202002,2020年02月,11,11日
2020-02-12,2020年02月12日,2020,2020年,2,02月,202002,2020年02月,12,12日
2020-02-13,2020年02月13日,2020,2020年,2,02月,202002,2020年02月,13,13日
2020-02-14,2020年02月14日,2020,2020年,2,02月,202002,2020年02月,14,14日
2020-02-15,2020年02月15日,2020,2020年,2,02月,202002,2020年02月,15,15日
2020-02-16,2020年02月16日,2020,2020年,2,02月,202002,2020年02月,16,16日
2020-02-17,2020年02月17日,2020,2020年,2,02月,202002,2020年02月,17,17日
2020-02-18,2020年02月18日,2020,2020年,2,02月,202002,2020年02月,18,18日
2020-02-19,2020年02月19日,2020,2020年,2,02月,202002,2020年02月,19,19日
2020-02-20,2020年02月20日,2020,2020年,2,02月,202002,2020年02月,20,20日
2020-02-21,2020年02月21日,2020,2020年,2,02月,202002,2020年02月,21,21日
2020-02-22,2020年02月22日,2020,2020年,2,02月,202002,2020年02月,22,22日
2020-02-23,2020年02月23日,2020,2020年,2,02月,202002,2020年02月,23,23日
2020-02-24,2020年02月24日,2020,2020年,2,02月,202002,2020年02月,24,24日
2020-02-25,2020年02月25日,2020,2020年,2,02月,202002,2020年02月,25,25日
2020-02-26,2020年02月26日,2020,2020年,2,02月,202002,2020年02月,26,26日
2020-02-27,2020年02月27日,2020,2020年,2,02月,202002,2020年02月,27,27日
2020-02-28,2020年02月28日,2020,2020年,2,02月,202002,2020年02月,28,28日
2020-02-29,2020年02月29日,2020,2020年,2,02月,202002,2020年02月,29,29日
2020-03-01,2020年03月01日,2020,2020年,3,03月,202003,2020年03月,1,01日
2020-03-02,2020年03月02日,2020,2020年,3,03月,202003,2020年03月,2,02日
2020-03-03,2020年03月03日,2020,2020年,3,03月,202003,2020年03月,3,03日
2020-03-04,2020年03月04日,2020,2020年,3,03月,202003,2020年03月,4,04日
2020-03-05,2020年03月05日,2020,2020年,3,03月,202003,2020年03月,5,05日
2020-03-06,2020年03月06日,2020,2020年,3,03月,202003,2020年03月,6,06日
2020-03-07,2020年03月07日,2020,2020年,3,03月,202003,2020年03月,7,07日
2020-03-08,2020年03月08日,2020,2020年,3,03月,202003,2020年03月,8,08日
2020-03-09,2020年03月09日,2020,2020年,3,03月,202003,2020年03月,9,09日
2020-03-10,2020年03月10日,2020,2020年,3,03月,202003,2020年03月,10,10日
2020-03-11,2020年03月11日,2020,2020年,3,03月,202003,2020年03月,11,11日
2020-03-12,2020年03月12日,2020,2020年,3,03月,202003,2020年03月,12,12日
2020-03-13,2020年03月13日,2020,2020年,3,03月,202003,2020年03月,13,13日
2020-03-14,2020年03月14日,2020,2020年,3,03月,202003,2020年03月,14,14日
2020-03-15,2020年03月15日,2020,2020年,3,03月,202003,2020年03月,15,15日
2020-03-16,2020年03月16日,2020,2020年,3,03月,202003,2020年03月,16,16日
2020-03-17,2020年03月17日,2020,2020年,3,03月,202003,2020年03月,17,17日
2020-03-18,2020年03月18日,2020,2020年,3,03月,202003,2020年03月,18,18日
2020-03-19,2020年03月19日,2020,2020年,3,03月,202003,2020年03月,19,19日
2020-03-20,2020年03月20日,2020,2020年,3,03月,202003,2020年03月,20,20日
2020-03-21,2020年03月21日,2020,2020年,3,03月,202003,2020年03月,21,21日
2020-03-22,2020年03月22日,2020,2020年,3,03月,202003,2020年03月,22,22日
2020-03-23,2020年03月23日,2020,2020年,3,03月,202003,2020年03月,23,23日
2020-03-24,2020年03月24日,2020,2020年,3,03月,202003,2020年03月,24,24日
2020-03-25,2020年03月25日,2020,2020年,3,03月,202003,2020年03月,25,25日
2020-03-26,2020年03月26日,2020,2020年,3,03月,202003,2020年03月,26,26日
2020-03-27,2020年03月27日,2020,2020年,3,03月,202003,2020年03月,27,27日
2020-03-28,2020年03月28日,2020,2020年,3,03月,202003,2020年03月,28,28日
2020-03-29,2020年03月29日,2020,2020年,3,03月,202003,2020年03月,29,29日
2020-03-30,2020年03月30日,2020,2020年,3,03月,202003,2020年03月,30,30日
2020-03-31,2020年03月31日,2020,2020年,3,03月,202003,2020年03月,31,31日
2020-04-01,2020年04月01日,2020,2020年,4,04月,202004,2020年04月,1,01日
2020-04-02,2020年04月02日,2020,2020年,4,04月,202004,2020年04月,2,02日
2020-04-03,2020年04月03日,2020,2020年,4,04月,202004,2020年04月,3,03日
2020-04-04,2020年04月04日,2020,2020年,4,04月,202004,2020年04月,4,04日
2020-04-05,2020年04月05日,2020,2020年,4,04月,202004,2020年04月,5,05日
2020-04-06,2020年04月06日,2020,2020年,4,04月,202004,2020年04月,6,06日
2020-04-07,2020年04月07日,2020,2020年,4,04月,202004,2020年04月,7,07日
2020-04-08,2020年04月08日,2020,2020年,4,04月,202004,2020年04月,8,08日
2020-04-09,2020年04月09日,2020,2020年,4,04月,202004,2020年04月,9,09日
2020-04-10,2020年04月10日,2020,2020年,4,04月,202004,2020年04月,10,10日
2020-04-11,2020年04月11日,2020,2020年,4,04月,202004,2020年04月,11,11日
2020-04-12,2020年04月12日,2020,2020年,4,04月,202004,2020年04月,12,12日
2020-04-13,2020年04月13日,2020,2020年,4,04月,202004,2020年04月,13,13日
2020-04-14,2020年04月14日,2020,2020年,4,04月,202004,2020年04月,14,14日
2020-04-15,2020年04月15日,2020,2020年,4,04月,202004,2020年04月,15,15日
2020-04-16,2020年04月16日,2020,2020年,4,04月,202004,2020年04月,16,16日
2020-04-17,2020年04月17日,2020,2020年,4,04月,202004,2020年04月,17,17日
2020-04-18,2020年04月18日,2020,2020年,4,04月,202004,2020年04月,18,18日
2020-04-19,2020年04月19日,2020,2020年,4,04月,202004,2020年04月,19,19日
2020-04-20,2020年04月20日,2020,2020年,4,04月,202004,2020年04月,20,20日
2020-04-21,2020年04月21日,2020,2020年,4,04月,202004,2020年04月,21,21日
2020-04-22,2020年04月22日,2020,2020年,4,04月,202004,2020年04月,22,22日
2020-04-23,2020年04月23日,2020,2020年,4,04月,202004,2020年04月,23,23日
2020-04-24,2020年04月24日,2020,2020年,4,04月,202004,2020年04月,24,24日
2020-04-25,2020年04月25日,2020,2020年,4,04月,202004,2020年04月,25,25日
2020-04-26,2020年04月26日,2020,2020年,4,04月,202004,2020年04月,26,26日
2020-04-27,2020年04月27日,2020,2020年,4,04月,202004,2020年04月,27,27日
2020-04-28,2020年04月28日,2020,2020年,4,04月,202004,2020年04月,28,28日
2020-04-29,2020年04月29日,2020,2020年,4,04月,202004,2020年04月,29,29日
2020-04-30,2020年04月30日,2020,2020年,4,04月,202004,2020年04月,30,30日
2020-05-01,2020年05月01日,2020,2020年,5,05月,202005,2020年05月,1,01日
2020-05-02,2020年05月02日,2020,2020年,5,05月,202005,2020年05月,2,02日
2020-05-03,2020年05月03日,2020,2020年,5,05月,202005,2020年05月,3,03日
2020-05-04,2020年05月04日,2020,2020年,5,05月,202005,2020年05月,4,04日
2020-05-05,2020年05月05日,2020,2020年,5,05月,202005,2020年05月,5,05日
2020-05-06,2020年05月06日,2020,2020年,5,05月,202005,2020年05月,6,06日
2020-05-07,2020年05月07日,2020,2020年,5,05月,202005,2020年05月,7,07日
2020-05-08,2020年05月08日,2020,2020年,5,05月,202005,2020年05月,8,08日
2020-05-09,2020年05月09日,2020,2020年,5,05月,202005,2020年05月,9,09日
2020-05-10,2020年05月10日,2020,2020年,5,05月,202005,2020年05月,10,10日
2020-05-11,2020年05月11日,2020,2020年,5,05月,202005,2020年05月,11,11日
2020-05-12,2020年05月12日,2020,2020年,5,05月,202005,2020年05月,12,12日
2020-05-13,2020年05月13日,2020,2020年,5,05月,202005,2020年05月,13,13日
2020-05-14,2020年05月14日,2020,2020年,5,05月,202005,2020年05月,14,14日
2020-05-15,2020年05月15日,2020,2020年,5,05月,202005,2020年05月,15,15日
2020-05-16,2020年05月16日,2020,2020年,5,05月,202005,2020年05月,16,16日
2020-05-17,2020年05月17日,2020,2020年,5,05月,202005,2020年05月,17,17日
2020-05-18,2020年05月18日,2020,2020年,5,05月,202005,2020年05月,18,18日
2020-05-19,2020年05月19日,2020,2020年,5,05月,202005,2020年05月,19,19日
2020-05-20,2020年05月20日,2020,2020年,5,05月,202005,2020年05月,20,20日
2020-05-21,2020年05月21日,2020,2020年,5,05月,202005,2020年05月,21,21日
2020-05-22,2020年05月22日,2020,2020年,5,05月,202005,2020年05月,22,22日
2020-05-23,2020年05月23日,2020,2020年,5,05月,202005,2020年05月,23,23日
2020-05-24,2020年05月24日,2020,2020年,5,05月,202005,2020年05月,24,24日
2020-05-25,2020年05月25日,2020,2020年,5,05月,202005,2020年05月,25,25日
2020-05-26,2020年05月26日,2020,2020年,5,05月,202005,2020年05月,26,26日
2020-05-27,2020年05月27日,2020,2020年,5,05月,202005,2020年05月,27,27日
2020-05-28,2020年05月28日,2020,2020年,5,05月,202005,2020年05月,28,28日
2020-05-29,2020年05月29日,2020,2020年,5,05月,202005,2020年05月,29,29日
2020-05-30,2020年05月30日,2020,2020年,5,05月,202005,2020年05月,30,30日
2020-05-31,2020年05月31日,2020,2020年,5,05月,202005,2020年05月,31,31日
2020-06-01,2020年06月01日,2020,2020年,6,06月,202006,2020年06月,1,01日
2020-06-02,2020年06月02日,2020,2020年,6,06月,202006,2020年06月,2,02日
2020-06-03,2020年06月03日,2020,2020年,6,06月,202006,2020年06月,3,03日
2020-06-04,2020年06月04日,2020,2020年,6,06月,202006,2020年06月,4,04日
2020-06-05,2020年06月05日,2020,2020年,6,06月,202006,2020年06月,5,05日
2020-06-06,2020年06月06日,2020,2020年,6,06月,202006,2020年06月,6,06日
2020-06-07,2020年06月07日,2020,2020年,6,06月,202006,2020年06月,7,07日
2020-06-08,2020年06月08日,2020,2020年,6,06月,202006,2020年06月,8,08日
2020-06-09,2020年06月09日,2020,2020年,6,06月,202006,2020年06月,9,09日
2020-06-10,2020年06月10日,2020,2020年,6,06月,202006,2020年06月,10,10日
2020-06-11,2020年06月11日,2020,2020年,6,06月,202006,2020年06月,11,11日
2020-06-12,2020年06月12日,2020,2020年,6,06月,202006,2020年06月,12,12日
2020-06-13,2020年06月13日,2020,2020年,6,06月,202006,2020年06月,13,13日
2020-06-14,2020年06月14日,2020,2020年,6,06月,202006,2020年06月,14,14日
2020-06-15,2020年06月15日,2020,2020年,6,06月,202006,2020年06月,15,15日
2020-06-16,2020年06月16日,2020,2020年,6,06月,202006,2020年06月,16,16日
2020-06-17,2020年06月17日,2020,2020年,6,06月,202006,2020年06月,17,17日
2020-06-18,2020年06月18日,2020,2020年,6,06月,202006,2020年06月,18,18日
2020-06-19,2020年06月19日,2020,2020年,6,06月,202006,2020年06月,19,19日
2020-06-20,2020年06月20日,2020,2020年,6,06月,202006,2020年06月,20,20日
2020-06-21,2020年06月21日,2020,2020年,6,06月,202006,2020年06月,21,21日
2020-06-22,2020年06月22日,2020,2020年,6,06月,202006,2020年06月,22,22日
2020-06-23,2020年06月23日,2020,2020年,6,06月,202006,2020年06月,23,23日
2020-06-24,2020年06月24日,2020,2020年,6,06月,202006,2020年06月,24,24日
2020-06-25,2020年06月25日,2020,2020年,6,06月,202006,2020年06月,25,25日
2020-06-26,2020年06月26日,2020,2020年,6,06月,202006,2020年06月,26,26日
2020-06-27,2020年06月27日,2020,2020年,6,06月,202006,2020年06月,27,27日
2020-06-28,2020年06月28日,2020,2020年,6,06月,202006,2020年06月,28,28日
2020-06-29,2020年06月29日,2020,2020年,6,06月,202006,2020年06月,29,29日
2020-06-30,2020年06月30日,2020,2020年,6,06月,202006,2020年06月,30,30日
2020-07-01,2020年07月01日,2020,2020年,7,07月,202007,2020年07月,1,01日
2020-07-02,2020年07月02日,2020,2020年,7,07月,202007,2020年07月,2,02日
2020-07-03,2020年07月03日,2020,2020年,7,07月,202007,2020年07月,3,03日
2020-07-04,2020年07月04日,2020,2020年,7,07月,202007,2020年07月,4,04日
2020-07-05,2020年07月05日,2020,2020年,7,07月,202007,2020年07月,5,05日
2020-07-06,2020年07月06日,2020,2020年,7,07月,202007,2020年07月,6,06日
2020-07-07,2020年07月07日,2020,2020年,7,07月,202007,2020年07月,7,07日
2020-07-08,2020年07月08日,2020,2020年,7,07月,202007,2020年07月,8,08日
2020-07-09,2020年07月09日,2020,2020年,7,07月,202007,2020年07月,9,09日
2020-07-10,2020年07月10日,2020,2020年,7,07月,202007,2020年07月,10,10日
2020-07-11,2020年07月11日,2020,2020年,7,07月,202007,2020年07月,11,11日
2020-07-12,2020年07月12日,2020,2020年,7,07月,202007,2020年07月,12,12日
2020-07-13,2020年07月13日,2020,2020年,7,07月,202007,2020年07月,13,13日
2020-07-14,2020年07月14日,2020,2020年,7,07月,202007,2020年07月,14,14日
2020-07-15,2020年07月15日,2020,2020年,7,07月,202007,2020年07月,15,15日
2020-07-16,2020年07月16日,2020,2020年,7,07月,202007,2020年07月,16,16日
2020-07-17,2020年07月17日,2020,2020年,7,07月,202007,2020年07月,17,17日
2020-07-18,2020年07月18日,2020,2020年,7,07月,202007,2020年07月,18,18日
2020-07-19,2020年07月19日,2020,2020年,7,07月,202007,2020年07月,19,19日
2020-07-20,2020年07月20日,2020,2020年,7,07月,202007,2020年07月,20,20日
2020-07-21,2020年07月21日,2020,2020年,7,07月,202007,2020年07月,21,21日
2020-07-22,2020年07月22日,2020,2020年,7,07月,202007,2020年07月,22,22日
2020-07-23,2020年07月23日,2020,2020年,7,07月,202007,2020年07月,23,23日
2020-07-24,2020年07月24日,2020,2020年,7,07月,202007,2020年07月,24,24日
2020-07-25,2020年07月25日,2020,2020年,7,07月,202007,2020年07月,25,25日
2020-07-26,2020年07月26日,2020,2020年,7,07月,202007,2020年07月,26,26日
2020-07-27,2020年07月27日,2020,2020年,7,07月,202007,2020年07月,27,27日
2020-07-28,2020年07月28日,2020,2020年,7,07月,202007,2020年07月,28,28日
2020-07-29,2020年07月29日,2020,2020年,7,07月,202007,2020年07月,29,29日
2020-07-30,2020年07月30日,2020,2020年,7,07月,202007,2020年07月,30,30日
2020-07-31,2020年07月31日,2020,2020年,7,07月,202007,2020年07月,31,31日
2020-08-01,2020年08月01日,2020,2020年,8,08月,202008,2020年08月,1,01日
2020-08-02,2020年08月02日,2020,2020年,8,08月,202008,2020年08月,2,02日
2020-08-03,2020年08月03日,2020,2020年,8,08月,202008,2020年08月,3,03日
2020-08-04,2020年08月04日,2020,2020年,8,08月,202008,2020年08月,4,04日
2020-08-05,2020年08月05日,2020,2020年,8,08月,202008,2020年08月,5,05日
2020-08-06,2020年08月06日,2020,2020年,8,08月,202008,2020年08月,6,06日
2020-08-07,2020年08月07日,2020,2020年,8,08月,202008,2020年08月,7,07日
2020-08-08,2020年08月08日,2020,2020年,8,08月,202008,2020年08月,8,08日
2020-08-09,2020年08月09日,2020,2020年,8,08月,202008,2020年08月,9,09日
2020-08-10,2020年08月10日,2020,2020年,8,08月,202008,2020年08月,10,10日
2020-08-11,2020年08月11日,2020,2020年,8,08月,202008,2020年08月,11,11日
2020-08-12,2020年08月12日,2020,2020年,8,08月,202008,2020年08月,12,12日
2020-08-13,2020年08月13日,2020,2020年,8,08月,202008,2020年08月,13,13日
2020-08-14,2020年08月14日,2020,2020年,8,08月,202008,2020年08月,14,14日
2020-08-15,2020年08月15日,2020,2020年,8,08月,202008,2020年08月,15,15日
2020-08-16,2020年08月16日,2020,2020年,8,08月,202008,2020年08月,16,16日
2020-08-17,2020年08月17日,2020,2020年,8,08月,202008,2020年08月,17,17日
2020-08-18,2020年08月18日,2020,2020年,8,08月,202008,2020年08月,18,18日
2020-08-19,2020年08月19日,2020,2020年,8,08月,202008,2020年08月,19,19日
2020-08-20,2020年08月20日,2020,2020年,8,08月,202008,2020年08月,20,20日
2020-08-21,2020年08月21日,2020,2020年,8,08月,202008,2020年08月,21,21日
2020-08-22,2020年08月22日,2020,2020年,8,08月,202008,2020年08月,22,22日
2020-08-23,2020年08月23日,2020,2020年,8,08月,202008,2020年08月,23,23日
2020-08-24,2020年08月24日,2020,2020年,8,08月,202008,2020年08月,24,24日
2020-08-25,2020年08月25日,2020,2020年,8,08月,202008,2020年08月,25,25日
2020-08-26,2020年08月26日,2020,2020年,8,08月,202008,2020年08月,26,26日
2020-08-27,2020年08月27日,2020,2020年,8,08月,202008,2020年08月,27,27日
2020-08-28,2020年08月28日,2020,2020年,8,08月,202008,2020年08月,28,28日
2020-08-29,2020年08月29日,2020,2020年,8,08月,202008,2020年08月,29,29日
2020-08-30,2020年08月30日,2020,2020年,8,08月,202008,2020年08月,30,30日
2020-08-31,2020年08月31日,2020,2020年,8,08月,202008,2020年08月,31,31日
2020-09-01,2020年09月01日,2020,2020年,9,09月,202009,2020年09月,1,01日
2020-09-02,2020年09月02日,2020,2020年,9,09月,202009,2020年09月,2,02日
2020-09-03,2020年09月03日,2020,2020年,9,09月,202009,2020年09月,3,03日
2020-09-04,2020年09月04日,2020,2020年,9,09月,202009,2020年09月,4,04日
2020-09-05,2020年09月05日,2020,2020年,9,09月,202009,2020年09月,5,05日
2020-09-06,2020年09月06日,2020,2020年,9,09月,202009,2020年09月,6,06日
2020-09-07,2020年09月07日,2020,2020年,9,09月,202009,2020年09月,7,07日
2020-09-08,2020年09月08日,2020,2020年,9,09月,202009,2020年09月,8,08日
2020-09-09,2020年09月09日,2020,2020年,9,09月,202009,2020年09月,9,09日
2020-09-10,2020年09月10日,2020,2020年,9,09月,202009,2020年09月,10,10日
2020-09-11,2020年09月11日,2020,2020年,9,09月,202009,2020年09月,11,11日
2020-09-12,2020年09月12日,2020,2020年,9,09月,202009,2020年09月,12,12日
2020-09-13,2020年09月13日,2020,2020年,9,09月,202009,2020年09月,13,13日
2020-09-14,2020年09月14日,2020,2020年,9,09月,202009,2020年09月,14,14日
2020-09-15,2020年09月15日,2020,2020年,9,09月,202009,2020年09月,15,15日
2020-09-16,2020年09月16日,2020,2020年,9,09月,202009,2020年09月,16,16日
2020-09-17,2020年09月17日,2020,2020年,9,09月,202009,2020年09月,17,17日
2020-09-18,2020年09月18日,2020,2020年,9,09月,202009,2020年09月,18,18日
2020-09-19,2020年09月19日,2020,2020年,9,09月,202009,2020年09月,19,19日
2020-09-20,2020年09月20日,2020,2020年,9,09月,202009,2020年09月,20,20日
2020-09-21,2020年09月21日,2020,2020年,9,09月,202009,2020年09月,21,21日
2020-09-22,2020年09月22日,2020,2020年,9,09月,202009,2020年09月,22,22日
2020-09-23,2020年09月23日,2020,2020年,9,09月,202009,2020年09月,23,23日
2020-09-24,2020年09月24日,2020,2020年,9,09月,202009,2020年09月,24,24日
2020-09-25,2020年09月25日,2020,2020年,9,09月,202009,2020年09月,25,25日
2020-09-26,2020年09月26日,2020,2020年,9,09月,202009,2020年09月,26,26日
2020-09-27,2020年09月27日,2020,2020年,9,09月,202009,2020年09月,27,27日
2020-09-28,2020年09月28日,2020,2020年,9,09月,202009,2020年09月,28,28日
2020-09-29,2020年09月29日,2020,2020年,9,09月,202009,2020年09月,29,29日
2020-09-30,2020年09月30日,2020,2020年,9,09月,202009,2020年09月,30,30日
2020-10-01,2020年10月01日,2020,2020年,10,10月,202010,2020年10月,1,01日
2020-10-02,2020年10月02日,2020,2020年,10,10月,202010,2020年10月,2,02日
2020-10-03,2020年10月03日,2020,2020年,10,10月,202010,2020年10月,3,03日
2020-10-04,2020年10月04日,2020,2020年,10,10月,202010,2020年10月,4,04日
2020-10-05,2020年10月05日,2020,2020年,10,10月,202010,2020年10月,5,05日
2020-10-06,2020年10月06日,2020,2020年,10,10月,202010,2020年10月,6,06日
2020-10-07,2020年10月07日,2020,2020年,10,10月,202010,2020年10月,7,07日
2020-10-08,2020年10月08日,2020,2020年,10,10月,202010,2020年10月,8,08日
2020-10-09,2020年10月09日,2020,2020年,10,10月,202010,2020年10月,9,09日
2020-10-10,2020年10月10日,2020,2020年,10,10月,202010,2020年10月,10,10日
2020-10-11,2020年10月11日,2020,2020年,10,10月,202010,2020年10月,11,11日
2020-10-12,2020年10月12日,2020,2020年,10,10月,202010,2020年10月,12,12日
2020-10-13,2020年10月13日,2020,2020年,10,10月,202010,2020年10月,13,13日
2020-10-14,2020年10月14日,2020,2020年,10,10月,202010,2020年10月,14,14日
2020-10-15,2020年10月15日,2020,2020年,10,10月,202010,2020年10月,15,15日
2020-10-16,2020年10月16日,2020,2020年,10,10月,202010,2020年10月,16,16日
2020-10-17,2020年10月17日,2020,2020年,10,10月,202010,2020年10月,17,17日
2020-10-18,2020年10月18日,2020,2020年,10,10月,202010,2020年10月,18,18日
2020-10-19,2020年10月19日,2020,2020年,10,10月,202010,2020年10月,19,19日
2020-10-20,2020年10月20日,2020,2020年,10,10月,202010,2020年10月,20,20日
2020-10-21,2020年10月21日,2020,2020年,10,10月,202010,2020年10月,21,21日
2020-10-22,2020年10月22日,2020,2020年,10,10月,202010,2020年10月,22,22日
2020-10-23,2020年10月23日,2020,2020年,10,10月,202010,2020年10月,23,23日
2020-10-24,2020年10月24日,2020,2020年,10,10月,202010,2020年10月,24,24日
2020-10-25,2020年10月25日,2020,2020年,10,10月,202010,2020年10月,25,25日
2020-10-26,2020年10月26日,2020,2020年,10,10月,202010,2020年10月,26,26日
2020-10-27,2020年10月27日,2020,2020年,10,10月,202010,2020年10月,27,27日
2020-10-28,2020年10月28日,2020,2020年,10,10月,202010,2020年10月,28,28日
2020-10-29,2020年10月29日,2020,2020年,10,10月,202010,2020年10月,29,29日
2020-10-30,2020年10月30日,2020,2020年,10,10月,202010,2020年10月,30,30日
2020-10-31,2020年10月31日,2020,2020年,10,10月,202010,2020年10月,31,31日
2020-11-01,2020年11月01日,2020,2020年,11,11月,202011,2020年11月,1,01日
2020-11-02,2020年11月02日,2020,2020年,11,11月,202011,2020年11月,2,02日
2020-11-03,2020年11月03日,2020,2020年,11,11月,202011,2020年11月,3,03日
2020-11-04,2020年11月04日,2020,2020年,11,11月,202011,2020年11月,4,04日
2020-11-05,2020年11月05日,2020,2020年,11,11月,202011,2020年11月,5,05日
2020-11-06,2020年11月06日,2020,2020年,11,11月,202011,2020年11月,6,06日
2020-11-07,2020年11月07日,2020,2020年,11,11月,202011,2020年11月,7,07日
2020-11-08,2020年11月08日,2020,2020年,11,11月,202011,2020年11月,8,08日
2020-11-09,2020年11月09日,2020,2020年,11,11月,202011,2020年11月,9,09日
2020-11-10,2020年11月10日,2020,2020年,11,11月,202011,2020年11月,10,10日
2020-11-11,2020年11月11日,2020,2020年,11,11月,202011,2020年11月,11,11日
2020-11-12,2020年11月12日,2020,2020年,11,11月,202011,2020年11月,12,12日
2020-11-13,2020年11月13日,2020,2020年,11,11月,202011,2020年11月,13,13日
2020-11-14,2020年11月14日,2020,2020年,11,11月,202011,2020年11月,14,14日
2020-11-15,2020年11月15日,2020,2020年,11,11月,202011,2020年11月,15,15日
2020-11-16,2020年11月16日,2020,2020年,11,11月,202011,2020年11月,16,16日
2020-11-17,2020年11月17日,2020,2020年,11,11月,202011,2020年11月,17,17日
2020-11-18,2020年11月18日,2020,2020年,11,11月,202011,2020年11月,18,18日
2020-11-19,2020年11月19日,2020,2020年,11,11月,202011,2020年11月,19,19日
2020-11-20,2020年11月20日,2020,2020年,11,11月,202011,2020年11月,20,20日
2020-11-21,2020年11月21日,2020,2020年,11,11月,202011,2020年11月,21,21日
2020-11-22,2020年11月22日,2020,2020年,11,11月,202011,2020年11月,22,22日
2020-11-23,2020年11月23日,2020,2020年,11,11月,202011,2020年11月,23,23日
2020-11-24,2020年11月24日,2020,2020年,11,11月,202011,2020年11月,24,24日
2020-11-25,2020年11月25日,2020,2020年,11,11月,202011,2020年11月,25,25日
2020-11-26,2020年11月26日,2020,2020年,11,11月,202011,2020年11月,26,26日
2020-11-27,2020年11月27日,2020,2020年,11,11月,202011,2020年11月,27,27日
2020-11-28,2020年11月28日,2020,2020年,11,11月,202011,2020年11月,28,28日
2020-11-29,2020年11月29日,2020,2020年,11,11月,202011,2020年11月,29,29日
2020-11-30,2020年11月30日,2020,2020年,11,11月,202011,2020年11月,30,30日
2020-12-01,2020年12月01日,2020,2020年,12,12月,202012,2020年12月,1,01日
2020-12-02,2020年12月02日,2020,2020年,12,12月,202012,2020年12月,2,02日
2020-12-03,2020年12月03日,2020,2020年,12,12月,202012,2020年12月,3,03日
2020-12-04,2020年12月04日,2020,2020年,12,12月,202012,2020年12月,4,04日
2020-12-05,2020年12月05日,2020,2020年,12,12月,202012,2020年12月,5,05日
2020-12-06,2020年12月06日,2020,2020年,12,12月,202012,2020年12月,6,06日
2020-12-07,2020年12月07日,2020,2020年,12,12月,202012,2020年12月,7,07日
2020-12-08,2020年12月08日,2020,2020年,12,12月,202012,2020年12月,8,08日
2020-12-09,2020年12月09日,2020,2020年,12,12月,202012,2020年12月,9,09日
2020-12-10,2020年12月10日,2020,2020年,12,12月,202012,2020年12月,10,10日
2020-12-11,2020年12月11日,2020,2020年,12,12月,202012,2020年12月,11,11日
2020-12-12,2020年12月12日,2020,2020年,12,12月,202012,2020年12月,12,12日
2020-12-13,2020年12月13日,2020,2020年,12,12月,202012,2020年12月,13,13日
2020-12-14,2020年12月14日,2020,2020年,12,12月,202012,2020年12月,14,14日
2020-12-15,2020年12月15日,2020,2020年,12,12月,202012,2020年12月,15,15日
2020-12-16,2020年12月16日,2020,2020年,12,12月,202012,2020年12月,16,16日
2020-12-17,2020年12月17日,2020,2020年,12,12月,202012,2020年12月,17,17日
2020-12-18,2020年12月18日,2020,2020年,12,12月,202012,2020年12月,18,18日
2020-12-19,2020年12月19日,2020,2020年,12,12月,202012,2020年12月,19,19日
2020-12-20,2020年12月20日,2020,2020年,12,12月,202012,2020年12月,20,20日
2020-12-21,2020年12月21日,2020,2020年,12,12月,202012,2020年12月,21,21日
2020-12-22,2020年12月22日,2020,2020年,12,12月,202012,2020年12月,22,22日
2020-12-23,2020年12月23日,2020,2020年,12,12月,202012,2020年12月,23,23日
2020-12-24,2020年12月24日,2020,2020年,12,12月,202012,2020年12月,24,24日
2020-12-25,2020年12月25日,2020,2020年,12,12月,202012,2020年12月,25,25日
2020-12-26,2020年12月26日,2020,2020年,12,12月,202012,2020年12月,26,26日
2020-12-27,2020年12月27日,2020,2020年,12,12月,202012,2020年12月,27,27日
2020-12-28,2020年12月28日,2020,2020年,12,12月,202012,2020年12月,28,28日
2020-12-29,2020年12月29日,2020,2020年,12,12月,202012,2020年12月,29,29日
2020-12-30,2020年12月30日,2020,2020年,12,12月,202012,2020年12月,30,30日
2020-12-31,2020年12月31日,2020,2020年,12,12月,202012,2020年12月,31,31日
2021-01-01,2021年01月01日,2021,2021年,1,01月,202101,2021年01月,1,01日
2021-01-02,2021年01月02日,2021,2021年,1,01月,202101,2021年01月,2,02日
2021-01-03,2021年01月03日,2021,2021年,1,01月,202101,2021年01月,3,03日
2021-01-04,2021年01月04日,2021,2021年,1,01月,202101,2021年01月,4,04日
2021-01-05,2021年01月05日,2021,2021年,1,01月,202101,2021年01月,5,05日
2021-01-06,2021年01月06日,2021,2021年,1,01月,202101,2021年01月,6,06日
2021-01-07,2021年01月07日,2021,2021年,1,01月,202101,2021年01月,7,07日
2021-01-08,2021年01月08日,2021,2021年,1,01月,202101,2021年01月,8,08日
2021-01-09,2021年01月09日,2021,2021年,1,01月,202101,2021年01月,9,09日
2021-01-10,2021年01月10日,2021,2021年,1,01月,202101,2021年01月,10,10日
2021-01-11,2021年01月11日,2021,2021年,1,01月,202101,2021年01月,11,11日
2021-01-12,2021年01月12日,2021,2021年,1,01月,202101,2021年01月,12,12日
2021-01-13,2021年01月13日,2021,2021年,1,01月,202101,2021年01月,13,13日
2021-01-14,2021年01月14日,2021,2021年,1,01月,202101,2021年01月,14,14日
2021-01-15,2021年01月15日,2021,2021年,1,01月,202101,2021年01月,15,15日
2021-01-16,2021年01月16日,2021,2021年,1,01月,202101,2021年01月,16,16日
2021-01-17,2021年01月17日,2021,2021年,1,01月,202101,2021年01月,17,17日
2021-01-18,2021年01月18日,2021,2021年,1,01月,202101,2021年01月,18,18日
2021-01-19,2021年01月19日,2021,2021年,1,01月,202101,2021年01月,19,19日
2021-01-20,2021年01月20日,2021,2021年,1,01月,202101,2021年01月,20,20日
2021-01-21,2021年01月21日,2021,2021年,1,01月,202101,2021年01月,21,21日
2021-01-22,2021年01月22日,2021,2021年,1,01月,202101,2021年01月,22,22日
2021-01-23,2021年01月23日,2021,2021年,1,01月,202101,2021年01月,23,23日
2021-01-24,2021年01月24日,2021,2021年,1,01月,202101,2021年01月,24,24日
2021-01-25,2021年01月25日,2021,2021年,1,01月,202101,2021年01月,25,25日
2021-01-26,2021年01月26日,2021,2021年,1,01月,202101,2021年01月,26,26日
2021-01-27,2021年01月27日,2021,2021年,1,01月,202101,2021年01月,27,27日
2021-01-28,2021年01月28日,2021,2021年,1,01月,202101,2021年01月,28,28日
2021-01-29,2021年01月29日,2021,2021年,1,01月,202101,2021年01月,29,29日
2021-01-30,2021年01月30日,2021,2021年,1,01月,202101,2021年01月,30,30日
2021-01-31,2021年01月31日,2021,2021年,1,01月,202101,2021年01月,31,31日
2021-02-01,2021年02月01日,2021,2021年,2,02月,202102,2021年02月,1,01日
2021-02-02,2021年02月02日,2021,2021年,2,02月,202102,2021年02月,2,02日
2021-02-03,2021年02月03日,2021,2021年,2,02月,202102,2021年02月,3,03日
2021-02-04,2021年02月04日,2021,2021年,2,02月,202102,2021年02月,4,04日
2021-02-05,2021年02月05日,2021,2021年,2,02月,202102,2021年02月,5,05日
2021-02-06,2021年02月06日,2021,2021年,2,02月,202102,2021年02月,6,06日
2021-02-07,2021年02月07日,2021,2021年,2,02月,202102,2021年02月,7,07日
2021-02-08,2021年02月08日,2021,2021年,2,02月,202102,2021年02月,8,08日
2021-02-09,2021年02月09日,2021,2021年,2,02月,202102,2021年02月,9,09日
2021-02-10,2021年02月10日,2021,2021年,2,02月,202102,2021年02月,10,10日
2021-02-11,2021年02月11日,2021,2021年,2,02月,202102,2021年02月,11,11日
2021-02-12,2021年02月12日,2021,2021年,2,02月,202102,2021年02月,12,12日
2021-02-13,2021年02月13日,2021,2021年,2,02月,202102,2021年02月,13,13日
2021-02-14,2021年02月14日,2021,2021年,2,02月,202102,2021年02月,14,14日
2021-02-15,2021年02月15日,2021,2021年,2,02月,202102,2021年02月,15,15日
2021-02-16,2021年02月16日,2021,2021年,2,02月,202102,2021年02月,16,16日
2021-02-17,2021年02月17日,2021,2021年,2,02月,202102,2021年02月,17,17日
2021-02-18,2021年02月18日,2021,2021年,2,02月,202102,2021年02月,18,18日
2021-02-19,2021年02月19日,2021,2021年,2,02月,202102,2021年02月,19,19日
2021-02-20,2021年02月20日,2021,2021年,2,02月,202102,2021年02月,20,20日
2021-02-21,2021年02月21日,2021,2021年,2,02月,202102,2021年02月,21,21日
2021-02-22,2021年02月22日,2021,2021年,2,02月,202102,2021年02月,22,22日
2021-02-23,2021年02月23日,2021,2021年,2,02月,202102,2021年02月,23,23日
2021-02-24,2021年02月24日,2021,2021年,2,02月,202102,2021年02月,24,24日
2021-02-25,2021年02月25日,2021,2021年,2,02月,202102,2021年02月,25,25日
2021-02-26,2021年02月26日,2021,2021年,2,02月,202102,2021年02月,26,26日
2021-02-27,2021年02月27日,2021,2021年,2,02月,202102,2021年02月,27,27日
2021-02-28,2021年02月28日,2021,2021年,2,02月,202102,2021年02月,28,28日
2021-03-01,2021年03月01日,2021,2021年,3,03月,202103,2021年03月,1,01日
2021-03-02,2021年03月02日,2021,2021年,3,03月,202103,2021年03月,2,02日
2021-03-03,2021年03月03日,2021,2021年,3,03月,202103,2021年03月,3,03日
2021-03-04,2021年03月04日,2021,2021年,3,03月,202103,2021年03月,4,04日
2021-03-05,2021年03月05日,2021,2021年,3,03月,202103,2021年03月,5,05日
2021-03-06,2021年03月06日,2021,2021年,3,03月,202103,2021年03月,6,06日
2021-03-07,2021年03月07日,2021,2021年,3,03月,202103,2021年03月,7,07日
2021-03-08,2021年03月08日,2021,2021年,3,03月,202103,2021年03月,8,08日
2021-03-09,2021年03月09日,2021,2021年,3,03月,202103,2021年03月,9,09日
2021-03-10,2021年03月10日,2021,2021年,3,03月,202103,2021年03月,10,10日
2021-03-11,2021年03月11日,2021,2021年,3,03月,202103,2021年03月,11,11日
2021-03-12,2021年03月12日,2021,2021年,3,03月,202103,2021年03月,12,12日
2021-03-13,2021年03月13日,2021,2021年,3,03月,202103,2021年03月,13,13日
2021-03-14,2021年03月14日,2021,2021年,3,03月,202103,2021年03月,14,14日
2021-03-15,2021年03月15日,2021,2021年,3,03月,202103,2021年03月,15,15日
2021-03-16,2021年03月16日,2021,2021年,3,03月,202103,2021年03月,16,16日
2021-03-17,2021年03月17日,2021,2021年,3,03月,202103,2021年03月,17,17日
2021-03-18,2021年03月18日,2021,2021年,3,03月,202103,2021年03月,18,18日
2021-03-19,2021年03月19日,2021,2021年,3,03月,202103,2021年03月,19,19日
2021-03-20,2021年03月20日,2021,2021年,3,03月,202103,2021年03月,20,20日
2021-03-21,2021年03月21日,2021,2021年,3,03月,202103,2021年03月,21,21日
2021-03-22,2021年03月22日,2021,2021年,3,03月,202103,2021年03月,22,22日
2021-03-23,2021年03月23日,2021,2021年,3,03月,202103,2021年03月,23,23日
2021-03-24,2021年03月24日,2021,2021年,3,03月,202103,2021年03月,24,24日
2021-03-25,2021年03月25日,2021,2021年,3,03月,202103,2021年03月,25,25日
2021-03-26,2021年03月26日,2021,2021年,3,03月,202103,2021年03月,26,26日
2021-03-27,2021年03月27日,2021,2021年,3,03月,202103,2021年03月,27,27日
2021-03-28,2021年03月28日,2021,2021年,3,03月,202103,2021年03月,28,28日
2021-03-29,2021年03月29日,2021,2021年,3,03月,202103,2021年03月,29,29日
2021-03-30,2021年03月30日,2021,2021年,3,03月,202103,2021年03月,30,30日
2021-03-31,2021年03月31日,2021,2021年,3,03月,202103,2021年03月,31,31日
2021-04-01,2021年04月01日,2021,2021年,4,04月,202104,2021年04月,1,01日
2021-04-02,2021年04月02日,2021,2021年,4,04月,202104,2021年04月,2,02日
2021-04-03,2021年04月03日,2021,2021年,4,04月,202104,2021年04月,3,03日
2021-04-04,2021年04月04日,2021,2021年,4,04月,202104,2021年04月,4,04日
2021-04-05,2021年04月05日,2021,2021年,4,04月,202104,2021年04月,5,05日
2021-04-06,2021年04月06日,2021,2021年,4,04月,202104,2021年04月,6,06日
2021-04-07,2021年04月07日,2021,2021年,4,04月,202104,2021年04月,7,07日
2021-04-08,2021年04月08日,2021,2021年,4,04月,202104,2021年04月,8,08日
2021-04-09,2021年04月09日,2021,2021年,4,04月,202104,2021年04月,9,09日
2021-04-10,2021年04月10日,2021,2021年,4,04月,202104,2021年04月,10,10日
2021-04-11,2021年04月11日,2021,2021年,4,04月,202104,2021年04月,11,11日
2021-04-12,2021年04月12日,2021,2021年,4,04月,202104,2021年04月,12,12日
2021-04-13,2021年04月13日,2021,2021年,4,04月,202104,2021年04月,13,13日
2021-04-14,2021年04月14日,2021,2021年,4,04月,202104,2021年04月,14,14日
2021-04-15,2021年04月15日,2021,2021年,4,04月,202104,2021年04月,15,15日
2021-04-16,2021年04月16日,2021,2021年,4,04月,202104,2021年04月,16,16日
2021-04-17,2021年04月17日,2021,2021年,4,04月,202104,2021年04月,17,17日
2021-04-18,2021年04月18日,2021,2021年,4,04月,202104,2021年04月,18,18日
2021-04-19,2021年04月19日,2021,2021年,4,04月,202104,2021年04月,19,19日
2021-04-20,2021年04月20日,2021,2021年,4,04月,202104,2021年04月,20,20日
2021-04-21,2021年04月21日,2021,2021年,4,04月,202104,2021年04月,21,21日
2021-04-22,2021年04月22日,2021,2021年,4,04月,202104,2021年04月,22,22日
2021-04-23,2021年04月23日,2021,2021年,4,04月,202104,2021年04月,23,23日
2021-04-24,2021年04月24日,2021,2021年,4,04月,202104,2021年04月,24,24日
2021-04-25,2021年04月25日,2021,2021年,4,04月,202104,2021年04月,25,25日
2021-04-26,2021年04月26日,2021,2021年,4,04月,202104,2021年04月,26,26日
2021-04-27,2021年04月27日,2021,2021年,4,04月,202104,2021年04月,27,27日
2021-04-28,2021年04月28日,2021,2021年,4,04月,202104,2021年04月,28,28日
2021-04-29,2021年04月29日,2021,2021年,4,04月,202104,2021年04月,29,29日
2021-04-30,2021年04月30日,2021,2021年,4,04月,202104,2021年04月,30,30日
2021-05-01,2021年05月01日,2021,2021年,5,05月,202105,2021年05月,1,01日
2021-05-02,2021年05月02日,2021,2021年,5,05月,202105,2021年05月,2,02日
2021-05-03,2021年05月03日,2021,2021年,5,05月,202105,2021年05月,3,03日
2021-05-04,2021年05月04日,2021,2021年,5,05月,202105,2021年05月,4,04日
2021-05-05,2021年05月05日,2021,2021年,5,05月,202105,2021年05月,5,05日
2021-05-06,2021年05月06日,2021,2021年,5,05月,202105,2021年05月,6,06日
2021-05-07,2021年05月07日,2021,2021年,5,05月,202105,2021年05月,7,07日
2021-05-08,2021年05月08日,2021,2021年,5,05月,202105,2021年05月,8,08日
2021-05-09,2021年05月09日,2021,2021年,5,05月,202105,2021年05月,9,09日
2021-05-10,2021年05月10日,2021,2021年,5,05月,202105,2021年05月,10,10日
2021-05-11,2021年05月11日,2021,2021年,5,05月,202105,2021年05月,11,11日
2021-05-12,2021年05月12日,2021,2021年,5,05月,202105,2021年05月,12,12日
2021-05-13,2021年05月13日,2021,2021年,5,05月,202105,2021年05月,13,13日
2021-05-14,2021年05月14日,2021,2021年,5,05月,202105,2021年05月,14,14日
2021-05-15,2021年05月15日,2021,2021年,5,05月,202105,2021年05月,15,15日
2021-05-16,2021年05月16日,2021,2021年,5,05月,202105,2021年05月,16,16日
2021-05-17,2021年05月17日,2021,2021年,5,05月,202105,2021年05月,17,17日
2021-05-18,2021年05月18日,2021,2021年,5,05月,202105,2021年05月,18,18日
2021-05-19,2021年05月19日,2021,2021年,5,05月,202105,2021年05月,19,19日
2021-05-20,2021年05月20日,2021,2021年,5,05月,202105,2021年05月,20,20日
2021-05-21,2021年05月21日,2021,2021年,5,05月,202105,2021年05月,21,21日
2021-05-22,2021年05月22日,2021,2021年,5,05月,202105,2021年05月,22,22日
2021-05-23,2021年05月23日,2021,2021年,5,05月,202105,2021年05月,23,23日
2021-05-24,2021年05月24日,2021,2021年,5,05月,202105,2021年05月,24,24日
2021-05-25,2021年05月25日,2021,2021年,5,05月,202105,2021年05月,25,25日
2021-05-26,2021年05月26日,2021,2021年,5,05月,202105,2021年05月,26,26日
2021-05-27,2021年05月27日,2021,2021年,5,05月,202105,2021年05月,27,27日
2021-05-28,2021年05月28日,2021,2021年,5,05月,202105,2021年05月,28,28日
2021-05-29,2021年05月29日,2021,2021年,5,05月,202105,2021年05月,29,29日
2021-05-30,2021年05月30日,2021,2021年,5,05月,202105,2021年05月,30,30日
2021-05-31,2021年05月31日,2021,2021年,5,05月,202105,2021年05月,31,31日
2021-06-01,2021年06月01日,2021,2021年,6,06月,202106,2021年06月,1,01日
2021-06-02,2021年06月02日,2021,2021年,6,06月,202106,2021年06月,2,02日
2021-06-03,2021年06月03日,2021,2021年,6,06月,202106,2021年06月,3,03日
2021-06-04,2021年06月04日,2021,2021年,6,06月,202106,2021年06月,4,04日
2021-06-05,2021年06月05日,2021,2021年,6,06月,202106,2021年06月,5,05日
2021-06-06,2021年06月06日,2021,2021年,6,06月,202106,2021年06月,6,06日
2021-06-07,2021年06月07日,2021,2021年,6,06月,202106,2021年06月,7,07日
2021-06-08,2021年06月08日,2021,2021年,6,06月,202106,2021年06月,8,08日
2021-06-09,2021年06月09日,2021,2021年,6,06月,202106,2021年06月,9,09日
2021-06-10,2021年06月10日,2021,2021年,6,06月,202106,2021年06月,10,10日
2021-06-11,2021年06月11日,2021,2021年,6,06月,202106,2021年06月,11,11日
2021-06-12,2021年06月12日,2021,2021年,6,06月,202106,2021年06月,12,12日
2021-06-13,2021年06月13日,2021,2021年,6,06月,202106,2021年06月,13,13日
2021-06-14,2021年06月14日,2021,2021年,6,06月,202106,2021年06月,14,14日
2021-06-15,2021年06月15日,2021,2021年,6,06月,202106,2021年06月,15,15日
2021-06-16,2021年06月16日,2021,2021年,6,06月,202106,2021年06月,16,16日
2021-06-17,2021年06月17日,2021,2021年,6,06月,202106,2021年06月,17,17日
2021-06-18,2021年06月18日,2021,2021年,6,06月,202106,2021年06月,18,18日
2021-06-19,2021年06月19日,2021,2021年,6,06月,202106,2021年06月,19,19日
2021-06-20,2021年06月20日,2021,2021年,6,06月,202106,2021年06月,20,20日
2021-06-21,2021年06月21日,2021,2021年,6,06月,202106,2021年06月,21,21日
2021-06-22,2021年06月22日,2021,2021年,6,06月,202106,2021年06月,22,22日
2021-06-23,2021年06月23日,2021,2021年,6,06月,202106,2021年06月,23,23日
2021-06-24,2021年06月24日,2021,2021年,6,06月,202106,2021年06月,24,24日
2021-06-25,2021年06月25日,2021,2021年,6,06月,202106,2021年06月,25,25日
2021-06-26,2021年06月26日,2021,2021年,6,06月,202106,2021年06月,26,26日
2021-06-27,2021年06月27日,2021,2021年,6,06月,202106,2021年06月,27,27日
2021-06-28,2021年06月28日,2021,2021年,6,06月,202106,2021年06月,28,28日
2021-06-29,2021年06月29日,2021,2021年,6,06月,202106,2021年06月,29,29日
2021-06-30,2021年06月30日,2021,2021年,6,06月,202106,2021年06月,30,30日
2021-07-01,2021年07月01日,2021,2021年,7,07月,202107,2021年07月,1,01日
2021-07-02,2021年07月02日,2021,2021年,7,07月,202107,2021年07月,2,02日
2021-07-03,2021年07月03日,2021,2021年,7,07月,202107,2021年07月,3,03日
2021-07-04,2021年07月04日,2021,2021年,7,07月,202107,2021年07月,4,04日
2021-07-05,2021年07月05日,2021,2021年,7,07月,202107,2021年07月,5,05日
2021-07-06,2021年07月06日,2021,2021年,7,07月,202107,2021年07月,6,06日
2021-07-07,2021年07月07日,2021,2021年,7,07月,202107,2021年07月,7,07日
2021-07-08,2021年07月08日,2021,2021年,7,07月,202107,2021年07月,8,08日
2021-07-09,2021年07月09日,2021,2021年,7,07月,202107,2021年07月,9,09日
2021-07-10,2021年07月10日,2021,2021年,7,07月,202107,2021年07月,10,10日
2021-07-11,2021年07月11日,2021,2021年,7,07月,202107,2021年07月,11,11日
2021-07-12,2021年07月12日,2021,2021年,7,07月,202107,2021年07月,12,12日
2021-07-13,2021年07月13日,2021,2021年,7,07月,202107,2021年07月,13,13日
2021-07-14,2021年07月14日,2021,2021年,7,07月,202107,2021年07月,14,14日
2021-07-15,2021年07月15日,2021,2021年,7,07月,202107,2021年07月,15,15日
2021-07-16,2021年07月16日,2021,2021年,7,07月,202107,2021年07月,16,16日
2021-07-17,2021年07月17日,2021,2021年,7,07月,202107,2021年07月,17,17日
2021-07-18,2021年07月18日,2021,2021年,7,07月,202107,2021年07月,18,18日
2021-07-19,2021年07月19日,2021,2021年,7,07月,202107,2021年07月,19,19日
2021-07-20,2021年07月20日,2021,2021年,7,07月,202107,2021年07月,20,20日
2021-07-21,2021年07月21日,2021,2021年,7,07月,202107,2021年07月,21,21日
2021-07-22,2021年07月22日,2021,2021年,7,07月,202107,2021年07月,22,22日
2021-07-23,2021年07月23日,2021,2021年,7,07月,202107,2021年07月,23,23日
2021-07-24,2021年07月24日,2021,2021年,7,07月,202107,2021年07月,24,24日
2021-07-25,2021年07月25日,2021,2021年,7,07月,202107,2021年07月,25,25日
2021-07-26,2021年07月26日,2021,2021年,7,07月,202107,2021年07月,26,26日
2021-07-27,2021年07月27日,2021,2021年,7,07月,202107,2021年07月,27,27日
2021-07-28,2021年07月28日,2021,2021年,7,07月,202107,2021年07月,28,28日
2021-07-29,2021年07月29日,2021,2021年,7,07月,202107,2021年07月,29,29日
2021-07-30,2021年07月30日,2021,2021年,7,07月,202107,2021年07月,30,30日
2021-07-31,2021年07月31日,2021,2021年,7,07月,202107,2021年07月,31,31日
2021-08-01,2021年08月01日,2021,2021年,8,08月,202108,2021年08月,1,01日
2021-08-02,2021年08月02日,2021,2021年,8,08月,202108,2021年08月,2,02日
2021-08-03,2021年08月03日,2021,2021年,8,08月,202108,2021年08月,3,03日
2021-08-04,2021年08月04日,2021,2021年,8,08月,202108,2021年08月,4,04日
2021-08-05,2021年08月05日,2021,2021年,8,08月,202108,2021年08月,5,05日
2021-08-06,2021年08月06日,2021,2021年,8,08月,202108,2021年08月,6,06日
2021-08-07,2021年08月07日,2021,2021年,8,08月,202108,2021年08月,7,07日
2021-08-08,2021年08月08日,2021,2021年,8,08月,202108,2021年08月,8,08日
2021-08-09,2021年08月09日,2021,2021年,8,08月,202108,2021年08月,9,09日
2021-08-10,2021年08月10日,2021,2021年,8,08月,202108,2021年08月,10,10日
2021-08-11,2021年08月11日,2021,2021年,8,08月,202108,2021年08月,11,11日
2021-08-12,2021年08月12日,2021,2021年,8,08月,202108,2021年08月,12,12日
2021-08-13,2021年08月13日,2021,2021年,8,08月,202108,2021年08月,13,13日
2021-08-14,2021年08月14日,2021,2021年,8,08月,202108,2021年08月,14,14日
2021-08-15,2021年08月15日,2021,2021年,8,08月,202108,2021年08月,15,15日
2021-08-16,2021年08月16日,2021,2021年,8,08月,202108,2021年08月,16,16日
2021-08-17,2021年08月17日,2021,2021年,8,08月,202108,2021年08月,17,17日
2021-08-18,2021年08月18日,2021,2021年,8,08月,202108,2021年08月,18,18日
2021-08-19,2021年08月19日,2021,2021年,8,08月,202108,2021年08月,19,19日
2021-08-20,2021年08月20日,2021,2021年,8,08月,202108,2021年08月,20,20日
2021-08-21,2021年08月21日,2021,2021年,8,08月,202108,2021年08月,21,21日
2021-08-22,2021年08月22日,2021,2021年,8,08月,202108,2021年08月,22,22日
2021-08-23,2021年08月23日,2021,2021年,8,08月,202108,2021年08月,23,23日
2021-08-24,2021年08月24日,2021,2021年,8,08月,202108,2021年08月,24,24日
2021-08-25,2021年08月25日,2021,2021年,8,08月,202108,2021年08月,25,25日
2021-08-26,2021年08月26日,2021,2021年,8,08月,202108,2021年08月,26,26日
2021-08-27,2021年08月27日,2021,2021年,8,08月,202108,2021年08月,27,27日
2021-08-28,2021年08月28日,2021,2021年,8,08月,202108,2021年08月,28,28日
2021-08-29,2021年08月29日,2021,2021年,8,08月,202108,2021年08月,29,29日
2021-08-30,2021年08月30日,2021,2021年,8,08月,202108,2021年08月,30,30日
2021-08-31,2021年08月31日,2021,2021年,8,08月,202108,2021年08月,31,31日
2021-09-01,2021年09月01日,2021,2021年,9,09月,202109,2021年09月,1,01日
2021-09-02,2021年09月02日,2021,2021年,9,09月,202109,2021年09月,2,02日
2021-09-03,2021年09月03日,2021,2021年,9,09月,202109,2021年09月,3,03日
2021-09-04,2021年09月04日,2021,2021年,9,09月,202109,2021年09月,4,04日
2021-09-05,2021年09月05日,2021,2021年,9,09月,202109,2021年09月,5,05日
2021-09-06,2021年09月06日,2021,2021年,9,09月,202109,2021年09月,6,06日
2021-09-07,2021年09月07日,2021,2021年,9,09月,202109,2021年09月,7,07日
2021-09-08,2021年09月08日,2021,2021年,9,09月,202109,2021年09月,8,08日
2021-09-09,2021年09月09日,2021,2021年,9,09月,202109,2021年09月,9,09日
2021-09-10,2021年09月10日,2021,2021年,9,09月,202109,2021年09月,10,10日
2021-09-11,2021年09月11日,2021,2021年,9,09月,202109,2021年09月,11,11日
2021-09-12,2021年09月12日,2021,2021年,9,09月,202109,2021年09月,12,12日
2021-09-13,2021年09月13日,2021,2021年,9,09月,202109,2021年09月,13,13日
2021-09-14,2021年09月14日,2021,2021年,9,09月,202109,2021年09月,14,14日
2021-09-15,2021年09月15日,2021,2021年,9,09月,202109,2021年09月,15,15日
2021-09-16,2021年09月16日,2021,2021年,9,09月,202109,2021年09月,16,16日
2021-09-17,2021年09月17日,2021,2021年,9,09月,202109,2021年09月,17,17日
2021-09-18,2021年09月18日,2021,2021年,9,09月,202109,2021年09月,18,18日
2021-09-19,2021年09月19日,2021,2021年,9,09月,202109,2021年09月,19,19日
2021-09-20,2021年09月20日,2021,2021年,9,09月,202109,2021年09月,20,20日
2021-09-21,2021年09月21日,2021,2021年,9,09月,202109,2021年09月,21,21日
2021-09-22,2021年09月22日,2021,2021年,9,09月,202109,2021年09月,22,22日
2021-09-23,2021年09月23日,2021,2021年,9,09月,202109,2021年09月,23,23日
2021-09-24,2021年09月24日,2021,2021年,9,09月,202109,2021年09月,24,24日
2021-09-25,2021年09月25日,2021,2021年,9,09月,202109,2021年09月,25,25日
2021-09-26,2021年09月26日,2021,2021年,9,09月,202109,2021年09月,26,26日
2021-09-27,2021年09月27日,2021,2021年,9,09月,202109,2021年09月,27,27日
2021-09-28,2021年09月28日,2021,2021年,9,09月,202109,2021年09月,28,28日
2021-09-29,2021年09月29日,2021,2021年,9,09月,202109,2021年09月,29,29日
2021-09-30,2021年09月30日,2021,2021年,9,09月,202109,2021年09月,30,30日
2021-10-01,2021年10月01日,2021,2021年,10,10月,202110,2021年10月,1,01日
2021-10-02,2021年10月02日,2021,2021年,10,10月,202110,2021年10月,2,02日
2021-10-03,2021年10月03日,2021,2021年,10,10月,202110,2021年10月,3,03日
2021-10-04,2021年10月04日,2021,2021年,10,10月,202110,2021年10月,4,04日
2021-10-05,2021年10月05日,2021,2021年,10,10月,202110,2021年10月,5,05日
2021-10-06,2021年10月06日,2021,2021年,10,10月,202110,2021年10月,6,06日
2021-10-07,2021年10月07日,2021,2021年,10,10月,202110,2021年10月,7,07日
2021-10-08,2021年10月08日,2021,2021年,10,10月,202110,2021年10月,8,08日
2021-10-09,2021年10月09日,2021,2021年,10,10月,202110,2021年10月,9,09日
2021-10-10,2021年10月10日,2021,2021年,10,10月,202110,2021年10月,10,10日
2021-10-11,2021年10月11日,2021,2021年,10,10月,202110,2021年10月,11,11日
2021-10-12,2021年10月12日,2021,2021年,10,10月,202110,2021年10月,12,12日
2021-10-13,2021年10月13日,2021,2021年,10,10月,202110,2021年10月,13,13日
2021-10-14,2021年10月14日,2021,2021年,10,10月,202110,2021年10月,14,14日
2021-10-15,2021年10月15日,2021,2021年,10,10月,202110,2021年10月,15,15日
2021-10-16,2021年10月16日,2021,2021年,10,10月,202110,2021年10月,16,16日
2021-10-17,2021年10月17日,2021,2021年,10,10月,202110,2021年10月,17,17日
2021-10-18,2021年10月18日,2021,2021年,10,10月,202110,2021年10月,18,18日
2021-10-19,2021年10月19日,2021,2021年,10,10月,202110,2021年10月,19,19日
2021-10-20,2021年10月20日,2021,2021年,10,10月,202110,2021年10月,20,20日
2021-10-21,2021年10月21日,2021,2021年,10,10月,202110,2021年10月,21,21日
2021-10-22,2021年10月22日,2021,2021年,10,10月,202110,2021年10月,22,22日
2021-10-23,2021年10月23日,2021,2021年,10,10月,202110,2021年10月,23,23日
2021-10-24,2021年10月24日,2021,2021年,10,10月,202110,2021年10月,24,24日
2021-10-25,2021年10月25日,2021,2021年,10,10月,202110,2021年10月,25,25日
2021-10-26,2021年10月26日,2021,2021年,10,10月,202110,2021年10月,26,26日
2021-10-27,2021年10月27日,2021,2021年,10,10月,202110,2021年10月,27,27日
2021-10-28,2021年10月28日,2021,2021年,10,10月,202110,2021年10月,28,28日
2021-10-29,2021年10月29日,2021,2021年,10,10月,202110,2021年10月,29,29日
2021-10-30,2021年10月30日,2021,2021年,10,10月,202110,2021年10月,30,30日
2021-10-31,2021年10月31日,2021,2021年,10,10月,202110,2021年10月,31,31日
2021-11-01,2021年11月01日,2021,2021年,11,11月,202111,2021年11月,1,01日
2021-11-02,2021年11月02日,2021,2021年,11,11月,202111,2021年11月,2,02日
2021-11-03,2021年11月03日,2021,2021年,11,11月,202111,2021年11月,3,03日
2021-11-04,2021年11月04日,2021,2021年,11,11月,202111,2021年11月,4,04日
2021-11-05,2021年11月05日,2021,2021年,11,11月,202111,2021年11月,5,05日
2021-11-06,2021年11月06日,2021,2021年,11,11月,202111,2021年11月,6,06日
2021-11-07,2021年11月07日,2021,2021年,11,11月,202111,2021年11月,7,07日
2021-11-08,2021年11月08日,2021,2021年,11,11月,202111,2021年11月,8,08日
2021-11-09,2021年11月09日,2021,2021年,11,11月,202111,2021年11月,9,09日
2021-11-10,2021年11月10日,2021,2021年,11,11月,202111,2021年11月,10,10日
2021-11-11,2021年11月11日,2021,2021年,11,11月,202111,2021年11月,11,11日
2021-11-12,2021年11月12日,2021,2021年,11,11月,202111,2021年11月,12,12日
2021-11-13,2021年11月13日,2021,2021年,11,11月,202111,2021年11月,13,13日
2021-11-14,2021年11月14日,2021,2021年,11,11月,202111,2021年11月,14,14日
2021-11-15,2021年11月15日,2021,2021年,11,11月,202111,2021年11月,15,15日
2021-11-16,2021年11月16日,2021,2021年,11,11月,202111,2021年11月,16,16日
2021-11-17,2021年11月17日,2021,2021年,11,11月,202111,2021年11月,17,17日
2021-11-18,2021年11月18日,2021,2021年,11,11月,202111,2021年11月,18,18日
2021-11-19,2021年11月19日,2021,2021年,11,11月,202111,2021年11月,19,19日
2021-11-20,2021年11月20日,2021,2021年,11,11月,202111,2021年11月,20,20日
2021-11-21,2021年11月21日,2021,2021年,11,11月,202111,2021年11月,21,21日
2021-11-22,2021年11月22日,2021,2021年,11,11月,202111,2021年11月,22,22日
2021-11-23,2021年11月23日,2021,2021年,11,11月,202111,2021年11月,23,23日
2021-11-24,2021年11月24日,2021,2021年,11,11月,202111,2021年11月,24,24日
2021-11-25,2021年11月25日,2021,2021年,11,11月,202111,2021年11月,25,25日
2021-11-26,2021年11月26日,2021,2021年,11,11月,202111,2021年11月,26,26日
2021-11-27,2021年11月27日,2021,2021年,11,11月,202111,2021年11月,27,27日
2021-11-28,2021年11月28日,2021,2021年,11,11月,202111,2021年11月,28,28日
2021-11-29,2021年11月29日,2021,2021年,11,11月,202111,2021年11月,29,29日
2021-11-30,2021年11月30日,2021,2021年,11,11月,202111,2021年11月,30,30日
2021-12-01,2021年12月01日,2021,2021年,12,12月,202112,2021年12月,1,01日
2021-12-02,2021年12月02日,2021,2021年,12,12月,202112,2021年12月,2,02日
2021-12-03,2021年12月03日,2021,2021年,12,12月,202112,2021年12月,3,03日
2021-12-04,2021年12月04日,2021,2021年,12,12月,202112,2021年12月,4,04日
2021-12-05,2021年12月05日,2021,2021年,12,12月,202112,2021年12月,5,05日
2021-12-06,2021年12月06日,2021,2021年,12,12月,202112,2021年12月,6,06日
2021-12-07,2021年12月07日,2021,2021年,12,12月,202112,2021年12月,7,07日
2021-12-08,2021年12月08日,2021,2021年,12,12月,202112,2021年12月,8,08日
2021-12-09,2021年12月09日,2021,2021年,12,12月,202112,2021年12月,9,09日
2021-12-10,2021年12月10日,2021,2021年,12,12月,202112,2021年12月,10,10日
2021-12-11,2021年12月11日,2021,2021年,12,12月,202112,2021年12月,11,11日
2021-12-12,2021年12月12日,2021,2021年,12,12月,202112,2021年12月,12,12日
2021-12-13,2021年12月13日,2021,2021年,12,12月,202112,2021年12月,13,13日
2021-12-14,2021年12月14日,2021,2021年,12,12月,202112,2021年12月,14,14日
2021-12-15,2021年12月15日,2021,2021年,12,12月,202112,2021年12月,15,15日
2021-12-16,2021年12月16日,2021,2021年,12,12月,202112,2021年12月,16,16日
2021-12-17,2021年12月17日,2021,2021年,12,12月,202112,2021年12月,17,17日
2021-12-18,2021年12月18日,2021,2021年,12,12月,202112,2021年12月,18,18日
2021-12-19,2021年12月19日,2021,2021年,12,12月,202112,2021年12月,19,19日
2021-12-20,2021年12月20日,2021,2021年,12,12月,202112,2021年12月,20,20日
2021-12-21,2021年12月21日,2021,2021年,12,12月,202112,2021年12月,21,21日
2021-12-22,2021年12月22日,2021,2021年,12,12月,202112,2021年12月,22,22日
2021-12-23,2021年12月23日,2021,2021年,12,12月,202112,2021年12月,23,23日
2021-12-24,2021年12月24日,2021,2021年,12,12月,202112,2021年12月,24,24日
2021-12-25,2021年12月25日,2021,2021年,12,12月,202112,2021年12月,25,25日
2021-12-26,2021年12月26日,2021,2021年,12,12月,202112,2021年12月,26,26日
2021-12-27,2021年12月27日,2021,2021年,12,12月,202112,2021年12月,27,27日
2021-12-28,2021年12月28日,2021,2021年,12,12月,202112,2021年12月,28,28日
2021-12-29,2021年12月29日,2021,2021年,12,12月,202112,2021年12月,29,29日
2021-12-30,2021年12月30日,2021,2021年,12,12月,202112,2021年12月,30,30日
2021-12-31,2021年12月31日,2021,2021年,12,12月,202112,2021年12月,31,31日
2022-01-01,2022年01月01日,2022,2022年,1,01月,202201,2022年01月,1,01日
2022-01-02,2022年01月02日,2022,2022年,1,01月,202201,2022年01月,2,02日
2022-01-03,2022年01月03日,2022,2022年,1,01月,202201,2022年01月,3,03日
2022-01-04,2022年01月04日,2022,2022年,1,01月,202201,2022年01月,4,04日
2022-01-05,2022年01月05日,2022,2022年,1,01月,202201,2022年01月,5,05日
2022-01-06,2022年01月06日,2022,2022年,1,01月,202201,2022年01月,6,06日
2022-01-07,2022年01月07日,2022,2022年,1,01月,202201,2022年01月,7,07日
2022-01-08,2022年01月08日,2022,2022年,1,01月,202201,2022年01月,8,08日
2022-01-09,2022年01月09日,2022,2022年,1,01月,202201,2022年01月,9,09日
2022-01-10,2022年01月10日,2022,2022年,1,01月,202201,2022年01月,10,10日
2022-01-11,2022年01月11日,2022,2022年,1,01月,202201,2022年01月,11,11日
2022-01-12,2022年01月12日,2022,2022年,1,01月,202201,2022年01月,12,12日
2022-01-13,2022年01月13日,2022,2022年,1,01月,202201,2022年01月,13,13日
2022-01-14,2022年01月14日,2022,2022年,1,01月,202201,2022年01月,14,14日
2022-01-15,2022年01月15日,2022,2022年,1,01月,202201,2022年01月,15,15日
2022-01-16,2022年01月16日,2022,2022年,1,01月,202201,2022年01月,16,16日
2022-01-17,2022年01月17日,2022,2022年,1,01月,202201,2022年01月,17,17日
2022-01-18,2022年01月18日,2022,2022年,1,01月,202201,2022年01月,18,18日
2022-01-19,2022年01月19日,2022,2022年,1,01月,202201,2022年01月,19,19日
2022-01-20,2022年01月20日,2022,2022年,1,01月,202201,2022年01月,20,20日
2022-01-21,2022年01月21日,2022,2022年,1,01月,202201,2022年01月,21,21日
2022-01-22,2022年01月22日,2022,2022年,1,01月,202201,2022年01月,22,22日
2022-01-23,2022年01月23日,2022,2022年,1,01月,202201,2022年01月,23,23日
2022-01-24,2022年01月24日,2022,2022年,1,01月,202201,2022年01月,24,24日
2022-01-25,2022年01月25日,2022,2022年,1,01月,202201,2022年01月,25,25日
2022-01-26,2022年01月26日,2022,2022年,1,01月,202201,2022年01月,26,26日
2022-01-27,2022年01月27日,2022,2022年,1,01月,202201,2022年01月,27,27日
2022-01-28,2022年01月28日,2022,2022年,1,01月,202201,2022年01月,28,28日
2022-01-29,2022年01月29日,2022,2022年,1,01月,202201,2022年01月,29,29日
2022-01-30,2022年01月30日,2022,2022年,1,01月,202201,2022年01月,30,30日
2022-01-31,2022年01月31日,2022,2022年,1,01月,202201,2022年01月,31,31日
2022-02-01,2022年02月01日,2022,2022年,2,02月,202202,2022年02月,1,01日
2022-02-02,2022年02月02日,2022,2022年,2,02月,202202,2022年02月,2,02日
2022-02-03,2022年02月03日,2022,2022年,2,02月,202202,2022年02月,3,03日
2022-02-04,2022年02月04日,2022,2022年,2,02月,202202,2022年02月,4,04日
2022-02-05,2022年02月05日,2022,2022年,2,02月,202202,2022年02月,5,05日
2022-02-06,2022年02月06日,2022,2022年,2,02月,202202,2022年02月,6,06日
2022-02-07,2022年02月07日,2022,2022年,2,02月,202202,2022年02月,7,07日
2022-02-08,2022年02月08日,2022,2022年,2,02月,202202,2022年02月,8,08日
2022-02-09,2022年02月09日,2022,2022年,2,02月,202202,2022年02月,9,09日
2022-02-10,2022年02月10日,2022,2022年,2,02月,202202,2022年02月,10,10日
2022-02-11,2022年02月11日,2022,2022年,2,02月,202202,2022年02月,11,11日
2022-02-12,2022年02月12日,2022,2022年,2,02月,202202,2022年02月,12,12日
2022-02-13,2022年02月13日,2022,2022年,2,02月,202202,2022年02月,13,13日
2022-02-14,2022年02月14日,2022,2022年,2,02月,202202,2022年02月,14,14日
2022-02-15,2022年02月15日,2022,2022年,2,02月,202202,2022年02月,15,15日
2022-02-16,2022年02月16日,2022,2022年,2,02月,202202,2022年02月,16,16日
2022-02-17,2022年02月17日,2022,2022年,2,02月,202202,2022年02月,17,17日
2022-02-18,2022年02月18日,2022,2022年,2,02月,202202,2022年02月,18,18日
2022-02-19,2022年02月19日,2022,2022年,2,02月,202202,2022年02月,19,19日
2022-02-20,2022年02月20日,2022,2022年,2,02月,202202,2022年02月,20,20日
2022-02-21,2022年02月21日,2022,2022年,2,02月,202202,2022年02月,21,21日
2022-02-22,2022年02月22日,2022,2022年,2,02月,202202,2022年02月,22,22日
2022-02-23,2022年02月23日,2022,2022年,2,02月,202202,2022年02月,23,23日
2022-02-24,2022年02月24日,2022,2022年,2,02月,202202,2022年02月,24,24日
2022-02-25,2022年02月25日,2022,2022年,2,02月,202202,2022年02月,25,25日
2022-02-26,2022年02月26日,2022,2022年,2,02月,202202,2022年02月,26,26日
2022-02-27,2022年02月27日,2022,2022年,2,02月,202202,2022年02月,27,27日
2022-02-28,2022年02月28日,2022,2022年,2,02月,202202,2022年02月,28,28日
2022-03-01,2022年03月01日,2022,2022年,3,03月,202203,2022年03月,1,01日
2022-03-02,2022年03月02日,2022,2022年,3,03月,202203,2022年03月,2,02日
2022-03-03,2022年03月03日,2022,2022年,3,03月,202203,2022年03月,3,03日
2022-03-04,2022年03月04日,2022,2022年,3,03月,202203,2022年03月,4,04日
2022-03-05,2022年03月05日,2022,2022年,3,03月,202203,2022年03月,5,05日
2022-03-06,2022年03月06日,2022,2022年,3,03月,202203,2022年03月,6,06日
2022-03-07,2022年03月07日,2022,2022年,3,03月,202203,2022年03月,7,07日
2022-03-08,2022年03月08日,2022,2022年,3,03月,202203,2022年03月,8,08日
2022-03-09,2022年03月09日,2022,2022年,3,03月,202203,2022年03月,9,09日
2022-03-10,2022年03月10日,2022,2022年,3,03月,202203,2022年03月,10,10日
2022-03-11,2022年03月11日,2022,2022年,3,03月,202203,2022年03月,11,11日
2022-03-12,2022年03月12日,2022,2022年,3,03月,202203,2022年03月,12,12日
2022-03-13,2022年03月13日,2022,2022年,3,03月,202203,2022年03月,13,13日
2022-03-14,2022年03月14日,2022,2022年,3,03月,202203,2022年03月,14,14日
2022-03-15,2022年03月15日,2022,2022年,3,03月,202203,2022年03月,15,15日
2022-03-16,2022年03月16日,2022,2022年,3,03月,202203,2022年03月,16,16日
2022-03-17,2022年03月17日,2022,2022年,3,03月,202203,2022年03月,17,17日
2022-03-18,2022年03月18日,2022,2022年,3,03月,202203,2022年03月,18,18日
2022-03-19,2022年03月19日,2022,2022年,3,03月,202203,2022年03月,19,19日
2022-03-20,2022年03月20日,2022,2022年,3,03月,202203,2022年03月,20,20日
2022-03-21,2022年03月21日,2022,2022年,3,03月,202203,2022年03月,21,21日
2022-03-22,2022年03月22日,2022,2022年,3,03月,202203,2022年03月,22,22日
2022-03-23,2022年03月23日,2022,2022年,3,03月,202203,2022年03月,23,23日
2022-03-24,2022年03月24日,2022,2022年,3,03月,202203,2022年03月,24,24日
2022-03-25,2022年03月25日,2022,2022年,3,03月,202203,2022年03月,25,25日
2022-03-26,2022年03月26日,2022,2022年,3,03月,202203,2022年03月,26,26日
2022-03-27,2022年03月27日,2022,2022年,3,03月,202203,2022年03月,27,27日
2022-03-28,2022年03月28日,2022,2022年,3,03月,202203,2022年03月,28,28日
2022-03-29,2022年03月29日,2022,2022年,3,03月,202203,2022年03月,29,29日
2022-03-30,2022年03月30日,2022,2022年,3,03月,202203,2022年03月,30,30日
2022-03-31,2022年03月31日,2022,2022年,3,03月,202203,2022年03月,31,31日
2022-04-01,2022年04月01日,2022,2022年,4,04月,202204,2022年04月,1,01日
2022-04-02,2022年04月02日,2022,2022年,4,04月,202204,2022年04月,2,02日
2022-04-03,2022年04月03日,2022,2022年,4,04月,202204,2022年04月,3,03日
2022-04-04,2022年04月04日,2022,2022年,4,04月,202204,2022年04月,4,04日
2022-04-05,2022年04月05日,2022,2022年,4,04月,202204,2022年04月,5,05日
2022-04-06,2022年04月06日,2022,2022年,4,04月,202204,2022年04月,6,06日
2022-04-07,2022年04月07日,2022,2022年,4,04月,202204,2022年04月,7,07日
2022-04-08,2022年04月08日,2022,2022年,4,04月,202204,2022年04月,8,08日
2022-04-09,2022年04月09日,2022,2022年,4,04月,202204,2022年04月,9,09日
2022-04-10,2022年04月10日,2022,2022年,4,04月,202204,2022年04月,10,10日
2022-04-11,2022年04月11日,2022,2022年,4,04月,202204,2022年04月,11,11日
2022-04-12,2022年04月12日,2022,2022年,4,04月,202204,2022年04月,12,12日
2022-04-13,2022年04月13日,2022,2022年,4,04月,202204,2022年04月,13,13日
2022-04-14,2022年04月14日,2022,2022年,4,04月,202204,2022年04月,14,14日
2022-04-15,2022年04月15日,2022,2022年,4,04月,202204,2022年04月,15,15日
2022-04-16,2022年04月16日,2022,2022年,4,04月,202204,2022年04月,16,16日
2022-04-17,2022年04月17日,2022,2022年,4,04月,202204,2022年04月,17,17日
2022-04-18,2022年04月18日,2022,2022年,4,04月,202204,2022年04月,18,18日
2022-04-19,2022年04月19日,2022,2022年,4,04月,202204,2022年04月,19,19日
2022-04-20,2022年04月20日,2022,2022年,4,04月,202204,2022年04月,20,20日
2022-04-21,2022年04月21日,2022,2022年,4,04月,202204,2022年04月,21,21日
2022-04-22,2022年04月22日,2022,2022年,4,04月,202204,2022年04月,22,22日
2022-04-23,2022年04月23日,2022,2022年,4,04月,202204,2022年04月,23,23日
2022-04-24,2022年04月24日,2022,2022年,4,04月,202204,2022年04月,24,24日
2022-04-25,2022年04月25日,2022,2022年,4,04月,202204,2022年04月,25,25日
2022-04-26,2022年04月26日,2022,2022年,4,04月,202204,2022年04月,26,26日
2022-04-27,2022年04月27日,2022,2022年,4,04月,202204,2022年04月,27,27日
2022-04-28,2022年04月28日,2022,2022年,4,04月,202204,2022年04月,28,28日
2022-04-29,2022年04月29日,2022,2022年,4,04月,202204,2022年04月,29,29日
2022-04-30,2022年04月30日,2022,2022年,4,04月,202204,2022年04月,30,30日
2022-05-01,2022年05月01日,2022,2022年,5,05月,202205,2022年05月,1,01日
2022-05-02,2022年05月02日,2022,2022年,5,05月,202205,2022年05月,2,02日
2022-05-03,2022年05月03日,2022,2022年,5,05月,202205,2022年05月,3,03日
2022-05-04,2022年05月04日,2022,2022年,5,05月,202205,2022年05月,4,04日
2022-05-05,2022年05月05日,2022,2022年,5,05月,202205,2022年05月,5,05日
2022-05-06,2022年05月06日,2022,2022年,5,05月,202205,2022年05月,6,06日
2022-05-07,2022年05月07日,2022,2022年,5,05月,202205,2022年05月,7,07日
2022-05-08,2022年05月08日,2022,2022年,5,05月,202205,2022年05月,8,08日
2022-05-09,2022年05月09日,2022,2022年,5,05月,202205,2022年05月,9,09日
2022-05-10,2022年05月10日,2022,2022年,5,05月,202205,2022年05月,10,10日
2022-05-11,2022年05月11日,2022,2022年,5,05月,202205,2022年05月,11,11日
2022-05-12,2022年05月12日,2022,2022年,5,05月,202205,2022年05月,12,12日
2022-05-13,2022年05月13日,2022,2022年,5,05月,202205,2022年05月,13,13日
2022-05-14,2022年05月14日,2022,2022年,5,05月,202205,2022年05月,14,14日
2022-05-15,2022年05月15日,2022,2022年,5,05月,202205,2022年05月,15,15日
2022-05-16,2022年05月16日,2022,2022年,5,05月,202205,2022年05月,16,16日
2022-05-17,2022年05月17日,2022,2022年,5,05月,202205,2022年05月,17,17日
2022-05-18,2022年05月18日,2022,2022年,5,05月,202205,2022年05月,18,18日
2022-05-19,2022年05月19日,2022,2022年,5,05月,202205,2022年05月,19,19日
2022-05-20,2022年05月20日,2022,2022年,5,05月,202205,2022年05月,20,20日
2022-05-21,2022年05月21日,2022,2022年,5,05月,202205,2022年05月,21,21日
2022-05-22,2022年05月22日,2022,2022年,5,05月,202205,2022年05月,22,22日
2022-05-23,2022年05月23日,2022,2022年,5,05月,202205,2022年05月,23,23日
2022-05-24,2022年05月24日,2022,2022年,5,05月,202205,2022年05月,24,24日
2022-05-25,2022年05月25日,2022,2022年,5,05月,202205,2022年05月,25,25日
2022-05-26,2022年05月26日,2022,2022年,5,05月,202205,2022年05月,26,26日
2022-05-27,2022年05月27日,2022,2022年,5,05月,202205,2022年05月,27,27日
2022-05-28,2022年05月28日,2022,2022年,5,05月,202205,2022年05月,28,28日
2022-05-29,2022年05月29日,2022,2022年,5,05月,202205,2022年05月,29,29日
2022-05-30,2022年05月30日,2022,2022年,5,05月,202205,2022年05月,30,30日
2022-05-31,2022年05月31日,2022,2022年,5,05月,202205,2022年05月,31,31日
2022-06-01,2022年06月01日,2022,2022年,6,06月,202206,2022年06月,1,01日
2022-06-02,2022年06月02日,2022,2022年,6,06月,202206,2022年06月,2,02日
2022-06-03,2022年06月03日,2022,2022年,6,06月,202206,2022年06月,3,03日
2022-06-04,2022年06月04日,2022,2022年,6,06月,202206,2022年06月,4,04日
2022-06-05,2022年06月05日,2022,2022年,6,06月,202206,2022年06月,5,05日
2022-06-06,2022年06月06日,2022,2022年,6,06月,202206,2022年06月,6,06日
2022-06-07,2022年06月07日,2022,2022年,6,06月,202206,2022年06月,7,07日
2022-06-08,2022年06月08日,2022,2022年,6,06月,202206,2022年06月,8,08日
2022-06-09,2022年06月09日,2022,2022年,6,06月,202206,2022年06月,9,09日
2022-06-10,2022年06月10日,2022,2022年,6,06月,202206,2022年06月,10,10日
2022-06-11,2022年06月11日,2022,2022年,6,06月,202206,2022年06月,11,11日
2022-06-12,2022年06月12日,2022,2022年,6,06月,202206,2022年06月,12,12日
2022-06-13,2022年06月13日,2022,2022年,6,06月,202206,2022年06月,13,13日
2022-06-14,2022年06月14日,2022,2022年,6,06月,202206,2022年06月,14,14日
2022-06-15,2022年06月15日,2022,2022年,6,06月,202206,2022年06月,15,15日
2022-06-16,2022年06月16日,2022,2022年,6,06月,202206,2022年06月,16,16日
2022-06-17,2022年06月17日,2022,2022年,6,06月,202206,2022年06月,17,17日
2022-06-18,2022年06月18日,2022,2022年,6,06月,202206,2022年06月,18,18日
2022-06-19,2022年06月19日,2022,2022年,6,06月,202206,2022年06月,19,19日
2022-06-20,2022年06月20日,2022,2022年,6,06月,202206,2022年06月,20,20日
2022-06-21,2022年06月21日,2022,2022年,6,06月,202206,2022年06月,21,21日
2022-06-22,2022年06月22日,2022,2022年,6,06月,202206,2022年06月,22,22日
2022-06-23,2022年06月23日,2022,2022年,6,06月,202206,2022年06月,23,23日
2022-06-24,2022年06月24日,2022,2022年,6,06月,202206,2022年06月,24,24日
2022-06-25,2022年06月25日,2022,2022年,6,06月,202206,2022年06月,25,25日
2022-06-26,2022年06月26日,2022,2022年,6,06月,202206,2022年06月,26,26日
2022-06-27,2022年06月27日,2022,2022年,6,06月,202206,2022年06月,27,27日
2022-06-28,2022年06月28日,2022,2022年,6,06月,202206,2022年06月,28,28日
2022-06-29,2022年06月29日,2022,2022年,6,06月,202206,2022年06月,29,29日
2022-06-30,2022年06月30日,2022,2022年,6,06月,202206,2022年06月,30,30日
2022-07-01,2022年07月01日,2022,2022年,7,07月,202207,2022年07月,1,01日
2022-07-02,2022年07月02日,2022,2022年,7,07月,202207,2022年07月,2,02日
2022-07-03,2022年07月03日,2022,2022年,7,07月,202207,2022年07月,3,03日
2022-07-04,2022年07月04日,2022,2022年,7,07月,202207,2022年07月,4,04日
2022-07-05,2022年07月05日,2022,2022年,7,07月,202207,2022年07月,5,05日
2022-07-06,2022年07月06日,2022,2022年,7,07月,202207,2022年07月,6,06日
2022-07-07,2022年07月07日,2022,2022年,7,07月,202207,2022年07月,7,07日
2022-07-08,2022年07月08日,2022,2022年,7,07月,202207,2022年07月,8,08日
2022-07-09,2022年07月09日,2022,2022年,7,07月,202207,2022年07月,9,09日
2022-07-10,2022年07月10日,2022,2022年,7,07月,202207,2022年07月,10,10日
2022-07-11,2022年07月11日,2022,2022年,7,07月,202207,2022年07月,11,11日
2022-07-12,2022年07月12日,2022,2022年,7,07月,202207,2022年07月,12,12日
2022-07-13,2022年07月13日,2022,2022年,7,07月,202207,2022年07月,13,13日
2022-07-14,2022年07月14日,2022,2022年,7,07月,202207,2022年07月,14,14日
2022-07-15,2022年07月15日,2022,2022年,7,07月,202207,2022年07月,15,15日
2022-07-16,2022年07月16日,2022,2022年,7,07月,202207,2022年07月,16,16日
2022-07-17,2022年07月17日,2022,2022年,7,07月,202207,2022年07月,17,17日
2022-07-18,2022年07月18日,2022,2022年,7,07月,202207,2022年07月,18,18日
2022-07-19,2022年07月19日,2022,2022年,7,07月,202207,2022年07月,19,19日
2022-07-20,2022年07月20日,2022,2022年,7,07月,202207,2022年07月,20,20日
2022-07-21,2022年07月21日,2022,2022年,7,07月,202207,2022年07月,21,21日
2022-07-22,2022年07月22日,2022,2022年,7,07月,202207,2022年07月,22,22日
2022-07-23,2022年07月23日,2022,2022年,7,07月,202207,2022年07月,23,23日
2022-07-24,2022年07月24日,2022,2022年,7,07月,202207,2022年07月,24,24日
2022-07-25,2022年07月25日,2022,2022年,7,07月,202207,2022年07月,25,25日
2022-07-26,2022年07月26日,2022,2022年,7,07月,202207,2022年07月,26,26日
2022-07-27,2022年07月27日,2022,2022年,7,07月,202207,2022年07月,27,27日
2022-07-28,2022年07月28日,2022,2022年,7,07月,202207,2022年07月,28,28日
2022-07-29,2022年07月29日,2022,2022年,7,07月,202207,2022年07月,29,29日
2022-07-30,2022年07月30日,2022,2022年,7,07月,202207,2022年07月,30,30日
2022-07-31,2022年07月31日,2022,2022年,7,07月,202207,2022年07月,31,31日
2022-08-01,2022年08月01日,2022,2022年,8,08月,202208,2022年08月,1,01日
2022-08-02,2022年08月02日,2022,2022年,8,08月,202208,2022年08月,2,02日
2022-08-03,2022年08月03日,2022,2022年,8,08月,202208,2022年08月,3,03日
2022-08-04,2022年08月04日,2022,2022年,8,08月,202208,2022年08月,4,04日
2022-08-05,2022年08月05日,2022,2022年,8,08月,202208,2022年08月,5,05日
2022-08-06,2022年08月06日,2022,2022年,8,08月,202208,2022年08月,6,06日
2022-08-07,2022年08月07日,2022,2022年,8,08月,202208,2022年08月,7,07日
2022-08-08,2022年08月08日,2022,2022年,8,08月,202208,2022年08月,8,08日
2022-08-09,2022年08月09日,2022,2022年,8,08月,202208,2022年08月,9,09日
2022-08-10,2022年08月10日,2022,2022年,8,08月,202208,2022年08月,10,10日
2022-08-11,2022年08月11日,2022,2022年,8,08月,202208,2022年08月,11,11日
2022-08-12,2022年08月12日,2022,2022年,8,08月,202208,2022年08月,12,12日
2022-08-13,2022年08月13日,2022,2022年,8,08月,202208,2022年08月,13,13日
2022-08-14,2022年08月14日,2022,2022年,8,08月,202208,2022年08月,14,14日
2022-08-15,2022年08月15日,2022,2022年,8,08月,202208,2022年08月,15,15日
2022-08-16,2022年08月16日,2022,2022年,8,08月,202208,2022年08月,16,16日
2022-08-17,2022年08月17日,2022,2022年,8,08月,202208,2022年08月,17,17日
2022-08-18,2022年08月18日,2022,2022年,8,08月,202208,2022年08月,18,18日
2022-08-19,2022年08月19日,2022,2022年,8,08月,202208,2022年08月,19,19日
2022-08-20,2022年08月20日,2022,2022年,8,08月,202208,2022年08月,20,20日
2022-08-21,2022年08月21日,2022,2022年,8,08月,202208,2022年08月,21,21日
2022-08-22,2022年08月22日,2022,2022年,8,08月,202208,2022年08月,22,22日
2022-08-23,2022年08月23日,2022,2022年,8,08月,202208,2022年08月,23,23日
2022-08-24,2022年08月24日,2022,2022年,8,08月,202208,2022年08月,24,24日
2022-08-25,2022年08月25日,2022,2022年,8,08月,202208,2022年08月,25,25日
2022-08-26,2022年08月26日,2022,2022年,8,08月,202208,2022年08月,26,26日
2022-08-27,2022年08月27日,2022,2022年,8,08月,202208,2022年08月,27,27日
2022-08-28,2022年08月28日,2022,2022年,8,08月,202208,2022年08月,28,28日
2022-08-29,2022年08月29日,2022,2022年,8,08月,202208,2022年08月,29,29日
2022-08-30,2022年08月30日,2022,2022年,8,08月,202208,2022年08月,30,30日
2022-08-31,2022年08月31日,2022,2022年,8,08月,202208,2022年08月,31,31日
2022-09-01,2022年09月01日,2022,2022年,9,09月,202209,2022年09月,1,01日
2022-09-02,2022年09月02日,2022,2022年,9,09月,202209,2022年09月,2,02日
2022-09-03,2022年09月03日,2022,2022年,9,09月,202209,2022年09月,3,03日
2022-09-04,2022年09月04日,2022,2022年,9,09月,202209,2022年09月,4,04日
2022-09-05,2022年09月05日,2022,2022年,9,09月,202209,2022年09月,5,05日
2022-09-06,2022年09月06日,2022,2022年,9,09月,202209,2022年09月,6,06日
2022-09-07,2022年09月07日,2022,2022年,9,09月,202209,2022年09月,7,07日
2022-09-08,2022年09月08日,2022,2022年,9,09月,202209,2022年09月,8,08日
2022-09-09,2022年09月09日,2022,2022年,9,09月,202209,2022年09月,9,09日
2022-09-10,2022年09月10日,2022,2022年,9,09月,202209,2022年09月,10,10日
2022-09-11,2022年09月11日,2022,2022年,9,09月,202209,2022年09月,11,11日
2022-09-12,2022年09月12日,2022,2022年,9,09月,202209,2022年09月,12,12日
2022-09-13,2022年09月13日,2022,2022年,9,09月,202209,2022年09月,13,13日
2022-09-14,2022年09月14日,2022,2022年,9,09月,202209,2022年09月,14,14日
2022-09-15,2022年09月15日,2022,2022年,9,09月,202209,2022年09月,15,15日
2022-09-16,2022年09月16日,2022,2022年,9,09月,202209,2022年09月,16,16日
2022-09-17,2022年09月17日,2022,2022年,9,09月,202209,2022年09月,17,17日
2022-09-18,2022年09月18日,2022,2022年,9,09月,202209,2022年09月,18,18日
2022-09-19,2022年09月19日,2022,2022年,9,09月,202209,2022年09月,19,19日
2022-09-20,2022年09月20日,2022,2022年,9,09月,202209,2022年09月,20,20日
2022-09-21,2022年09月21日,2022,2022年,9,09月,202209,2022年09月,21,21日
2022-09-22,2022年09月22日,2022,2022年,9,09月,202209,2022年09月,22,22日
2022-09-23,2022年09月23日,2022,2022年,9,09月,202209,2022年09月,23,23日
2022-09-24,2022年09月24日,2022,2022年,9,09月,202209,2022年09月,24,24日
2022-09-25,2022年09月25日,2022,2022年,9,09月,202209,2022年09月,25,25日
2022-09-26,2022年09月26日,2022,2022年,9,09月,202209,2022年09月,26,26日
2022-09-27,2022年09月27日,2022,2022年,9,09月,202209,2022年09月,27,27日
2022-09-28,2022年09月28日,2022,2022年,9,09月,202209,2022年09月,28,28日
2022-09-29,2022年09月29日,2022,2022年,9,09月,202209,2022年09月,29,29日
2022-09-30,2022年09月30日,2022,2022年,9,09月,202209,2022年09月,30,30日
2022-10-01,2022年10月01日,2022,2022年,10,10月,202210,2022年10月,1,01日
2022-10-02,2022年10月02日,2022,2022年,10,10月,202210,2022年10月,2,02日
2022-10-03,2022年10月03日,2022,2022年,10,10月,202210,2022年10月,3,03日
2022-10-04,2022年10月04日,2022,2022年,10,10月,202210,2022年10月,4,04日
2022-10-05,2022年10月05日,2022,2022年,10,10月,202210,2022年10月,5,05日
2022-10-06,2022年10月06日,2022,2022年,10,10月,202210,2022年10月,6,06日
2022-10-07,2022年10月07日,2022,2022年,10,10月,202210,2022年10月,7,07日
2022-10-08,2022年10月08日,2022,2022年,10,10月,202210,2022年10月,8,08日
2022-10-09,2022年10月09日,2022,2022年,10,10月,202210,2022年10月,9,09日
2022-10-10,2022年10月10日,2022,2022年,10,10月,202210,2022年10月,10,10日
2022-10-11,2022年10月11日,2022,2022年,10,10月,202210,2022年10月,11,11日
2022-10-12,2022年10月12日,2022,2022年,10,10月,202210,2022年10月,12,12日
2022-10-13,2022年10月13日,2022,2022年,10,10月,202210,2022年10月,13,13日
2022-10-14,2022年10月14日,2022,2022年,10,10月,202210,2022年10月,14,14日
2022-10-15,2022年10月15日,2022,2022年,10,10月,202210,2022年10月,15,15日
2022-10-16,2022年10月16日,2022,2022年,10,10月,202210,2022年10月,16,16日
2022-10-17,2022年10月17日,2022,2022年,10,10月,202210,2022年10月,17,17日
2022-10-18,2022年10月18日,2022,2022年,10,10月,202210,2022年10月,18,18日
2022-10-19,2022年10月19日,2022,2022年,10,10月,202210,2022年10月,19,19日
2022-10-20,2022年10月20日,2022,2022年,10,10月,202210,2022年10月,20,20日
2022-10-21,2022年10月21日,2022,2022年,10,10月,202210,2022年10月,21,21日
2022-10-22,2022年10月22日,2022,2022年,10,10月,202210,2022年10月,22,22日
2022-10-23,2022年10月23日,2022,2022年,10,10月,202210,2022年10月,23,23日
2022-10-24,2022年10月24日,2022,2022年,10,10月,202210,2022年10月,24,24日
2022-10-25,2022年10月25日,2022,2022年,10,10月,202210,2022年10月,25,25日
2022-10-26,2022年10月26日,2022,2022年,10,10月,202210,2022年10月,26,26日
2022-10-27,2022年10月27日,2022,2022年,10,10月,202210,2022年10月,27,27日
2022-10-28,2022年10月28日,2022,2022年,10,10月,202210,2022年10月,28,28日
2022-10-29,2022年10月29日,2022,2022年,10,10月,202210,2022年10月,29,29日
2022-10-30,2022年10月30日,2022,2022年,10,10月,202210,2022年10月,30,30日
2022-10-31,2022年10月31日,2022,2022年,10,10月,202210,2022年10月,31,31日
2022-11-01,2022年11月01日,2022,2022年,11,11月,202211,2022年11月,1,01日
2022-11-02,2022年11月02日,2022,2022年,11,11月,202211,2022年11月,2,02日
2022-11-03,2022年11月03日,2022,2022年,11,11月,202211,2022年11月,3,03日
2022-11-04,2022年11月04日,2022,2022年,11,11月,202211,2022年11月,4,04日
2022-11-05,2022年11月05日,2022,2022年,11,11月,202211,2022年11月,5,05日
2022-11-06,2022年11月06日,2022,2022年,11,11月,202211,2022年11月,6,06日
2022-11-07,2022年11月07日,2022,2022年,11,11月,202211,2022年11月,7,07日
2022-11-08,2022年11月08日,2022,2022年,11,11月,202211,2022年11月,8,08日
2022-11-09,2022年11月09日,2022,2022年,11,11月,202211,2022年11月,9,09日
2022-11-10,2022年11月10日,2022,2022年,11,11月,202211,2022年11月,10,10日
2022-11-11,2022年11月11日,2022,2022年,11,11月,202211,2022年11月,11,11日
2022-11-12,2022年11月12日,2022,2022年,11,11月,202211,2022年11月,12,12日
2022-11-13,2022年11月13日,2022,2022年,11,11月,202211,2022年11月,13,13日
2022-11-14,2022年11月14日,2022,2022年,11,11月,202211,2022年11月,14,14日
2022-11-15,2022年11月15日,2022,2022年,11,11月,202211,2022年11月,15,15日
2022-11-16,2022年11月16日,2022,2022年,11,11月,202211,2022年11月,16,16日
2022-11-17,2022年11月17日,2022,2022年,11,11月,202211,2022年11月,17,17日
2022-11-18,2022年11月18日,2022,2022年,11,11月,202211,2022年11月,18,18日
2022-11-19,2022年11月19日,2022,2022年,11,11月,202211,2022年11月,19,19日
2022-11-20,2022年11月20日,2022,2022年,11,11月,202211,2022年11月,20,20日
2022-11-21,2022年11月21日,2022,2022年,11,11月,202211,2022年11月,21,21日
2022-11-22,2022年11月22日,2022,2022年,11,11月,202211,2022年11月,22,22日
2022-11-23,2022年11月23日,2022,2022年,11,11月,202211,2022年11月,23,23日
2022-11-24,2022年11月24日,2022,2022年,11,11月,202211,2022年11月,24,24日
2022-11-25,2022年11月25日,2022,2022年,11,11月,202211,2022年11月,25,25日
2022-11-26,2022年11月26日,2022,2022年,11,11月,202211,2022年11月,26,26日
2022-11-27,2022年11月27日,2022,2022年,11,11月,202211,2022年11月,27,27日
2022-11-28,2022年11月28日,2022,2022年,11,11月,202211,2022年11月,28,28日
2022-11-29,2022年11月29日,2022,2022年,11,11月,202211,2022年11月,29,29日
2022-11-30,2022年11月30日,2022,2022年,11,11月,202211,2022年11月,30,30日
2022-12-01,2022年12月01日,2022,2022年,12,12月,202212,2022年12月,1,01日
2022-12-02,2022年12月02日,2022,2022年,12,12月,202212,2022年12月,2,02日
2022-12-03,2022年12月03日,2022,2022年,12,12月,202212,2022年12月,3,03日
2022-12-04,2022年12月04日,2022,2022年,12,12月,202212,2022年12月,4,04日
2022-12-05,2022年12月05日,2022,2022年,12,12月,202212,2022年12月,5,05日
2022-12-06,2022年12月06日,2022,2022年,12,12月,202212,2022年12月,6,06日
2022-12-07,2022年12月07日,2022,2022年,12,12月,202212,2022年12月,7,07日
2022-12-08,2022年12月08日,2022,2022年,12,12月,202212,2022年12月,8,08日
2022-12-09,2022年12月09日,2022,2022年,12,12月,202212,2022年12月,9,09日
2022-12-10,2022年12月10日,2022,2022年,12,12月,202212,2022年12月,10,10日
2022-12-11,2022年12月11日,2022,2022年,12,12月,202212,2022年12月,11,11日
2022-12-12,2022年12月12日,2022,2022年,12,12月,202212,2022年12月,12,12日
2022-12-13,2022年12月13日,2022,2022年,12,12月,202212,2022年12月,13,13日
2022-12-14,2022年12月14日,2022,2022年,12,12月,202212,2022年12月,14,14日
2022-12-15,2022年12月15日,2022,2022年,12,12月,202212,2022年12月,15,15日
2022-12-16,2022年12月16日,2022,2022年,12,12月,202212,2022年12月,16,16日
2022-12-17,2022年12月17日,2022,2022年,12,12月,202212,2022年12月,17,17日
2022-12-18,2022年12月18日,2022,2022年,12,12月,202212,2022年12月,18,18日
2022-12-19,2022年12月19日,2022,2022年,12,12月,202212,2022年12月,19,19日
2022-12-20,2022年12月20日,2022,2022年,12,12月,202212,2022年12月,20,20日
2022-12-21,2022年12月21日,2022,2022年,12,12月,202212,2022年12月,21,21日
2022-12-22,2022年12月22日,2022,2022年,12,12月,202212,2022年12月,22,22日
2022-12-23,2022年12月23日,2022,2022年,12,12月,202212,2022年12月,23,23日
2022-12-24,2022年12月24日,2022,2022年,12,12月,202212,2022年12月,24,24日
2022-12-25,2022年12月25日,2022,2022年,12,12月,202212,2022年12月,25,25日
2022-12-26,2022年12月26日,2022,2022年,12,12月,202212,2022年12月,26,26日
2022-12-27,2022年12月27日,2022,2022年,12,12月,202212,2022年12月,27,27日
2022-12-28,2022年12月28日,2022,2022年,12,12月,202212,2022年12月,28,28日
2022-12-29,2022年12月29日,2022,2022年,12,12月,202212,2022年12月,29,29日
2022-12-30,2022年12月30日,2022,2022年,12,12月,202212,2022年12月,30,30日
2022-12-31,2022年12月31日,2022,2022年,12,12月,202212,2022年12月,31,31日
2023-01-01,2023年01月01日,2023,2023年,1,01月,202301,2023年01月,1,01日
2023-01-02,2023年01月02日,2023,2023年,1,01月,202301,2023年01月,2,02日
2023-01-03,2023年01月03日,2023,2023年,1,01月,202301,2023年01月,3,03日
2023-01-04,2023年01月04日,2023,2023年,1,01月,202301,2023年01月,4,04日
2023-01-05,2023年01月05日,2023,2023年,1,01月,202301,2023年01月,5,05日
2023-01-06,2023年01月06日,2023,2023年,1,01月,202301,2023年01月,6,06日
2023-01-07,2023年01月07日,2023,2023年,1,01月,202301,2023年01月,7,07日
2023-01-08,2023年01月08日,2023,2023年,1,01月,202301,2023年01月,8,08日
2023-01-09,2023年01月09日,2023,2023年,1,01月,202301,2023年01月,9,09日
2023-01-10,2023年01月10日,2023,2023年,1,01月,202301,2023年01月,10,10日
2023-01-11,2023年01月11日,2023,2023年,1,01月,202301,2023年01月,11,11日
2023-01-12,2023年01月12日,2023,2023年,1,01月,202301,2023年01月,12,12日
2023-01-13,2023年01月13日,2023,2023年,1,01月,202301,2023年01月,13,13日
2023-01-14,2023年01月14日,2023,2023年,1,01月,202301,2023年01月,14,14日
2023-01-15,2023年01月15日,2023,2023年,1,01月,202301,2023年01月,15,15日
2023-01-16,2023年01月16日,2023,2023年,1,01月,202301,2023年01月,16,16日
2023-01-17,2023年01月17日,2023,2023年,1,01月,202301,2023年01月,17,17日
2023-01-18,2023年01月18日,2023,2023年,1,01月,202301,2023年01月,18,18日
2023-01-19,2023年01月19日,2023,2023年,1,01月,202301,2023年01月,19,19日
2023-01-20,2023年01月20日,2023,2023年,1,01月,202301,2023年01月,20,20日
2023-01-21,2023年01月21日,2023,2023年,1,01月,202301,2023年01月,21,21日
2023-01-22,2023年01月22日,2023,2023年,1,01月,202301,2023年01月,22,22日
2023-01-23,2023年01月23日,2023,2023年,1,01月,202301,2023年01月,23,23日
2023-01-24,2023年01月24日,2023,2023年,1,01月,202301,2023年01月,24,24日
2023-01-25,2023年01月25日,2023,2023年,1,01月,202301,2023年01月,25,25日
2023-01-26,2023年01月26日,2023,2023年,1,01月,202301,2023年01月,26,26日
2023-01-27,2023年01月27日,2023,2023年,1,01月,202301,2023年01月,27,27日
2023-01-28,2023年01月28日,2023,2023年,1,01月,202301,2023年01月,28,28日
2023-01-29,2023年01月29日,2023,2023年,1,01月,202301,2023年01月,29,29日
2023-01-30,2023年01月30日,2023,2023年,1,01月,202301,2023年01月,30,30日
2023-01-31,2023年01月31日,2023,2023年,1,01月,202301,2023年01月,31,31日
2023-02-01,2023年02月01日,2023,2023年,2,02月,202302,2023年02月,1,01日
2023-02-02,2023年02月02日,2023,2023年,2,02月,202302,2023年02月,2,02日
2023-02-03,2023年02月03日,2023,2023年,2,02月,202302,2023年02月,3,03日
2023-02-04,2023年02月04日,2023,2023年,2,02月,202302,2023年02月,4,04日
2023-02-05,2023年02月05日,2023,2023年,2,02月,202302,2023年02月,5,05日
2023-02-06,2023年02月06日,2023,2023年,2,02月,202302,2023年02月,6,06日
2023-02-07,2023年02月07日,2023,2023年,2,02月,202302,2023年02月,7,07日
2023-02-08,2023年02月08日,2023,2023年,2,02月,202302,2023年02月,8,08日
2023-02-09,2023年02月09日,2023,2023年,2,02月,202302,2023年02月,9,09日
2023-02-10,2023年02月10日,2023,2023年,2,02月,202302,2023年02月,10,10日
2023-02-11,2023年02月11日,2023,2023年,2,02月,202302,2023年02月,11,11日
2023-02-12,2023年02月12日,2023,2023年,2,02月,202302,2023年02月,12,12日
2023-02-13,2023年02月13日,2023,2023年,2,02月,202302,2023年02月,13,13日
2023-02-14,2023年02月14日,2023,2023年,2,02月,202302,2023年02月,14,14日
2023-02-15,2023年02月15日,2023,2023年,2,02月,202302,2023年02月,15,15日
2023-02-16,2023年02月16日,2023,2023年,2,02月,202302,2023年02月,16,16日
2023-02-17,2023年02月17日,2023,2023年,2,02月,202302,2023年02月,17,17日
2023-02-18,2023年02月18日,2023,2023年,2,02月,202302,2023年02月,18,18日
2023-02-19,2023年02月19日,2023,2023年,2,02月,202302,2023年02月,19,19日
2023-02-20,2023年02月20日,2023,2023年,2,02月,202302,2023年02月,20,20日
2023-02-21,2023年02月21日,2023,2023年,2,02月,202302,2023年02月,21,21日
2023-02-22,2023年02月22日,2023,2023年,2,02月,202302,2023年02月,22,22日
2023-02-23,2023年02月23日,2023,2023年,2,02月,202302,2023年02月,23,23日
2023-02-24,2023年02月24日,2023,2023年,2,02月,202302,2023年02月,24,24日
2023-02-25,2023年02月25日,2023,2023年,2,02月,202302,2023年02月,25,25日
2023-02-26,2023年02月26日,2023,2023年,2,02月,202302,2023年02月,26,26日
2023-02-27,2023年02月27日,2023,2023年,2,02月,202302,2023年02月,27,27日
2023-02-28,2023年02月28日,2023,2023年,2,02月,202302,2023年02月,28,28日
2023-03-01,2023年03月01日,2023,2023年,3,03月,202303,2023年03月,1,01日
2023-03-02,2023年03月02日,2023,2023年,3,03月,202303,2023年03月,2,02日
2023-03-03,2023年03月03日,2023,2023年,3,03月,202303,2023年03月,3,03日
2023-03-04,2023年03月04日,2023,2023年,3,03月,202303,2023年03月,4,04日
2023-03-05,2023年03月05日,2023,2023年,3,03月,202303,2023年03月,5,05日
2023-03-06,2023年03月06日,2023,2023年,3,03月,202303,2023年03月,6,06日
2023-03-07,2023年03月07日,2023,2023年,3,03月,202303,2023年03月,7,07日
2023-03-08,2023年03月08日,2023,2023年,3,03月,202303,2023年03月,8,08日
2023-03-09,2023年03月09日,2023,2023年,3,03月,202303,2023年03月,9,09日
2023-03-10,2023年03月10日,2023,2023年,3,03月,202303,2023年03月,10,10日
2023-03-11,2023年03月11日,2023,2023年,3,03月,202303,2023年03月,11,11日
2023-03-12,2023年03月12日,2023,2023年,3,03月,202303,2023年03月,12,12日
2023-03-13,2023年03月13日,2023,2023年,3,03月,202303,2023年03月,13,13日
2023-03-14,2023年03月14日,2023,2023年,3,03月,202303,2023年03月,14,14日
2023-03-15,2023年03月15日,2023,2023年,3,03月,202303,2023年03月,15,15日
2023-03-16,2023年03月16日,2023,2023年,3,03月,202303,2023年03月,16,16日
2023-03-17,2023年03月17日,2023,2023年,3,03月,202303,2023年03月,17,17日
2023-03-18,2023年03月18日,2023,2023年,3,03月,202303,2023年03月,18,18日
2023-03-19,2023年03月19日,2023,2023年,3,03月,202303,2023年03月,19,19日
2023-03-20,2023年03月20日,2023,2023年,3,03月,202303,2023年03月,20,20日
2023-03-21,2023年03月21日,2023,2023年,3,03月,202303,2023年03月,21,21日
2023-03-22,2023年03月22日,2023,2023年,3,03月,202303,2023年03月,22,22日
2023-03-23,2023年03月23日,2023,2023年,3,03月,202303,2023年03月,23,23日
2023-03-24,2023年03月24日,2023,2023年,3,03月,202303,2023年03月,24,24日
2023-03-25,2023年03月25日,2023,2023年,3,03月,202303,2023年03月,25,25日
2023-03-26,2023年03月26日,2023,2023年,3,03月,202303,2023年03月,26,26日
2023-03-27,2023年03月27日,2023,2023年,3,03月,202303,2023年03月,27,27日
2023-03-28,2023年03月28日,2023,2023年,3,03月,202303,2023年03月,28,28日
2023-03-29,2023年03月29日,2023,2023年,3,03月,202303,2023年03月,29,29日
2023-03-30,2023年03月30日,2023,2023年,3,03月,202303,2023年03月,30,30日
2023-03-31,2023年03月31日,2023,2023年,3,03月,202303,2023年03月,31,31日
2023-04-01,2023年04月01日,2023,2023年,4,04月,202304,2023年04月,1,01日
2023-04-02,2023年04月02日,2023,2023年,4,04月,202304,2023年04月,2,02日
2023-04-03,2023年04月03日,2023,2023年,4,04月,202304,2023年04月,3,03日
2023-04-04,2023年04月04日,2023,2023年,4,04月,202304,2023年04月,4,04日
2023-04-05,2023年04月05日,2023,2023年,4,04月,202304,2023年04月,5,05日
2023-04-06,2023年04月06日,2023,2023年,4,04月,202304,2023年04月,6,06日
2023-04-07,2023年04月07日,2023,2023年,4,04月,202304,2023年04月,7,07日
2023-04-08,2023年04月08日,2023,2023年,4,04月,202304,2023年04月,8,08日
2023-04-09,2023年04月09日,2023,2023年,4,04月,202304,2023年04月,9,09日
2023-04-10,2023年04月10日,2023,2023年,4,04月,202304,2023年04月,10,10日
2023-04-11,2023年04月11日,2023,2023年,4,04月,202304,2023年04月,11,11日
2023-04-12,2023年04月12日,2023,2023年,4,04月,202304,2023年04月,12,12日
2023-04-13,2023年04月13日,2023,2023年,4,04月,202304,2023年04月,13,13日
2023-04-14,2023年04月14日,2023,2023年,4,04月,202304,2023年04月,14,14日
2023-04-15,2023年04月15日,2023,2023年,4,04月,202304,2023年04月,15,15日
2023-04-16,2023年04月16日,2023,2023年,4,04月,202304,2023年04月,16,16日
2023-04-17,2023年04月17日,2023,2023年,4,04月,202304,2023年04月,17,17日
2023-04-18,2023年04月18日,2023,2023年,4,04月,202304,2023年04月,18,18日
2023-04-19,2023年04月19日,2023,2023年,4,04月,202304,2023年04月,19,19日
2023-04-20,2023年04月20日,2023,2023年,4,04月,202304,2023年04月,20,20日
2023-04-21,2023年04月21日,2023,2023年,4,04月,202304,2023年04月,21,21日
2023-04-22,2023年04月22日,2023,2023年,4,04月,202304,2023年04月,22,22日
2023-04-23,2023年04月23日,2023,2023年,4,04月,202304,2023年04月,23,23日
2023-04-24,2023年04月24日,2023,2023年,4,04月,202304,2023年04月,24,24日
2023-04-25,2023年04月25日,2023,2023年,4,04月,202304,2023年04月,25,25日
2023-04-26,2023年04月26日,2023,2023年,4,04月,202304,2023年04月,26,26日
2023-04-27,2023年04月27日,2023,2023年,4,04月,202304,2023年04月,27,27日
2023-04-28,2023年04月28日,2023,2023年,4,04月,202304,2023年04月,28,28日
2023-04-29,2023年04月29日,2023,2023年,4,04月,202304,2023年04月,29,29日
2023-04-30,2023年04月30日,2023,2023年,4,04月,202304,2023年04月,30,30日
2023-05-01,2023年05月01日,2023,2023年,5,05月,202305,2023年05月,1,01日
2023-05-02,2023年05月02日,2023,2023年,5,05月,202305,2023年05月,2,02日
2023-05-03,2023年05月03日,2023,2023年,5,05月,202305,2023年05月,3,03日
2023-05-04,2023年05月04日,2023,2023年,5,05月,202305,2023年05月,4,04日
2023-05-05,2023年05月05日,2023,2023年,5,05月,202305,2023年05月,5,05日
2023-05-06,2023年05月06日,2023,2023年,5,05月,202305,2023年05月,6,06日
2023-05-07,2023年05月07日,2023,2023年,5,05月,202305,2023年05月,7,07日
2023-05-08,2023年05月08日,2023,2023年,5,05月,202305,2023年05月,8,08日
2023-05-09,2023年05月09日,2023,2023年,5,05月,202305,2023年05月,9,09日
2023-05-10,2023年05月10日,2023,2023年,5,05月,202305,2023年05月,10,10日
2023-05-11,2023年05月11日,2023,2023年,5,05月,202305,2023年05月,11,11日
2023-05-12,2023年05月12日,2023,2023年,5,05月,202305,2023年05月,12,12日
2023-05-13,2023年05月13日,2023,2023年,5,05月,202305,2023年05月,13,13日
2023-05-14,2023年05月14日,2023,2023年,5,05月,202305,2023年05月,14,14日
2023-05-15,2023年05月15日,2023,2023年,5,05月,202305,2023年05月,15,15日
2023-05-16,2023年05月16日,2023,2023年,5,05月,202305,2023年05月,16,16日
2023-05-17,2023年05月17日,2023,2023年,5,05月,202305,2023年05月,17,17日
2023-05-18,2023年05月18日,2023,2023年,5,05月,202305,2023年05月,18,18日
2023-05-19,2023年05月19日,2023,2023年,5,05月,202305,2023年05月,19,19日
2023-05-20,2023年05月20日,2023,2023年,5,05月,202305,2023年05月,20,20日
2023-05-21,2023年05月21日,2023,2023年,5,05月,202305,2023年05月,21,21日
2023-05-22,2023年05月22日,2023,2023年,5,05月,202305,2023年05月,22,22日
2023-05-23,2023年05月23日,2023,2023年,5,05月,202305,2023年05月,23,23日
2023-05-24,2023年05月24日,2023,2023年,5,05月,202305,2023年05月,24,24日
2023-05-25,2023年05月25日,2023,2023年,5,05月,202305,2023年05月,25,25日
2023-05-26,2023年05月26日,2023,2023年,5,05月,202305,2023年05月,26,26日
2023-05-27,2023年05月27日,2023,2023年,5,05月,202305,2023年05月,27,27日
2023-05-28,2023年05月28日,2023,2023年,5,05月,202305,2023年05月,28,28日
2023-05-29,2023年05月29日,2023,2023年,5,05月,202305,2023年05月,29,29日
2023-05-30,2023年05月30日,2023,2023年,5,05月,202305,2023年05月,30,30日
2023-05-31,2023年05月31日,2023,2023年,5,05月,202305,2023年05月,31,31日
2023-06-01,2023年06月01日,2023,2023年,6,06月,202306,2023年06月,1,01日
2023-06-02,2023年06月02日,2023,2023年,6,06月,202306,2023年06月,2,02日
2023-06-03,2023年06月03日,2023,2023年,6,06月,202306,2023年06月,3,03日
2023-06-04,2023年06月04日,2023,2023年,6,06月,202306,2023年06月,4,04日
2023-06-05,2023年06月05日,2023,2023年,6,06月,202306,2023年06月,5,05日
2023-06-06,2023年06月06日,2023,2023年,6,06月,202306,2023年06月,6,06日
2023-06-07,2023年06月07日,2023,2023年,6,06月,202306,2023年06月,7,07日
2023-06-08,2023年06月08日,2023,2023年,6,06月,202306,2023年06月,8,08日
2023-06-09,2023年06月09日,2023,2023年,6,06月,202306,2023年06月,9,09日
2023-06-10,2023年06月10日,2023,2023年,6,06月,202306,2023年06月,10,10日
2023-06-11,2023年06月11日,2023,2023年,6,06月,202306,2023年06月,11,11日
2023-06-12,2023年06月12日,2023,2023年,6,06月,202306,2023年06月,12,12日
2023-06-13,2023年06月13日,2023,2023年,6,06月,202306,2023年06月,13,13日
2023-06-14,2023年06月14日,2023,2023年,6,06月,202306,2023年06月,14,14日
2023-06-15,2023年06月15日,2023,2023年,6,06月,202306,2023年06月,15,15日
2023-06-16,2023年06月16日,2023,2023年,6,06月,202306,2023年06月,16,16日
2023-06-17,2023年06月17日,2023,2023年,6,06月,202306,2023年06月,17,17日
2023-06-18,2023年06月18日,2023,2023年,6,06月,202306,2023年06月,18,18日
2023-06-19,2023年06月19日,2023,2023年,6,06月,202306,2023年06月,19,19日
2023-06-20,2023年06月20日,2023,2023年,6,06月,202306,2023年06月,20,20日
2023-06-21,2023年06月21日,2023,2023年,6,06月,202306,2023年06月,21,21日
2023-06-22,2023年06月22日,2023,2023年,6,06月,202306,2023年06月,22,22日
2023-06-23,2023年06月23日,2023,2023年,6,06月,202306,2023年06月,23,23日
2023-06-24,2023年06月24日,2023,2023年,6,06月,202306,2023年06月,24,24日
2023-06-25,2023年06月25日,2023,2023年,6,06月,202306,2023年06月,25,25日
2023-06-26,2023年06月26日,2023,2023年,6,06月,202306,2023年06月,26,26日
2023-06-27,2023年06月27日,2023,2023年,6,06月,202306,2023年06月,27,27日
2023-06-28,2023年06月28日,2023,2023年,6,06月,202306,2023年06月,28,28日
2023-06-29,2023年06月29日,2023,2023年,6,06月,202306,2023年06月,29,29日
2023-06-30,2023年06月30日,2023,2023年,6,06月,202306,2023年06月,30,30日
2023-07-01,2023年07月01日,2023,2023年,7,07月,202307,2023年07月,1,01日
2023-07-02,2023年07月02日,2023,2023年,7,07月,202307,2023年07月,2,02日
2023-07-03,2023年07月03日,2023,2023年,7,07月,202307,2023年07月,3,03日
2023-07-04,2023年07月04日,2023,2023年,7,07月,202307,2023年07月,4,04日
2023-07-05,2023年07月05日,2023,2023年,7,07月,202307,2023年07月,5,05日
2023-07-06,2023年07月06日,2023,2023年,7,07月,202307,2023年07月,6,06日
2023-07-07,2023年07月07日,2023,2023年,7,07月,202307,2023年07月,7,07日
2023-07-08,2023年07月08日,2023,2023年,7,07月,202307,2023年07月,8,08日
2023-07-09,2023年07月09日,2023,2023年,7,07月,202307,2023年07月,9,09日
2023-07-10,2023年07月10日,2023,2023年,7,07月,202307,2023年07月,10,10日
2023-07-11,2023年07月11日,2023,2023年,7,07月,202307,2023年07月,11,11日
2023-07-12,2023年07月12日,2023,2023年,7,07月,202307,2023年07月,12,12日
2023-07-13,2023年07月13日,2023,2023年,7,07月,202307,2023年07月,13,13日
2023-07-14,2023年07月14日,2023,2023年,7,07月,202307,2023年07月,14,14日
2023-07-15,2023年07月15日,2023,2023年,7,07月,202307,2023年07月,15,15日
2023-07-16,2023年07月16日,2023,2023年,7,07月,202307,2023年07月,16,16日
2023-07-17,2023年07月17日,2023,2023年,7,07月,202307,2023年07月,17,17日
2023-07-18,2023年07月18日,2023,2023年,7,07月,202307,2023年07月,18,18日
2023-07-19,2023年07月19日,2023,2023年,7,07月,202307,2023年07月,19,19日
2023-07-20,2023年07月20日,2023,2023年,7,07月,202307,2023年07月,20,20日
2023-07-21,2023年07月21日,2023,2023年,7,07月,202307,2023年07月,21,21日
2023-07-22,2023年07月22日,2023,2023年,7,07月,202307,2023年07月,22,22日
2023-07-23,2023年07月23日,2023,2023年,7,07月,202307,2023年07月,23,23日
2023-07-24,2023年07月24日,2023,2023年,7,07月,202307,2023年07月,24,24日
2023-07-25,2023年07月25日,2023,2023年,7,07月,202307,2023年07月,25,25日
2023-07-26,2023年07月26日,2023,2023年,7,07月,202307,2023年07月,26,26日
2023-07-27,2023年07月27日,2023,2023年,7,07月,202307,2023年07月,27,27日
2023-07-28,2023年07月28日,2023,2023年,7,07月,202307,2023年07月,28,28日
2023-07-29,2023年07月29日,2023,2023年,7,07月,202307,2023年07月,29,29日
2023-07-30,2023年07月30日,2023,2023年,7,07月,202307,2023年07月,30,30日
2023-07-31,2023年07月31日,2023,2023年,7,07月,202307,2023年07月,31,31日
2023-08-01,2023年08月01日,2023,2023年,8,08月,202308,2023年08月,1,01日
2023-08-02,2023年08月02日,2023,2023年,8,08月,202308,2023年08月,2,02日
2023-08-03,2023年08月03日,2023,2023年,8,08月,202308,2023年08月,3,03日
2023-08-04,2023年08月04日,2023,2023年,8,08月,202308,2023年08月,4,04日
2023-08-05,2023年08月05日,2023,2023年,8,08月,202308,2023年08月,5,05日
2023-08-06,2023年08月06日,2023,2023年,8,08月,202308,2023年08月,6,06日
2023-08-07,2023年08月07日,2023,2023年,8,08月,202308,2023年08月,7,07日
2023-08-08,2023年08月08日,2023,2023年,8,08月,202308,2023年08月,8,08日
2023-08-09,2023年08月09日,2023,2023年,8,08月,202308,2023年08月,9,09日
2023-08-10,2023年08月10日,2023,2023年,8,08月,202308,2023年08月,10,10日
2023-08-11,2023年08月11日,2023,2023年,8,08月,202308,2023年08月,11,11日
2023-08-12,2023年08月12日,2023,2023年,8,08月,202308,2023年08月,12,12日
2023-08-13,2023年08月13日,2023,2023年,8,08月,202308,2023年08月,13,13日
2023-08-14,2023年08月14日,2023,2023年,8,08月,202308,2023年08月,14,14日
2023-08-15,2023年08月15日,2023,2023年,8,08月,202308,2023年08月,15,15日
2023-08-16,2023年08月16日,2023,2023年,8,08月,202308,2023年08月,16,16日
2023-08-17,2023年08月17日,2023,2023年,8,08月,202308,2023年08月,17,17日
2023-08-18,2023年08月18日,2023,2023年,8,08月,202308,2023年08月,18,18日
2023-08-19,2023年08月19日,2023,2023年,8,08月,202308,2023年08月,19,19日
2023-08-20,2023年08月20日,2023,2023年,8,08月,202308,2023年08月,20,20日
2023-08-21,2023年08月21日,2023,2023年,8,08月,202308,2023年08月,21,21日
2023-08-22,2023年08月22日,2023,2023年,8,08月,202308,2023年08月,22,22日
2023-08-23,2023年08月23日,2023,2023年,8,08月,202308,2023年08月,23,23日
2023-08-24,2023年08月24日,2023,2023年,8,08月,202308,2023年08月,24,24日
2023-08-25,2023年08月25日,2023,2023年,8,08月,202308,2023年08月,25,25日
2023-08-26,2023年08月26日,2023,2023年,8,08月,202308,2023年08月,26,26日
2023-08-27,2023年08月27日,2023,2023年,8,08月,202308,2023年08月,27,27日
2023-08-28,2023年08月28日,2023,2023年,8,08月,202308,2023年08月,28,28日
2023-08-29,2023年08月29日,2023,2023年,8,08月,202308,2023年08月,29,29日
2023-08-30,2023年08月30日,2023,2023年,8,08月,202308,2023年08月,30,30日
2023-08-31,2023年08月31日,2023,2023年,8,08月,202308,2023年08月,31,31日
2023-09-01,2023年09月01日,2023,2023年,9,09月,202309,2023年09月,1,01日
2023-09-02,2023年09月02日,2023,2023年,9,09月,202309,2023年09月,2,02日
2023-09-03,2023年09月03日,2023,2023年,9,09月,202309,2023年09月,3,03日
2023-09-04,2023年09月04日,2023,2023年,9,09月,202309,2023年09月,4,04日
2023-09-05,2023年09月05日,2023,2023年,9,09月,202309,2023年09月,5,05日
2023-09-06,2023年09月06日,2023,2023年,9,09月,202309,2023年09月,6,06日
2023-09-07,2023年09月07日,2023,2023年,9,09月,202309,2023年09月,7,07日
2023-09-08,2023年09月08日,2023,2023年,9,09月,202309,2023年09月,8,08日
2023-09-09,2023年09月09日,2023,2023年,9,09月,202309,2023年09月,9,09日
2023-09-10,2023年09月10日,2023,2023年,9,09月,202309,2023年09月,10,10日
2023-09-11,2023年09月11日,2023,2023年,9,09月,202309,2023年09月,11,11日
2023-09-12,2023年09月12日,2023,2023年,9,09月,202309,2023年09月,12,12日
2023-09-13,2023年09月13日,2023,2023年,9,09月,202309,2023年09月,13,13日
2023-09-14,2023年09月14日,2023,2023年,9,09月,202309,2023年09月,14,14日
2023-09-15,2023年09月15日,2023,2023年,9,09月,202309,2023年09月,15,15日
2023-09-16,2023年09月16日,2023,2023年,9,09月,202309,2023年09月,16,16日
2023-09-17,2023年09月17日,2023,2023年,9,09月,202309,2023年09月,17,17日
2023-09-18,2023年09月18日,2023,2023年,9,09月,202309,2023年09月,18,18日
2023-09-19,2023年09月19日,2023,2023年,9,09月,202309,2023年09月,19,19日
2023-09-20,2023年09月20日,2023,2023年,9,09月,202309,2023年09月,20,20日
2023-09-21,2023年09月21日,2023,2023年,9,09月,202309,2023年09月,21,21日
2023-09-22,2023年09月22日,2023,2023年,9,09月,202309,2023年09月,22,22日
2023-09-23,2023年09月23日,2023,2023年,9,09月,202309,2023年09月,23,23日
2023-09-24,2023年09月24日,2023,2023年,9,09月,202309,2023年09月,24,24日
2023-09-25,2023年09月25日,2023,2023年,9,09月,202309,2023年09月,25,25日
2023-09-26,2023年09月26日,2023,2023年,9,09月,202309,2023年09月,26,26日
2023-09-27,2023年09月27日,2023,2023年,9,09月,202309,2023年09月,27,27日
2023-09-28,2023年09月28日,2023,2023年,9,09月,202309,2023年09月,28,28日
2023-09-29,2023年09月29日,2023,2023年,9,09月,202309,2023年09月,29,29日
2023-09-30,2023年09月30日,2023,2023年,9,09月,202309,2023年09月,30,30日
2023-10-01,2023年10月01日,2023,2023年,10,10月,202310,2023年10月,1,01日
2023-10-02,2023年10月02日,2023,2023年,10,10月,202310,2023年10月,2,02日
2023-10-03,2023年10月03日,2023,2023年,10,10月,202310,2023年10月,3,03日
2023-10-04,2023年10月04日,2023,2023年,10,10月,202310,2023年10月,4,04日
2023-10-05,2023年10月05日,2023,2023年,10,10月,202310,2023年10月,5,05日
2023-10-06,2023年10月06日,2023,2023年,10,10月,202310,2023年10月,6,06日
2023-10-07,2023年10月07日,2023,2023年,10,10月,202310,2023年10月,7,07日
2023-10-08,2023年10月08日,2023,2023年,10,10月,202310,2023年10月,8,08日
2023-10-09,2023年10月09日,2023,2023年,10,10月,202310,2023年10月,9,09日
2023-10-10,2023年10月10日,2023,2023年,10,10月,202310,2023年10月,10,10日
2023-10-11,2023年10月11日,2023,2023年,10,10月,202310,2023年10月,11,11日
2023-10-12,2023年10月12日,2023,2023年,10,10月,202310,2023年10月,12,12日
2023-10-13,2023年10月13日,2023,2023年,10,10月,202310,2023年10月,13,13日
2023-10-14,2023年10月14日,2023,2023年,10,10月,202310,2023年10月,14,14日
2023-10-15,2023年10月15日,2023,2023年,10,10月,202310,2023年10月,15,15日
2023-10-16,2023年10月16日,2023,2023年,10,10月,202310,2023年10月,16,16日
2023-10-17,2023年10月17日,2023,2023年,10,10月,202310,2023年10月,17,17日
2023-10-18,2023年10月18日,2023,2023年,10,10月,202310,2023年10月,18,18日
2023-10-19,2023年10月19日,2023,2023年,10,10月,202310,2023年10月,19,19日
2023-10-20,2023年10月20日,2023,2023年,10,10月,202310,2023年10月,20,20日
2023-10-21,2023年10月21日,2023,2023年,10,10月,202310,2023年10月,21,21日
2023-10-22,2023年10月22日,2023,2023年,10,10月,202310,2023年10月,22,22日
2023-10-23,2023年10月23日,2023,2023年,10,10月,202310,2023年10月,23,23日
2023-10-24,2023年10月24日,2023,2023年,10,10月,202310,2023年10月,24,24日
2023-10-25,2023年10月25日,2023,2023年,10,10月,202310,2023年10月,25,25日
2023-10-26,2023年10月26日,2023,2023年,10,10月,202310,2023年10月,26,26日
2023-10-27,2023年10月27日,2023,2023年,10,10月,202310,2023年10月,27,27日
2023-10-28,2023年10月28日,2023,2023年,10,10月,202310,2023年10月,28,28日
2023-10-29,2023年10月29日,2023,2023年,10,10月,202310,2023年10月,29,29日
2023-10-30,2023年10月30日,2023,2023年,10,10月,202310,2023年10月,30,30日
2023-10-31,2023年10月31日,2023,2023年,10,10月,202310,2023年10月,31,31日
2023-11-01,2023年11月01日,2023,2023年,11,11月,202311,2023年11月,1,01日
2023-11-02,2023年11月02日,2023,2023年,11,11月,202311,2023年11月,2,02日
2023-11-03,2023年11月03日,2023,2023年,11,11月,202311,2023年11月,3,03日
2023-11-04,2023年11月04日,2023,2023年,11,11月,202311,2023年11月,4,04日
2023-11-05,2023年11月05日,2023,2023年,11,11月,202311,2023年11月,5,05日
2023-11-06,2023年11月06日,2023,2023年,11,11月,202311,2023年11月,6,06日
2023-11-07,2023年11月07日,2023,2023年,11,11月,202311,2023年11月,7,07日
2023-11-08,2023年11月08日,2023,2023年,11,11月,202311,2023年11月,8,08日
2023-11-09,2023年11月09日,2023,2023年,11,11月,202311,2023年11月,9,09日
2023-11-10,2023年11月10日,2023,2023年,11,11月,202311,2023年11月,10,10日
2023-11-11,2023年11月11日,2023,2023年,11,11月,202311,2023年11月,11,11日
2023-11-12,2023年11月12日,2023,2023年,11,11月,202311,2023年11月,12,12日
2023-11-13,2023年11月13日,2023,2023年,11,11月,202311,2023年11月,13,13日
2023-11-14,2023年11月14日,2023,2023年,11,11月,202311,2023年11月,14,14日
2023-11-15,2023年11月15日,2023,2023年,11,11月,202311,2023年11月,15,15日
2023-11-16,2023年11月16日,2023,2023年,11,11月,202311,2023年11月,16,16日
2023-11-17,2023年11月17日,2023,2023年,11,11月,202311,2023年11月,17,17日
2023-11-18,2023年11月18日,2023,2023年,11,11月,202311,2023年11月,18,18日
2023-11-19,2023年11月19日,2023,2023年,11,11月,202311,2023年11月,19,19日
2023-11-20,2023年11月20日,2023,2023年,11,11月,202311,2023年11月,20,20日
2023-11-21,2023年11月21日,2023,2023年,11,11月,202311,2023年11月,21,21日
2023-11-22,2023年11月22日,2023,2023年,11,11月,202311,2023年11月,22,22日
2023-11-23,2023年11月23日,2023,2023年,11,11月,202311,2023年11月,23,23日
2023-11-24,2023年11月24日,2023,2023年,11,11月,202311,2023年11月,24,24日
2023-11-25,2023年11月25日,2023,2023年,11,11月,202311,2023年11月,25,25日
2023-11-26,2023年11月26日,2023,2023年,11,11月,202311,2023年11月,26,26日
2023-11-27,2023年11月27日,2023,2023年,11,11月,202311,2023年11月,27,27日
2023-11-28,2023年11月28日,2023,2023年,11,11月,202311,2023年11月,28,28日
2023-11-29,2023年11月29日,2023,2023年,11,11月,202311,2023年11月,29,29日
2023-11-30,2023年11月30日,2023,2023年,11,11月,202311,2023年11月,30,30日
2023-12-01,2023年12月01日,2023,2023年,12,12月,202312,2023年12月,1,01日
2023-12-02,2023年12月02日,2023,2023年,12,12月,202312,2023年12月,2,02日
2023-12-03,2023年12月03日,2023,2023年,12,12月,202312,2023年12月,3,03日
2023-12-04,2023年12月04日,2023,2023年,12,12月,202312,2023年12月,4,04日
2023-12-05,2023年12月05日,2023,2023年,12,12月,202312,2023年12月,5,05日
2023-12-06,2023年12月06日,2023,2023年,12,12月,202312,2023年12月,6,06日
2023-12-07,2023年12月07日,2023,2023年,12,12月,202312,2023年12月,7,07日
2023-12-08,2023年12月08日,2023,2023年,12,12月,202312,2023年12月,8,08日
2023-12-09,2023年12月09日,2023,2023年,12,12月,202312,2023年12月,9,09日
2023-12-10,2023年12月10日,2023,2023年,12,12月,202312,2023年12月,10,10日
2023-12-11,2023年12月11日,2023,2023年,12,12月,202312,2023年12月,11,11日
2023-12-12,2023年12月12日,2023,2023年,12,12月,202312,2023年12月,12,12日
2023-12-13,2023年12月13日,2023,2023年,12,12月,202312,2023年12月,13,13日
2023-12-14,2023年12月14日,2023,2023年,12,12月,202312,2023年12月,14,14日
2023-12-15,2023年12月15日,2023,2023年,12,12月,202312,2023年12月,15,15日
2023-12-16,2023年12月16日,2023,2023年,12,12月,202312,2023年12月,16,16日
2023-12-17,2023年12月17日,2023,2023年,12,12月,202312,2023年12月,17,17日
2023-12-18,2023年12月18日,2023,2023年,12,12月,202312,2023年12月,18,18日
2023-12-19,2023年12月19日,2023,2023年,12,12月,202312,2023年12月,19,19日
2023-12-20,2023年12月20日,2023,2023年,12,12月,202312,2023年12月,20,20日
2023-12-21,2023年12月21日,2023,2023年,12,12月,202312,2023年12月,21,21日
2023-12-22,2023年12月22日,2023,2023年,12,12月,202312,2023年12月,22,22日
2023-12-23,2023年12月23日,2023,2023年,12,12月,202312,2023年12月,23,23日
2023-12-24,2023年12月24日,2023,2023年,12,12月,202312,2023年12月,24,24日
2023-12-25,2023年12月25日,2023,2023年,12,12月,202312,2023年12月,25,25日
2023-12-26,2023年12月26日,2023,2023年,12,12月,202312,2023年12月,26,26日
2023-12-27,2023年12月27日,2023,2023年,12,12月,202312,2023年12月,27,27日
2023-12-28,2023年12月28日,2023,2023年,12,12月,202312,2023年12月,28,28日
2023-12-29,2023年12月29日,2023,2023年,12,12月,202312,2023年12月,29,29日
2023-12-30,2023年12月30日,2023,2023年,12,12月,202312,2023年12月,30,30日
2023-12-31,2023年12月31日,2023,2023年,12,12月,202312,2023年12月,31,31日
2024-01-01,2024年01月01日,2024,2024年,1,01月,202401,2024年01月,1,01日
2024-01-02,2024年01月02日,2024,2024年,1,01月,202401,2024年01月,2,02日
2024-01-03,2024年01月03日,2024,2024年,1,01月,202401,2024年01月,3,03日
2024-01-04,2024年01月04日,2024,2024年,1,01月,202401,2024年01月,4,04日
2024-01-05,2024年01月05日,2024,2024年,1,01月,202401,2024年01月,5,05日
2024-01-06,2024年01月06日,2024,2024年,1,01月,202401,2024年01月,6,06日
2024-01-07,2024年01月07日,2024,2024年,1,01月,202401,2024年01月,7,07日
2024-01-08,2024年01月08日,2024,2024年,1,01月,202401,2024年01月,8,08日
2024-01-09,2024年01月09日,2024,2024年,1,01月,202401,2024年01月,9,09日
2024-01-10,2024年01月10日,2024,2024年,1,01月,202401,2024年01月,10,10日
2024-01-11,2024年01月11日,2024,2024年,1,01月,202401,2024年01月,11,11日
2024-01-12,2024年01月12日,2024,2024年,1,01月,202401,2024年01月,12,12日
2024-01-13,2024年01月13日,2024,2024年,1,01月,202401,2024年01月,13,13日
2024-01-14,2024年01月14日,2024,2024年,1,01月,202401,2024年01月,14,14日
2024-01-15,2024年01月15日,2024,2024年,1,01月,202401,2024年01月,15,15日
2024-01-16,2024年01月16日,2024,2024年,1,01月,202401,2024年01月,16,16日
2024-01-17,2024年01月17日,2024,2024年,1,01月,202401,2024年01月,17,17日
2024-01-18,2024年01月18日,2024,2024年,1,01月,202401,2024年01月,18,18日
2024-01-19,2024年01月19日,2024,2024年,1,01月,202401,2024年01月,19,19日
2024-01-20,2024年01月20日,2024,2024年,1,01月,202401,2024年01月,20,20日
2024-01-21,2024年01月21日,2024,2024年,1,01月,202401,2024年01月,21,21日
2024-01-22,2024年01月22日,2024,2024年,1,01月,202401,2024年01月,22,22日
2024-01-23,2024年01月23日,2024,2024年,1,01月,202401,2024年01月,23,23日
2024-01-24,2024年01月24日,2024,2024年,1,01月,202401,2024年01月,24,24日
2024-01-25,2024年01月25日,2024,2024年,1,01月,202401,2024年01月,25,25日
2024-01-26,2024年01月26日,2024,2024年,1,01月,202401,2024年01月,26,26日
2024-01-27,2024年01月27日,2024,2024年,1,01月,202401,2024年01月,27,27日
2024-01-28,2024年01月28日,2024,2024年,1,01月,202401,2024年01月,28,28日
2024-01-29,2024年01月29日,2024,2024年,1,01月,202401,2024年01月,29,29日
2024-01-30,2024年01月30日,2024,2024年,1,01月,202401,2024年01月,30,30日
2024-01-31,2024年01月31日,2024,2024年,1,01月,202401,2024年01月,31,31日
2024-02-01,2024年02月01日,2024,2024年,2,02月,202402,2024年02月,1,01日
2024-02-02,2024年02月02日,2024,2024年,2,02月,202402,2024年02月,2,02日
2024-02-03,2024年02月03日,2024,2024年,2,02月,202402,2024年02月,3,03日
2024-02-04,2024年02月04日,2024,2024年,2,02月,202402,2024年02月,4,04日
2024-02-05,2024年02月05日,2024,2024年,2,02月,202402,2024年02月,5,05日
2024-02-06,2024年02月06日,2024,2024年,2,02月,202402,2024年02月,6,06日
2024-02-07,2024年02月07日,2024,2024年,2,02月,202402,2024年02月,7,07日
2024-02-08,2024年02月08日,2024,2024年,2,02月,202402,2024年02月,8,08日
2024-02-09,2024年02月09日,2024,2024年,2,02月,202402,2024年02月,9,09日
2024-02-10,2024年02月10日,2024,2024年,2,02月,202402,2024年02月,10,10日
2024-02-11,2024年02月11日,2024,2024年,2,02月,202402,2024年02月,11,11日
2024-02-12,2024年02月12日,2024,2024年,2,02月,202402,2024年02月,12,12日
2024-02-13,2024年02月13日,2024,2024年,2,02月,202402,2024年02月,13,13日
2024-02-14,2024年02月14日,2024,2024年,2,02月,202402,2024年02月,14,14日
2024-02-15,2024年02月15日,2024,2024年,2,02月,202402,2024年02月,15,15日
2024-02-16,2024年02月16日,2024,2024年,2,02月,202402,2024年02月,16,16日
2024-02-17,2024年02月17日,2024,2024年,2,02月,202402,2024年02月,17,17日
2024-02-18,2024年02月18日,2024,2024年,2,02月,202402,2024年02月,18,18日
2024-02-19,2024年02月19日,2024,2024年,2,02月,202402,2024年02月,19,19日
2024-02-20,2024年02月20日,2024,2024年,2,02月,202402,2024年02月,20,20日
2024-02-21,2024年02月21日,2024,2024年,2,02月,202402,2024年02月,21,21日
2024-02-22,2024年02月22日,2024,2024年,2,02月,202402,2024年02月,22,22日
2024-02-23,2024年02月23日,2024,2024年,2,02月,202402,2024年02月,23,23日
2024-02-24,2024年02月24日,2024,2024年,2,02月,202402,2024年02月,24,24日
2024-02-25,2024年02月25日,2024,2024年,2,02月,202402,2024年02月,25,25日
2024-02-26,2024年02月26日,2024,2024年,2,02月,202402,2024年02月,26,26日
2024-02-27,2024年02月27日,2024,2024年,2,02月,202402,2024年02月,27,27日
2024-02-28,2024年02月28日,2024,2024年,2,02月,202402,2024年02月,28,28日
2024-02-29,2024年02月29日,2024,2024年,2,02月,202402,2024年02月,29,29日
2024-03-01,2024年03月01日,2024,2024年,3,03月,202403,2024年03月,1,01日
2024-03-02,2024年03月02日,2024,2024年,3,03月,202403,2024年03月,2,02日
2024-03-03,2024年03月03日,2024,2024年,3,03月,202403,2024年03月,3,03日
2024-03-04,2024年03月04日,2024,2024年,3,03月,202403,2024年03月,4,04日
2024-03-05,2024年03月05日,2024,2024年,3,03月,202403,2024年03月,5,05日
2024-03-06,2024年03月06日,2024,2024年,3,03月,202403,2024年03月,6,06日
2024-03-07,2024年03月07日,2024,2024年,3,03月,202403,2024年03月,7,07日
2024-03-08,2024年03月08日,2024,2024年,3,03月,202403,2024年03月,8,08日
2024-03-09,2024年03月09日,2024,2024年,3,03月,202403,2024年03月,9,09日
2024-03-10,2024年03月10日,2024,2024年,3,03月,202403,2024年03月,10,10日
2024-03-11,2024年03月11日,2024,2024年,3,03月,202403,2024年03月,11,11日
2024-03-12,2024年03月12日,2024,2024年,3,03月,202403,2024年03月,12,12日
2024-03-13,2024年03月13日,2024,2024年,3,03月,202403,2024年03月,13,13日
2024-03-14,2024年03月14日,2024,2024年,3,03月,202403,2024年03月,14,14日
2024-03-15,2024年03月15日,2024,2024年,3,03月,202403,2024年03月,15,15日
2024-03-16,2024年03月16日,2024,2024年,3,03月,202403,2024年03月,16,16日
2024-03-17,2024年03月17日,2024,2024年,3,03月,202403,2024年03月,17,17日
2024-03-18,2024年03月18日,2024,2024年,3,03月,202403,2024年03月,18,18日
2024-03-19,2024年03月19日,2024,2024年,3,03月,202403,2024年03月,19,19日
2024-03-20,2024年03月20日,2024,2024年,3,03月,202403,2024年03月,20,20日
2024-03-21,2024年03月21日,2024,2024年,3,03月,202403,2024年03月,21,21日
2024-03-22,2024年03月22日,2024,2024年,3,03月,202403,2024年03月,22,22日
2024-03-23,2024年03月23日,2024,2024年,3,03月,202403,2024年03月,23,23日
2024-03-24,2024年03月24日,2024,2024年,3,03月,202403,2024年03月,24,24日
2024-03-25,2024年03月25日,2024,2024年,3,03月,202403,2024年03月,25,25日
2024-03-26,2024年03月26日,2024,2024年,3,03月,202403,2024年03月,26,26日
2024-03-27,2024年03月27日,2024,2024年,3,03月,202403,2024年03月,27,27日
2024-03-28,2024年03月28日,2024,2024年,3,03月,202403,2024年03月,28,28日
2024-03-29,2024年03月29日,2024,2024年,3,03月,202403,2024年03月,29,29日
2024-03-30,2024年03月30日,2024,2024年,3,03月,202403,2024年03月,30,30日
2024-03-31,2024年03月31日,2024,2024年,3,03月,202403,2024年03月,31,31日
2024-04-01,2024年04月01日,2024,2024年,4,04月,202404,2024年04月,1,01日
2024-04-02,2024年04月02日,2024,2024年,4,04月,202404,2024年04月,2,02日
2024-04-03,2024年04月03日,2024,2024年,4,04月,202404,2024年04月,3,03日
2024-04-04,2024年04月04日,2024,2024年,4,04月,202404,2024年04月,4,04日
2024-04-05,2024年04月05日,2024,2024年,4,04月,202404,2024年04月,5,05日
2024-04-06,2024年04月06日,2024,2024年,4,04月,202404,2024年04月,6,06日
2024-04-07,2024年04月07日,2024,2024年,4,04月,202404,2024年04月,7,07日
2024-04-08,2024年04月08日,2024,2024年,4,04月,202404,2024年04月,8,08日
2024-04-09,2024年04月09日,2024,2024年,4,04月,202404,2024年04月,9,09日
2024-04-10,2024年04月10日,2024,2024年,4,04月,202404,2024年04月,10,10日
2024-04-11,2024年04月11日,2024,2024年,4,04月,202404,2024年04月,11,11日
2024-04-12,2024年04月12日,2024,2024年,4,04月,202404,2024年04月,12,12日
2024-04-13,2024年04月13日,2024,2024年,4,04月,202404,2024年04月,13,13日
2024-04-14,2024年04月14日,2024,2024年,4,04月,202404,2024年04月,14,14日
2024-04-15,2024年04月15日,2024,2024年,4,04月,202404,2024年04月,15,15日
2024-04-16,2024年04月16日,2024,2024年,4,04月,202404,2024年04月,16,16日
2024-04-17,2024年04月17日,2024,2024年,4,04月,202404,2024年04月,17,17日
2024-04-18,2024年04月18日,2024,2024年,4,04月,202404,2024年04月,18,18日
2024-04-19,2024年04月19日,2024,2024年,4,04月,202404,2024年04月,19,19日
2024-04-20,2024年04月20日,2024,2024年,4,04月,202404,2024年04月,20,20日
2024-04-21,2024年04月21日,2024,2024年,4,04月,202404,2024年04月,21,21日
2024-04-22,2024年04月22日,2024,2024年,4,04月,202404,2024年04月,22,22日
2024-04-23,2024年04月23日,2024,2024年,4,04月,202404,2024年04月,23,23日
2024-04-24,2024年04月24日,2024,2024年,4,04月,202404,2024年04月,24,24日
2024-04-25,2024年04月25日,2024,2024年,4,04月,202404,2024年04月,25,25日
2024-04-26,2024年04月26日,2024,2024年,4,04月,202404,2024年04月,26,26日
2024-04-27,2024年04月27日,2024,2024年,4,04月,202404,2024年04月,27,27日
2024-04-28,2024年04月28日,2024,2024年,4,04月,202404,2024年04月,28,28日
2024-04-29,2024年04月29日,2024,2024年,4,04月,202404,2024年04月,29,29日
2024-04-30,2024年04月30日,2024,2024年,4,04月,202404,2024年04月,30,30日
2024-05-01,2024年05月01日,2024,2024年,5,05月,202405,2024年05月,1,01日
2024-05-02,2024年05月02日,2024,2024年,5,05月,202405,2024年05月,2,02日
2024-05-03,2024年05月03日,2024,2024年,5,05月,202405,2024年05月,3,03日
2024-05-04,2024年05月04日,2024,2024年,5,05月,202405,2024年05月,4,04日
2024-05-05,2024年05月05日,2024,2024年,5,05月,202405,2024年05月,5,05日
2024-05-06,2024年05月06日,2024,2024年,5,05月,202405,2024年05月,6,06日
2024-05-07,2024年05月07日,2024,2024年,5,05月,202405,2024年05月,7,07日
2024-05-08,2024年05月08日,2024,2024年,5,05月,202405,2024年05月,8,08日
2024-05-09,2024年05月09日,2024,2024年,5,05月,202405,2024年05月,9,09日
2024-05-10,2024年05月10日,2024,2024年,5,05月,202405,2024年05月,10,10日
2024-05-11,2024年05月11日,2024,2024年,5,05月,202405,2024年05月,11,11日
2024-05-12,2024年05月12日,2024,2024年,5,05月,202405,2024年05月,12,12日
2024-05-13,2024年05月13日,2024,2024年,5,05月,202405,2024年05月,13,13日
2024-05-14,2024年05月14日,2024,2024年,5,05月,202405,2024年05月,14,14日
2024-05-15,2024年05月15日,2024,2024年,5,05月,202405,2024年05月,15,15日
2024-05-16,2024年05月16日,2024,2024年,5,05月,202405,2024年05月,16,16日
2024-05-17,2024年05月17日,2024,2024年,5,05月,202405,2024年05月,17,17日
2024-05-18,2024年05月18日,2024,2024年,5,05月,202405,2024年05月,18,18日
2024-05-19,2024年05月19日,2024,2024年,5,05月,202405,2024年05月,19,19日
2024-05-20,2024年05月20日,2024,2024年,5,05月,202405,2024年05月,20,20日
2024-05-21,2024年05月21日,2024,2024年,5,05月,202405,2024年05月,21,21日
2024-05-22,2024年05月22日,2024,2024年,5,05月,202405,2024年05月,22,22日
2024-05-23,2024年05月23日,2024,2024年,5,05月,202405,2024年05月,23,23日
2024-05-24,2024年05月24日,2024,2024年,5,05月,202405,2024年05月,24,24日
2024-05-25,2024年05月25日,2024,2024年,5,05月,202405,2024年05月,25,25日
2024-05-26,2024年05月26日,2024,2024年,5,05月,202405,2024年05月,26,26日
2024-05-27,2024年05月27日,2024,2024年,5,05月,202405,2024年05月,27,27日
2024-05-28,2024年05月28日,2024,2024年,5,05月,202405,2024年05月,28,28日
2024-05-29,2024年05月29日,2024,2024年,5,05月,202405,2024年05月,29,29日
2024-05-30,2024年05月30日,2024,2024年,5,05月,202405,2024年05月,30,30日
2024-05-31,2024年05月31日,2024,2024年,5,05月,202405,2024年05月,31,31日
2024-06-01,2024年06月01日,2024,2024年,6,06月,202406,2024年06月,1,01日
2024-06-02,2024年06月02日,2024,2024年,6,06月,202406,2024年06月,2,02日
2024-06-03,2024年06月03日,2024,2024年,6,06月,202406,2024年06月,3,03日
2024-06-04,2024年06月04日,2024,2024年,6,06月,202406,2024年06月,4,04日
2024-06-05,2024年06月05日,2024,2024年,6,06月,202406,2024年06月,5,05日
2024-06-06,2024年06月06日,2024,2024年,6,06月,202406,2024年06月,6,06日
2024-06-07,2024年06月07日,2024,2024年,6,06月,202406,2024年06月,7,07日
2024-06-08,2024年06月08日,2024,2024年,6,06月,202406,2024年06月,8,08日
2024-06-09,2024年06月09日,2024,2024年,6,06月,202406,2024年06月,9,09日
2024-06-10,2024年06月10日,2024,2024年,6,06月,202406,2024年06月,10,10日
2024-06-11,2024年06月11日,2024,2024年,6,06月,202406,2024年06月,11,11日
2024-06-12,2024年06月12日,2024,2024年,6,06月,202406,2024年06月,12,12日
2024-06-13,2024年06月13日,2024,2024年,6,06月,202406,2024年06月,13,13日
2024-06-14,2024年06月14日,2024,2024年,6,06月,202406,2024年06月,14,14日
2024-06-15,2024年06月15日,2024,2024年,6,06月,202406,2024年06月,15,15日
2024-06-16,2024年06月16日,2024,2024年,6,06月,202406,2024年06月,16,16日
2024-06-17,2024年06月17日,2024,2024年,6,06月,202406,2024年06月,17,17日
2024-06-18,2024年06月18日,2024,2024年,6,06月,202406,2024年06月,18,18日
2024-06-19,2024年06月19日,2024,2024年,6,06月,202406,2024年06月,19,19日
2024-06-20,2024年06月20日,2024,2024年,6,06月,202406,2024年06月,20,20日
2024-06-21,2024年06月21日,2024,2024年,6,06月,202406,2024年06月,21,21日
2024-06-22,2024年06月22日,2024,2024年,6,06月,202406,2024年06月,22,22日
2024-06-23,2024年06月23日,2024,2024年,6,06月,202406,2024年06月,23,23日
2024-06-24,2024年06月24日,2024,2024年,6,06月,202406,2024年06月,24,24日
2024-06-25,2024年06月25日,2024,2024年,6,06月,202406,2024年06月,25,25日
2024-06-26,2024年06月26日,2024,2024年,6,06月,202406,2024年06月,26,26日
2024-06-27,2024年06月27日,2024,2024年,6,06月,202406,2024年06月,27,27日
2024-06-28,2024年06月28日,2024,2024年,6,06月,202406,2024年06月,28,28日
2024-06-29,2024年06月29日,2024,2024年,6,06月,202406,2024年06月,29,29日
2024-06-30,2024年06月30日,2024,2024年,6,06月,202406,2024年06月,30,30日
2024-07-01,2024年07月01日,2024,2024年,7,07月,202407,2024年07月,1,01日
2024-07-02,2024年07月02日,2024,2024年,7,07月,202407,2024年07月,2,02日
2024-07-03,2024年07月03日,2024,2024年,7,07月,202407,2024年07月,3,03日
2024-07-04,2024年07月04日,2024,2024年,7,07月,202407,2024年07月,4,04日
2024-07-05,2024年07月05日,2024,2024年,7,07月,202407,2024年07月,5,05日
2024-07-06,2024年07月06日,2024,2024年,7,07月,202407,2024年07月,6,06日
2024-07-07,2024年07月07日,2024,2024年,7,07月,202407,2024年07月,7,07日
2024-07-08,2024年07月08日,2024,2024年,7,07月,202407,2024年07月,8,08日
2024-07-09,2024年07月09日,2024,2024年,7,07月,202407,2024年07月,9,09日
2024-07-10,2024年07月10日,2024,2024年,7,07月,202407,2024年07月,10,10日
2024-07-11,2024年07月11日,2024,2024年,7,07月,202407,2024年07月,11,11日
2024-07-12,2024年07月12日,2024,2024年,7,07月,202407,2024年07月,12,12日
2024-07-13,2024年07月13日,2024,2024年,7,07月,202407,2024年07月,13,13日
2024-07-14,2024年07月14日,2024,2024年,7,07月,202407,2024年07月,14,14日
2024-07-15,2024年07月15日,2024,2024年,7,07月,202407,2024年07月,15,15日
2024-07-16,2024年07月16日,2024,2024年,7,07月,202407,2024年07月,16,16日
2024-07-17,2024年07月17日,2024,2024年,7,07月,202407,2024年07月,17,17日
2024-07-18,2024年07月18日,2024,2024年,7,07月,202407,2024年07月,18,18日
2024-07-19,2024年07月19日,2024,2024年,7,07月,202407,2024年07月,19,19日
2024-07-20,2024年07月20日,2024,2024年,7,07月,202407,2024年07月,20,20日
2024-07-21,2024年07月21日,2024,2024年,7,07月,202407,2024年07月,21,21日
2024-07-22,2024年07月22日,2024,2024年,7,07月,202407,2024年07月,22,22日
2024-07-23,2024年07月23日,2024,2024年,7,07月,202407,2024年07月,23,23日
2024-07-24,2024年07月24日,2024,2024年,7,07月,202407,2024年07月,24,24日
2024-07-25,2024年07月25日,2024,2024年,7,07月,202407,2024年07月,25,25日
2024-07-26,2024年07月26日,2024,2024年,7,07月,202407,2024年07月,26,26日
2024-07-27,2024年07月27日,2024,2024年,7,07月,202407,2024年07月,27,27日
2024-07-28,2024年07月28日,2024,2024年,7,07月,202407,2024年07月,28,28日
2024-07-29,2024年07月29日,2024,2024年,7,07月,202407,2024年07月,29,29日
2024-07-30,2024年07月30日,2024,2024年,7,07月,202407,2024年07月,30,30日
2024-07-31,2024年07月31日,2024,2024年,7,07月,202407,2024年07月,31,31日
2024-08-01,2024年08月01日,2024,2024年,8,08月,202408,2024年08月,1,01日
2024-08-02,2024年08月02日,2024,2024年,8,08月,202408,2024年08月,2,02日
2024-08-03,2024年08月03日,2024,2024年,8,08月,202408,2024年08月,3,03日
2024-08-04,2024年08月04日,2024,2024年,8,08月,202408,2024年08月,4,04日
2024-08-05,2024年08月05日,2024,2024年,8,08月,202408,2024年08月,5,05日
2024-08-06,2024年08月06日,2024,2024年,8,08月,202408,2024年08月,6,06日
2024-08-07,2024年08月07日,2024,2024年,8,08月,202408,2024年08月,7,07日
2024-08-08,2024年08月08日,2024,2024年,8,08月,202408,2024年08月,8,08日
2024-08-09,2024年08月09日,2024,2024年,8,08月,202408,2024年08月,9,09日
2024-08-10,2024年08月10日,2024,2024年,8,08月,202408,2024年08月,10,10日
2024-08-11,2024年08月11日,2024,2024年,8,08月,202408,2024年08月,11,11日
2024-08-12,2024年08月12日,2024,2024年,8,08月,202408,2024年08月,12,12日
2024-08-13,2024年08月13日,2024,2024年,8,08月,202408,2024年08月,13,13日
2024-08-14,2024年08月14日,2024,2024年,8,08月,202408,2024年08月,14,14日
2024-08-15,2024年08月15日,2024,2024年,8,08月,202408,2024年08月,15,15日
2024-08-16,2024年08月16日,2024,2024年,8,08月,202408,2024年08月,16,16日
2024-08-17,2024年08月17日,2024,2024年,8,08月,202408,2024年08月,17,17日
2024-08-18,2024年08月18日,2024,2024年,8,08月,202408,2024年08月,18,18日
2024-08-19,2024年08月19日,2024,2024年,8,08月,202408,2024年08月,19,19日
2024-08-20,2024年08月20日,2024,2024年,8,08月,202408,2024年08月,20,20日
2024-08-21,2024年08月21日,2024,2024年,8,08月,202408,2024年08月,21,21日
2024-08-22,2024年08月22日,2024,2024年,8,08月,202408,2024年08月,22,22日
2024-08-23,2024年08月23日,2024,2024年,8,08月,202408,2024年08月,23,23日
2024-08-24,2024年08月24日,2024,2024年,8,08月,202408,2024年08月,24,24日
2024-08-25,2024年08月25日,2024,2024年,8,08月,202408,2024年08月,25,25日
2024-08-26,2024年08月26日,2024,2024年,8,08月,202408,2024年08月,26,26日
2024-08-27,2024年08月27日,2024,2024年,8,08月,202408,2024年08月,27,27日
2024-08-28,2024年08月28日,2024,2024年,8,08月,202408,2024年08月,28,28日
2024-08-29,2024年08月29日,2024,2024年,8,08月,202408,2024年08月,29,29日
2024-08-30,2024年08月30日,2024,2024年,8,08月,202408,2024年08月,30,30日
2024-08-31,2024年08月31日,2024,2024年,8,08月,202408,2024年08月,31,31日
2024-09-01,2024年09月01日,2024,2024年,9,09月,202409,2024年09月,1,01日
2024-09-02,2024年09月02日,2024,2024年,9,09月,202409,2024年09月,2,02日
2024-09-03,2024年09月03日,2024,2024年,9,09月,202409,2024年09月,3,03日
2024-09-04,2024年09月04日,2024,2024年,9,09月,202409,2024年09月,4,04日
2024-09-05,2024年09月05日,2024,2024年,9,09月,202409,2024年09月,5,05日
2024-09-06,2024年09月06日,2024,2024年,9,09月,202409,2024年09月,6,06日
2024-09-07,2024年09月07日,2024,2024年,9,09月,202409,2024年09月,7,07日
2024-09-08,2024年09月08日,2024,2024年,9,09月,202409,2024年09月,8,08日
2024-09-09,2024年09月09日,2024,2024年,9,09月,202409,2024年09月,9,09日
2024-09-10,2024年09月10日,2024,2024年,9,09月,202409,2024年09月,10,10日
2024-09-11,2024年09月11日,2024,2024年,9,09月,202409,2024年09月,11,11日
2024-09-12,2024年09月12日,2024,2024年,9,09月,202409,2024年09月,12,12日
2024-09-13,2024年09月13日,2024,2024年,9,09月,202409,2024年09月,13,13日
2024-09-14,2024年09月14日,2024,2024年,9,09月,202409,2024年09月,14,14日
2024-09-15,2024年09月15日,2024,2024年,9,09月,202409,2024年09月,15,15日
2024-09-16,2024年09月16日,2024,2024年,9,09月,202409,2024年09月,16,16日
2024-09-17,2024年09月17日,2024,2024年,9,09月,202409,2024年09月,17,17日
2024-09-18,2024年09月18日,2024,2024年,9,09月,202409,2024年09月,18,18日
2024-09-19,2024年09月19日,2024,2024年,9,09月,202409,2024年09月,19,19日
2024-09-20,2024年09月20日,2024,2024年,9,09月,202409,2024年09月,20,20日
2024-09-21,2024年09月21日,2024,2024年,9,09月,202409,2024年09月,21,21日
2024-09-22,2024年09月22日,2024,2024年,9,09月,202409,2024年09月,22,22日
2024-09-23,2024年09月23日,2024,2024年,9,09月,202409,2024年09月,23,23日
2024-09-24,2024年09月24日,2024,2024年,9,09月,202409,2024年09月,24,24日
2024-09-25,2024年09月25日,2024,2024年,9,09月,202409,2024年09月,25,25日
2024-09-26,2024年09月26日,2024,2024年,9,09月,202409,2024年09月,26,26日
2024-09-27,2024年09月27日,2024,2024年,9,09月,202409,2024年09月,27,27日
2024-09-28,2024年09月28日,2024,2024年,9,09月,202409,2024年09月,28,28日
2024-09-29,2024年09月29日,2024,2024年,9,09月,202409,2024年09月,29,29日
2024-09-30,2024年09月30日,2024,2024年,9,09月,202409,2024年09月,30,30日
2024-10-01,2024年10月01日,2024,2024年,10,10月,202410,2024年10月,1,01日
2024-10-02,2024年10月02日,2024,2024年,10,10月,202410,2024年10月,2,02日
2024-10-03,2024年10月03日,2024,2024年,10,10月,202410,2024年10月,3,03日
2024-10-04,2024年10月04日,2024,2024年,10,10月,202410,2024年10月,4,04日
2024-10-05,2024年10月05日,2024,2024年,10,10月,202410,2024年10月,5,05日
2024-10-06,2024年10月06日,2024,2024年,10,10月,202410,2024年10月,6,06日
2024-10-07,2024年10月07日,2024,2024年,10,10月,202410,2024年10月,7,07日
2024-10-08,2024年10月08日,2024,2024年,10,10月,202410,2024年10月,8,08日
2024-10-09,2024年10月09日,2024,2024年,10,10月,202410,2024年10月,9,09日
2024-10-10,2024年10月10日,2024,2024年,10,10月,202410,2024年10月,10,10日
2024-10-11,2024年10月11日,2024,2024年,10,10月,202410,2024年10月,11,11日
2024-10-12,2024年10月12日,2024,2024年,10,10月,202410,2024年10月,12,12日
2024-10-13,2024年10月13日,2024,2024年,10,10月,202410,2024年10月,13,13日
2024-10-14,2024年10月14日,2024,2024年,10,10月,202410,2024年10月,14,14日
2024-10-15,2024年10月15日,2024,2024年,10,10月,202410,2024年10月,15,15日
2024-10-16,2024年10月16日,2024,2024年,10,10月,202410,2024年10月,16,16日
2024-10-17,2024年10月17日,2024,2024年,10,10月,202410,2024年10月,17,17日
2024-10-18,2024年10月18日,2024,2024年,10,10月,202410,2024年10月,18,18日
2024-10-19,2024年10月19日,2024,2024年,10,10月,202410,2024年10月,19,19日
2024-10-20,2024年10月20日,2024,2024年,10,10月,202410,2024年10月,20,20日
2024-10-21,2024年10月21日,2024,2024年,10,10月,202410,2024年10月,21,21日
2024-10-22,2024年10月22日,2024,2024年,10,10月,202410,2024年10月,22,22日
2024-10-23,2024年10月23日,2024,2024年,10,10月,202410,2024年10月,23,23日
2024-10-24,2024年10月24日,2024,2024年,10,10月,202410,2024年10月,24,24日
2024-10-25,2024年10月25日,2024,2024年,10,10月,202410,2024年10月,25,25日
2024-10-26,2024年10月26日,2024,2024年,10,10月,202410,2024年10月,26,26日
2024-10-27,2024年10月27日,2024,2024年,10,10月,202410,2024年10月,27,27日
2024-10-28,2024年10月28日,2024,2024年,10,10月,202410,2024年10月,28,28日
2024-10-29,2024年10月29日,2024,2024年,10,10月,202410,2024年10月,29,29日
2024-10-30,2024年10月30日,2024,2024年,10,10月,202410,2024年10月,30,30日
2024-10-31,2024年10月31日,2024,2024年,10,10月,202410,2024年10月,31,31日
2024-11-01,2024年11月01日,2024,2024年,11,11月,202411,2024年11月,1,01日
2024-11-02,2024年11月02日,2024,2024年,11,11月,202411,2024年11月,2,02日
2024-11-03,2024年11月03日,2024,2024年,11,11月,202411,2024年11月,3,03日
2024-11-04,2024年11月04日,2024,2024年,11,11月,202411,2024年11月,4,04日
2024-11-05,2024年11月05日,2024,2024年,11,11月,202411,2024年11月,5,05日
2024-11-06,2024年11月06日,2024,2024年,11,11月,202411,2024年11月,6,06日
2024-11-07,2024年11月07日,2024,2024年,11,11月,202411,2024年11月,7,07日
2024-11-08,2024年11月08日,2024,2024年,11,11月,202411,2024年11月,8,08日
2024-11-09,2024年11月09日,2024,2024年,11,11月,202411,2024年11月,9,09日
2024-11-10,2024年11月10日,2024,2024年,11,11月,202411,2024年11月,10,10日
2024-11-11,2024年11月11日,2024,2024年,11,11月,202411,2024年11月,11,11日
2024-11-12,2024年11月12日,2024,2024年,11,11月,202411,2024年11月,12,12日
2024-11-13,2024年11月13日,2024,2024年,11,11月,202411,2024年11月,13,13日
2024-11-14,2024年11月14日,2024,2024年,11,11月,202411,2024年11月,14,14日
2024-11-15,2024年11月15日,2024,2024年,11,11月,202411,2024年11月,15,15日
2024-11-16,2024年11月16日,2024,2024年,11,11月,202411,2024年11月,16,16日
2024-11-17,2024年11月17日,2024,2024年,11,11月,202411,2024年11月,17,17日
2024-11-18,2024年11月18日,2024,2024年,11,11月,202411,2024年11月,18,18日
2024-11-19,2024年11月19日,2024,2024年,11,11月,202411,2024年11月,19,19日
2024-11-20,2024年11月20日,2024,2024年,11,11月,202411,2024年11月,20,20日
2024-11-21,2024年11月21日,2024,2024年,11,11月,202411,2024年11月,21,21日
2024-11-22,2024年11月22日,2024,2024年,11,11月,202411,2024年11月,22,22日
2024-11-23,2024年11月23日,2024,2024年,11,11月,202411,2024年11月,23,23日
2024-11-24,2024年11月24日,2024,2024年,11,11月,202411,2024年11月,24,24日
2024-11-25,2024年11月25日,2024,2024年,11,11月,202411,2024年11月,25,25日
2024-11-26,2024年11月26日,2024,2024年,11,11月,202411,2024年11月,26,26日
2024-11-27,2024年11月27日,2024,2024年,11,11月,202411,2024年11月,27,27日
2024-11-28,2024年11月28日,2024,2024年,11,11月,202411,2024年11月,28,28日
2024-11-29,2024年11月29日,2024,2024年,11,11月,202411,2024年11月,29,29日
2024-11-30,2024年11月30日,2024,2024年,11,11月,202411,2024年11月,30,30日
2024-12-01,2024年12月01日,2024,2024年,12,12月,202412,2024年12月,1,01日
2024-12-02,2024年12月02日,2024,2024年,12,12月,202412,2024年12月,2,02日
2024-12-03,2024年12月03日,2024,2024年,12,12月,202412,2024年12月,3,03日
2024-12-04,2024年12月04日,2024,2024年,12,12月,202412,2024年12月,4,04日
2024-12-05,2024年12月05日,2024,2024年,12,12月,202412,2024年12月,5,05日
2024-12-06,2024年12月06日,2024,2024年,12,12月,202412,2024年12月,6,06日
2024-12-07,2024年12月07日,2024,2024年,12,12月,202412,2024年12月,7,07日
2024-12-08,2024年12月08日,2024,2024年,12,12月,202412,2024年12月,8,08日
2024-12-09,2024年12月09日,2024,2024年,12,12月,202412,2024年12月,9,09日
2024-12-10,2024年12月10日,2024,2024年,12,12月,202412,2024年12月,10,10日
2024-12-11,2024年12月11日,2024,2024年,12,12月,202412,2024年12月,11,11日
2024-12-12,2024年12月12日,2024,2024年,12,12月,202412,2024年12月,12,12日
2024-12-13,2024年12月13日,2024,2024年,12,12月,202412,2024年12月,13,13日
2024-12-14,2024年12月14日,2024,2024年,12,12月,202412,2024年12月,14,14日
2024-12-15,2024年12月15日,2024,2024年,12,12月,202412,2024年12月,15,15日
2024-12-16,2024年12月16日,2024,2024年,12,12月,202412,2024年12月,16,16日
2024-12-17,2024年12月17日,2024,2024年,12,12月,202412,2024年12月,17,17日
2024-12-18,2024年12月18日,2024,2024年,12,12月,202412,2024年12月,18,18日
2024-12-19,2024年12月19日,2024,2024年,12,12月,202412,2024年12月,19,19日
2024-12-20,2024年12月20日,2024,2024年,12,12月,202412,2024年12月,20,20日
2024-12-21,2024年12月21日,2024,2024年,12,12月,202412,2024年12月,21,21日
2024-12-22,2024年12月22日,2024,2024年,12,12月,202412,2024年12月,22,22日
2024-12-23,2024年12月23日,2024,2024年,12,12月,202412,2024年12月,23,23日
2024-12-24,2024年12月24日,2024,2024年,12,12月,202412,2024年12月,24,24日
2024-12-25,2024年12月25日,2024,2024年,12,12月,202412,2024年12月,25,25日
2024-12-26,2024年12月26日,2024,2024年,12,12月,202412,2024年12月,26,26日
2024-12-27,2024年12月27日,2024,2024年,12,12月,202412,2024年12月,27,27日
2024-12-28,2024年12月28日,2024,2024年,12,12月,202412,2024年12月,28,28日
2024-12-29,2024年12月29日,2024,2024年,12,12月,202412,2024年12月,29,29日
2024-12-30,2024年12月30日,2024,2024年,12,12月,202412,2024年12月,30,30日
2024-12-31,2024年12月31日,2024,2024年,12,12月,202412,2024年12月,31,31日
2025-01-01,2025年01月01日,2025,2025年,1,01月,202501,2025年01月,1,01日
2025-01-02,2025年01月02日,2025,2025年,1,01月,202501,2025年01月,2,02日
2025-01-03,2025年01月03日,2025,2025年,1,01月,202501,2025年01月,3,03日
2025-01-04,2025年01月04日,2025,2025年,1,01月,202501,2025年01月,4,04日
2025-01-05,2025年01月05日,2025,2025年,1,01月,202501,2025年01月,5,05日
2025-01-06,2025年01月06日,2025,2025年,1,01月,202501,2025年01月,6,06日
2025-01-07,2025年01月07日,2025,2025年,1,01月,202501,2025年01月,7,07日
2025-01-08,2025年01月08日,2025,2025年,1,01月,202501,2025年01月,8,08日
2025-01-09,2025年01月09日,2025,2025年,1,01月,202501,2025年01月,9,09日
2025-01-10,2025年01月10日,2025,2025年,1,01月,202501,2025年01月,10,10日
2025-01-11,2025年01月11日,2025,2025年,1,01月,202501,2025年01月,11,11日
2025-01-12,2025年01月12日,2025,2025年,1,01月,202501,2025年01月,12,12日
2025-01-13,2025年01月13日,2025,2025年,1,01月,202501,2025年01月,13,13日
2025-01-14,2025年01月14日,2025,2025年,1,01月,202501,2025年01月,14,14日
2025-01-15,2025年01月15日,2025,2025年,1,01月,202501,2025年01月,15,15日
2025-01-16,2025年01月16日,2025,2025年,1,01月,202501,2025年01月,16,16日
2025-01-17,2025年01月17日,2025,2025年,1,01月,202501,2025年01月,17,17日
2025-01-18,2025年01月18日,2025,2025年,1,01月,202501,2025年01月,18,18日
2025-01-19,2025年01月19日,2025,2025年,1,01月,202501,2025年01月,19,19日
2025-01-20,2025年01月20日,2025,2025年,1,01月,202501,2025年01月,20,20日
2025-01-21,2025年01月21日,2025,2025年,1,01月,202501,2025年01月,21,21日
2025-01-22,2025年01月22日,2025,2025年,1,01月,202501,2025年01月,22,22日
2025-01-23,2025年01月23日,2025,2025年,1,01月,202501,2025年01月,23,23日
2025-01-24,2025年01月24日,2025,2025年,1,01月,202501,2025年01月,24,24日
2025-01-25,2025年01月25日,2025,2025年,1,01月,202501,2025年01月,25,25日
2025-01-26,2025年01月26日,2025,2025年,1,01月,202501,2025年01月,26,26日
2025-01-27,2025年01月27日,2025,2025年,1,01月,202501,2025年01月,27,27日
2025-01-28,2025年01月28日,2025,2025年,1,01月,202501,2025年01月,28,28日
2025-01-29,2025年01月29日,2025,2025年,1,01月,202501,2025年01月,29,29日
2025-01-30,2025年01月30日,2025,2025年,1,01月,202501,2025年01月,30,30日
2025-01-31,2025年01月31日,2025,2025年,1,01月,202501,2025年01月,31,31日
2025-02-01,2025年02月01日,2025,2025年,2,02月,202502,2025年02月,1,01日
2025-02-02,2025年02月02日,2025,2025年,2,02月,202502,2025年02月,2,02日
2025-02-03,2025年02月03日,2025,2025年,2,02月,202502,2025年02月,3,03日
2025-02-04,2025年02月04日,2025,2025年,2,02月,202502,2025年02月,4,04日
2025-02-05,2025年02月05日,2025,2025年,2,02月,202502,2025年02月,5,05日
2025-02-06,2025年02月06日,2025,2025年,2,02月,202502,2025年02月,6,06日
2025-02-07,2025年02月07日,2025,2025年,2,02月,202502,2025年02月,7,07日
2025-02-08,2025年02月08日,2025,2025年,2,02月,202502,2025年02月,8,08日
2025-02-09,2025年02月09日,2025,2025年,2,02月,202502,2025年02月,9,09日
2025-02-10,2025年02月10日,2025,2025年,2,02月,202502,2025年02月,10,10日
2025-02-11,2025年02月11日,2025,2025年,2,02月,202502,2025年02月,11,11日
2025-02-12,2025年02月12日,2025,2025年,2,02月,202502,2025年02月,12,12日
2025-02-13,2025年02月13日,2025,2025年,2,02月,202502,2025年02月,13,13日
2025-02-14,2025年02月14日,2025,2025年,2,02月,202502,2025年02月,14,14日
2025-02-15,2025年02月15日,2025,2025年,2,02月,202502,2025年02月,15,15日
2025-02-16,2025年02月16日,2025,2025年,2,02月,202502,2025年02月,16,16日
2025-02-17,2025年02月17日,2025,2025年,2,02月,202502,2025年02月,17,17日
2025-02-18,2025年02月18日,2025,2025年,2,02月,202502,2025年02月,18,18日
2025-02-19,2025年02月19日,2025,2025年,2,02月,202502,2025年02月,19,19日
2025-02-20,2025年02月20日,2025,2025年,2,02月,202502,2025年02月,20,20日
2025-02-21,2025年02月21日,2025,2025年,2,02月,202502,2025年02月,21,21日
2025-02-22,2025年02月22日,2025,2025年,2,02月,202502,2025年02月,22,22日
2025-02-23,2025年02月23日,2025,2025年,2,02月,202502,2025年02月,23,23日
2025-02-24,2025年02月24日,2025,2025年,2,02月,202502,2025年02月,24,24日
2025-02-25,2025年02月25日,2025,2025年,2,02月,202502,2025年02月,25,25日
2025-02-26,2025年02月26日,2025,2025年,2,02月,202502,2025年02月,26,26日
2025-02-27,2025年02月27日,2025,2025年,2,02月,202502,2025年02月,27,27日
2025-02-28,2025年02月28日,2025,2025年,2,02月,202502,2025年02月,28,28日
2025-03-01,2025年03月01日,2025,2025年,3,03月,202503,2025年03月,1,01日
2025-03-02,2025年03月02日,2025,2025年,3,03月,202503,2025年03月,2,02日
2025-03-03,2025年03月03日,2025,2025年,3,03月,202503,2025年03月,3,03日
2025-03-04,2025年03月04日,2025,2025年,3,03月,202503,2025年03月,4,04日
2025-03-05,2025年03月05日,2025,2025年,3,03月,202503,2025年03月,5,05日
2025-03-06,2025年03月06日,2025,2025年,3,03月,202503,2025年03月,6,06日
2025-03-07,2025年03月07日,2025,2025年,3,03月,202503,2025年03月,7,07日
2025-03-08,2025年03月08日,2025,2025年,3,03月,202503,2025年03月,8,08日
2025-03-09,2025年03月09日,2025,2025年,3,03月,202503,2025年03月,9,09日
2025-03-10,2025年03月10日,2025,2025年,3,03月,202503,2025年03月,10,10日
2025-03-11,2025年03月11日,2025,2025年,3,03月,202503,2025年03月,11,11日
2025-03-12,2025年03月12日,2025,2025年,3,03月,202503,2025年03月,12,12日
2025-03-13,2025年03月13日,2025,2025年,3,03月,202503,2025年03月,13,13日
2025-03-14,2025年03月14日,2025,2025年,3,03月,202503,2025年03月,14,14日
2025-03-15,2025年03月15日,2025,2025年,3,03月,202503,2025年03月,15,15日
2025-03-16,2025年03月16日,2025,2025年,3,03月,202503,2025年03月,16,16日
2025-03-17,2025年03月17日,2025,2025年,3,03月,202503,2025年03月,17,17日
2025-03-18,2025年03月18日,2025,2025年,3,03月,202503,2025年03月,18,18日
2025-03-19,2025年03月19日,2025,2025年,3,03月,202503,2025年03月,19,19日
2025-03-20,2025年03月20日,2025,2025年,3,03月,202503,2025年03月,20,20日
2025-03-21,2025年03月21日,2025,2025年,3,03月,202503,2025年03月,21,21日
2025-03-22,2025年03月22日,2025,2025年,3,03月,202503,2025年03月,22,22日
2025-03-23,2025年03月23日,2025,2025年,3,03月,202503,2025年03月,23,23日
2025-03-24,2025年03月24日,2025,2025年,3,03月,202503,2025年03月,24,24日
2025-03-25,2025年03月25日,2025,2025年,3,03月,202503,2025年03月,25,25日
2025-03-26,2025年03月26日,2025,2025年,3,03月,202503,2025年03月,26,26日
2025-03-27,2025年03月27日,2025,2025年,3,03月,202503,2025年03月,27,27日
2025-03-28,2025年03月28日,2025,2025年,3,03月,202503,2025年03月,28,28日
2025-03-29,2025年03月29日,2025,2025年,3,03月,202503,2025年03月,29,29日
2025-03-30,2025年03月30日,2025,2025年,3,03月,202503,2025年03月,30,30日
2025-03-31,2025年03月31日,2025,2025年,3,03月,202503,2025年03月,31,31日
2025-04-01,2025年04月01日,2025,2025年,4,04月,202504,2025年04月,1,01日
2025-04-02,2025年04月02日,2025,2025年,4,04月,202504,2025年04月,2,02日
2025-04-03,2025年04月03日,2025,2025年,4,04月,202504,2025年04月,3,03日
2025-04-04,2025年04月04日,2025,2025年,4,04月,202504,2025年04月,4,04日
2025-04-05,2025年04月05日,2025,2025年,4,04月,202504,2025年04月,5,05日
2025-04-06,2025年04月06日,2025,2025年,4,04月,202504,2025年04月,6,06日
2025-04-07,2025年04月07日,2025,2025年,4,04月,202504,2025年04月,7,07日
2025-04-08,2025年04月08日,2025,2025年,4,04月,202504,2025年04月,8,08日
2025-04-09,2025年04月09日,2025,2025年,4,04月,202504,2025年04月,9,09日
2025-04-10,2025年04月10日,2025,2025年,4,04月,202504,2025年04月,10,10日
2025-04-11,2025年04月11日,2025,2025年,4,04月,202504,2025年04月,11,11日
2025-04-12,2025年04月12日,2025,2025年,4,04月,202504,2025年04月,12,12日
2025-04-13,2025年04月13日,2025,2025年,4,04月,202504,2025年04月,13,13日
2025-04-14,2025年04月14日,2025,2025年,4,04月,202504,2025年04月,14,14日
2025-04-15,2025年04月15日,2025,2025年,4,04月,202504,2025年04月,15,15日
2025-04-16,2025年04月16日,2025,2025年,4,04月,202504,2025年04月,16,16日
2025-04-17,2025年04月17日,2025,2025年,4,04月,202504,2025年04月,17,17日
2025-04-18,2025年04月18日,2025,2025年,4,04月,202504,2025年04月,18,18日
2025-04-19,2025年04月19日,2025,2025年,4,04月,202504,2025年04月,19,19日
2025-04-20,2025年04月20日,2025,2025年,4,04月,202504,2025年04月,20,20日
2025-04-21,2025年04月21日,2025,2025年,4,04月,202504,2025年04月,21,21日
2025-04-22,2025年04月22日,2025,2025年,4,04月,202504,2025年04月,22,22日
2025-04-23,2025年04月23日,2025,2025年,4,04月,202504,2025年04月,23,23日
2025-04-24,2025年04月24日,2025,2025年,4,04月,202504,2025年04月,24,24日
2025-04-25,2025年04月25日,2025,2025年,4,04月,202504,2025年04月,25,25日
2025-04-26,2025年04月26日,2025,2025年,4,04月,202504,2025年04月,26,26日
2025-04-27,2025年04月27日,2025,2025年,4,04月,202504,2025年04月,27,27日
2025-04-28,2025年04月28日,2025,2025年,4,04月,202504,2025年04月,28,28日
2025-04-29,2025年04月29日,2025,2025年,4,04月,202504,2025年04月,29,29日
2025-04-30,2025年04月30日,2025,2025年,4,04月,202504,2025年04月,30,30日
2025-05-01,2025年05月01日,2025,2025年,5,05月,202505,2025年05月,1,01日
2025-05-02,2025年05月02日,2025,2025年,5,05月,202505,2025年05月,2,02日
2025-05-03,2025年05月03日,2025,2025年,5,05月,202505,2025年05月,3,03日
2025-05-04,2025年05月04日,2025,2025年,5,05月,202505,2025年05月,4,04日
2025-05-05,2025年05月05日,2025,2025年,5,05月,202505,2025年05月,5,05日
2025-05-06,2025年05月06日,2025,2025年,5,05月,202505,2025年05月,6,06日
2025-05-07,2025年05月07日,2025,2025年,5,05月,202505,2025年05月,7,07日
2025-05-08,2025年05月08日,2025,2025年,5,05月,202505,2025年05月,8,08日
2025-05-09,2025年05月09日,2025,2025年,5,05月,202505,2025年05月,9,09日
2025-05-10,2025年05月10日,2025,2025年,5,05月,202505,2025年05月,10,10日
2025-05-11,2025年05月11日,2025,2025年,5,05月,202505,2025年05月,11,11日
2025-05-12,2025年05月12日,2025,2025年,5,05月,202505,2025年05月,12,12日
2025-05-13,2025年05月13日,2025,2025年,5,05月,202505,2025年05月,13,13日
2025-05-14,2025年05月14日,2025,2025年,5,05月,202505,2025年05月,14,14日
2025-05-15,2025年05月15日,2025,2025年,5,05月,202505,2025年05月,15,15日
2025-05-16,2025年05月16日,2025,2025年,5,05月,202505,2025年05月,16,16日
2025-05-17,2025年05月17日,2025,2025年,5,05月,202505,2025年05月,17,17日
2025-05-18,2025年05月18日,2025,2025年,5,05月,202505,2025年05月,18,18日
2025-05-19,2025年05月19日,2025,2025年,5,05月,202505,2025年05月,19,19日
2025-05-20,2025年05月20日,2025,2025年,5,05月,202505,2025年05月,20,20日
2025-05-21,2025年05月21日,2025,2025年,5,05月,202505,2025年05月,21,21日
2025-05-22,2025年05月22日,2025,2025年,5,05月,202505,2025年05月,22,22日
2025-05-23,2025年05月23日,2025,2025年,5,05月,202505,2025年05月,23,23日
2025-05-24,2025年05月24日,2025,2025年,5,05月,202505,2025年05月,24,24日
2025-05-25,2025年05月25日,2025,2025年,5,05月,202505,2025年05月,25,25日
2025-05-26,2025年05月26日,2025,2025年,5,05月,202505,2025年05月,26,26日
2025-05-27,2025年05月27日,2025,2025年,5,05月,202505,2025年05月,27,27日
2025-05-28,2025年05月28日,2025,2025年,5,05月,202505,2025年05月,28,28日
2025-05-29,2025年05月29日,2025,2025年,5,05月,202505,2025年05月,29,29日
2025-05-30,2025年05月30日,2025,2025年,5,05月,202505,2025年05月,30,30日
2025-05-31,2025年05月31日,2025,2025年,5,05月,202505,2025年05月,31,31日
2025-06-01,2025年06月01日,2025,2025年,6,06月,202506,2025年06月,1,01日
2025-06-02,2025年06月02日,2025,2025年,6,06月,202506,2025年06月,2,02日
2025-06-03,2025年06月03日,2025,2025年,6,06月,202506,2025年06月,3,03日
2025-06-04,2025年06月04日,2025,2025年,6,06月,202506,2025年06月,4,04日
2025-06-05,2025年06月05日,2025,2025年,6,06月,202506,2025年06月,5,05日
2025-06-06,2025年06月06日,2025,2025年,6,06月,202506,2025年06月,6,06日
2025-06-07,2025年06月07日,2025,2025年,6,06月,202506,2025年06月,7,07日
2025-06-08,2025年06月08日,2025,2025年,6,06月,202506,2025年06月,8,08日
2025-06-09,2025年06月09日,2025,2025年,6,06月,202506,2025年06月,9,09日
2025-06-10,2025年06月10日,2025,2025年,6,06月,202506,2025年06月,10,10日
2025-06-11,2025年06月11日,2025,2025年,6,06月,202506,2025年06月,11,11日
2025-06-12,2025年06月12日,2025,2025年,6,06月,202506,2025年06月,12,12日
2025-06-13,2025年06月13日,2025,2025年,6,06月,202506,2025年06月,13,13日
2025-06-14,2025年06月14日,2025,2025年,6,06月,202506,2025年06月,14,14日
2025-06-15,2025年06月15日,2025,2025年,6,06月,202506,2025年06月,15,15日
2025-06-16,2025年06月16日,2025,2025年,6,06月,202506,2025年06月,16,16日
2025-06-17,2025年06月17日,2025,2025年,6,06月,202506,2025年06月,17,17日
2025-06-18,2025年06月18日,2025,2025年,6,06月,202506,2025年06月,18,18日
2025-06-19,2025年06月19日,2025,2025年,6,06月,202506,2025年06月,19,19日
2025-06-20,2025年06月20日,2025,2025年,6,06月,202506,2025年06月,20,20日
2025-06-21,2025年06月21日,2025,2025年,6,06月,202506,2025年06月,21,21日
2025-06-22,2025年06月22日,2025,2025年,6,06月,202506,2025年06月,22,22日
2025-06-23,2025年06月23日,2025,2025年,6,06月,202506,2025年06月,23,23日
2025-06-24,2025年06月24日,2025,2025年,6,06月,202506,2025年06月,24,24日
2025-06-25,2025年06月25日,2025,2025年,6,06月,202506,2025年06月,25,25日
2025-06-26,2025年06月26日,2025,2025年,6,06月,202506,2025年06月,26,26日
2025-06-27,2025年06月27日,2025,2025年,6,06月,202506,2025年06月,27,27日
2025-06-28,2025年06月28日,2025,2025年,6,06月,202506,2025年06月,28,28日
2025-06-29,2025年06月29日,2025,2025年,6,06月,202506,2025年06月,29,29日
2025-06-30,2025年06月30日,2025,2025年,6,06月,202506,2025年06月,30,30日
2025-07-01,2025年07月01日,2025,2025年,7,07月,202507,2025年07月,1,01日
2025-07-02,2025年07月02日,2025,2025年,7,07月,202507,2025年07月,2,02日
2025-07-03,2025年07月03日,2025,2025年,7,07月,202507,2025年07月,3,03日
2025-07-04,2025年07月04日,2025,2025年,7,07月,202507,2025年07月,4,04日
2025-07-05,2025年07月05日,2025,2025年,7,07月,202507,2025年07月,5,05日
2025-07-06,2025年07月06日,2025,2025年,7,07月,202507,2025年07月,6,06日
2025-07-07,2025年07月07日,2025,2025年,7,07月,202507,2025年07月,7,07日
2025-07-08,2025年07月08日,2025,2025年,7,07月,202507,2025年07月,8,08日
2025-07-09,2025年07月09日,2025,2025年,7,07月,202507,2025年07月,9,09日
2025-07-10,2025年07月10日,2025,2025年,7,07月,202507,2025年07月,10,10日
2025-07-11,2025年07月11日,2025,2025年,7,07月,202507,2025年07月,11,11日
2025-07-12,2025年07月12日,2025,2025年,7,07月,202507,2025年07月,12,12日
2025-07-13,2025年07月13日,2025,2025年,7,07月,202507,2025年07月,13,13日
2025-07-14,2025年07月14日,2025,2025年,7,07月,202507,2025年07月,14,14日
2025-07-15,2025年07月15日,2025,2025年,7,07月,202507,2025年07月,15,15日
2025-07-16,2025年07月16日,2025,2025年,7,07月,202507,2025年07月,16,16日
2025-07-17,2025年07月17日,2025,2025年,7,07月,202507,2025年07月,17,17日
2025-07-18,2025年07月18日,2025,2025年,7,07月,202507,2025年07月,18,18日
2025-07-19,2025年07月19日,2025,2025年,7,07月,202507,2025年07月,19,19日
2025-07-20,2025年07月20日,2025,2025年,7,07月,202507,2025年07月,20,20日
2025-07-21,2025年07月21日,2025,2025年,7,07月,202507,2025年07月,21,21日
2025-07-22,2025年07月22日,2025,2025年,7,07月,202507,2025年07月,22,22日
2025-07-23,2025年07月23日,2025,2025年,7,07月,202507,2025年07月,23,23日
2025-07-24,2025年07月24日,2025,2025年,7,07月,202507,2025年07月,24,24日
2025-07-25,2025年07月25日,2025,2025年,7,07月,202507,2025年07月,25,25日
2025-07-26,2025年07月26日,2025,2025年,7,07月,202507,2025年07月,26,26日
2025-07-27,2025年07月27日,2025,2025年,7,07月,202507,2025年07月,27,27日
2025-07-28,2025年07月28日,2025,2025年,7,07月,202507,2025年07月,28,28日
2025-07-29,2025年07月29日,2025,2025年,7,07月,202507,2025年07月,29,29日
2025-07-30,2025年07月30日,2025,2025年,7,07月,202507,2025年07月,30,30日
2025-07-31,2025年07月31日,2025,2025年,7,07月,202507,2025年07月,31,31日
2025-08-01,2025年08月01日,2025,2025年,8,08月,202508,2025年08月,1,01日
2025-08-02,2025年08月02日,2025,2025年,8,08月,202508,2025年08月,2,02日
2025-08-03,2025年08月03日,2025,2025年,8,08月,202508,2025年08月,3,03日
2025-08-04,2025年08月04日,2025,2025年,8,08月,202508,2025年08月,4,04日
2025-08-05,2025年08月05日,2025,2025年,8,08月,202508,2025年08月,5,05日
2025-08-06,2025年08月06日,2025,2025年,8,08月,202508,2025年08月,6,06日
2025-08-07,2025年08月07日,2025,2025年,8,08月,202508,2025年08月,7,07日
2025-08-08,2025年08月08日,2025,2025年,8,08月,202508,2025年08月,8,08日
2025-08-09,2025年08月09日,2025,2025年,8,08月,202508,2025年08月,9,09日
2025-08-10,2025年08月10日,2025,2025年,8,08月,202508,2025年08月,10,10日
2025-08-11,2025年08月11日,2025,2025年,8,08月,202508,2025年08月,11,11日
2025-08-12,2025年08月12日,2025,2025年,8,08月,202508,2025年08月,12,12日
2025-08-13,2025年08月13日,2025,2025年,8,08月,202508,2025年08月,13,13日
2025-08-14,2025年08月14日,2025,2025年,8,08月,202508,2025年08月,14,14日
2025-08-15,2025年08月15日,2025,2025年,8,08月,202508,2025年08月,15,15日
2025-08-16,2025年08月16日,2025,2025年,8,08月,202508,2025年08月,16,16日
2025-08-17,2025年08月17日,2025,2025年,8,08月,202508,2025年08月,17,17日
2025-08-18,2025年08月18日,2025,2025年,8,08月,202508,2025年08月,18,18日
2025-08-19,2025年08月19日,2025,2025年,8,08月,202508,2025年08月,19,19日
2025-08-20,2025年08月20日,2025,2025年,8,08月,202508,2025年08月,20,20日
2025-08-21,2025年08月21日,2025,2025年,8,08月,202508,2025年08月,21,21日
2025-08-22,2025年08月22日,2025,2025年,8,08月,202508,2025年08月,22,22日
2025-08-23,2025年08月23日,2025,2025年,8,08月,202508,2025年08月,23,23日
2025-08-24,2025年08月24日,2025,2025年,8,08月,202508,2025年08月,24,24日
2025-08-25,2025年08月25日,2025,2025年,8,08月,202508,2025年08月,25,25日
2025-08-26,2025年08月26日,2025,2025年,8,08月,202508,2025年08月,26,26日
2025-08-27,2025年08月27日,2025,2025年,8,08月,202508,2025年08月,27,27日
2025-08-28,2025年08月28日,2025,2025年,8,08月,202508,2025年08月,28,28日
2025-08-29,2025年08月29日,2025,2025年,8,08月,202508,2025年08月,29,29日
2025-08-30,2025年08月30日,2025,2025年,8,08月,202508,2025年08月,30,30日
2025-08-31,2025年08月31日,2025,2025年,8,08月,202508,2025年08月,31,31日
2025-09-01,2025年09月01日,2025,2025年,9,09月,202509,2025年09月,1,01日
2025-09-02,2025年09月02日,2025,2025年,9,09月,202509,2025年09月,2,02日
2025-09-03,2025年09月03日,2025,2025年,9,09月,202509,2025年09月,3,03日
2025-09-04,2025年09月04日,2025,2025年,9,09月,202509,2025年09月,4,04日
2025-09-05,2025年09月05日,2025,2025年,9,09月,202509,2025年09月,5,05日
2025-09-06,2025年09月06日,2025,2025年,9,09月,202509,2025年09月,6,06日
2025-09-07,2025年09月07日,2025,2025年,9,09月,202509,2025年09月,7,07日
2025-09-08,2025年09月08日,2025,2025年,9,09月,202509,2025年09月,8,08日
2025-09-09,2025年09月09日,2025,2025年,9,09月,202509,2025年09月,9,09日
2025-09-10,2025年09月10日,2025,2025年,9,09月,202509,2025年09月,10,10日
2025-09-11,2025年09月11日,2025,2025年,9,09月,202509,2025年09月,11,11日
2025-09-12,2025年09月12日,2025,2025年,9,09月,202509,2025年09月,12,12日
2025-09-13,2025年09月13日,2025,2025年,9,09月,202509,2025年09月,13,13日
2025-09-14,2025年09月14日,2025,2025年,9,09月,202509,2025年09月,14,14日
2025-09-15,2025年09月15日,2025,2025年,9,09月,202509,2025年09月,15,15日
2025-09-16,2025年09月16日,2025,2025年,9,09月,202509,2025年09月,16,16日
2025-09-17,2025年09月17日,2025,2025年,9,09月,202509,2025年09月,17,17日
2025-09-18,2025年09月18日,2025,2025年,9,09月,202509,2025年09月,18,18日
2025-09-19,2025年09月19日,2025,2025年,9,09月,202509,2025年09月,19,19日
2025-09-20,2025年09月20日,2025,2025年,9,09月,202509,2025年09月,20,20日
2025-09-21,2025年09月21日,2025,2025年,9,09月,202509,2025年09月,21,21日
2025-09-22,2025年09月22日,2025,2025年,9,09月,202509,2025年09月,22,22日
2025-09-23,2025年09月23日,2025,2025年,9,09月,202509,2025年09月,23,23日
2025-09-24,2025年09月24日,2025,2025年,9,09月,202509,2025年09月,24,24日
2025-09-25,2025年09月25日,2025,2025年,9,09月,202509,2025年09月,25,25日
2025-09-26,2025年09月26日,2025,2025年,9,09月,202509,2025年09月,26,26日
2025-09-27,2025年09月27日,2025,2025年,9,09月,202509,2025年09月,27,27日
2025-09-28,2025年09月28日,2025,2025年,9,09月,202509,2025年09月,28,28日
2025-09-29,2025年09月29日,2025,2025年,9,09月,202509,2025年09月,29,29日
2025-09-30,2025年09月30日,2025,2025年,9,09月,202509,2025年09月,30,30日
2025-10-01,2025年10月01日,2025,2025年,10,10月,202510,2025年10月,1,01日
2025-10-02,2025年10月02日,2025,2025年,10,10月,202510,2025年10月,2,02日
2025-10-03,2025年10月03日,2025,2025年,10,10月,202510,2025年10月,3,03日
2025-10-04,2025年10月04日,2025,2025年,10,10月,202510,2025年10月,4,04日
2025-10-05,2025年10月05日,2025,2025年,10,10月,202510,2025年10月,5,05日
2025-10-06,2025年10月06日,2025,2025年,10,10月,202510,2025年10月,6,06日
2025-10-07,2025年10月07日,2025,2025年,10,10月,202510,2025年10月,7,07日
2025-10-08,2025年10月08日,2025,2025年,10,10月,202510,2025年10月,8,08日
2025-10-09,2025年10月09日,2025,2025年,10,10月,202510,2025年10月,9,09日
2025-10-10,2025年10月10日,2025,2025年,10,10月,202510,2025年10月,10,10日
2025-10-11,2025年10月11日,2025,2025年,10,10月,202510,2025年10月,11,11日
2025-10-12,2025年10月12日,2025,2025年,10,10月,202510,2025年10月,12,12日
2025-10-13,2025年10月13日,2025,2025年,10,10月,202510,2025年10月,13,13日
2025-10-14,2025年10月14日,2025,2025年,10,10月,202510,2025年10月,14,14日
2025-10-15,2025年10月15日,2025,2025年,10,10月,202510,2025年10月,15,15日
2025-10-16,2025年10月16日,2025,2025年,10,10月,202510,2025年10月,16,16日
2025-10-17,2025年10月17日,2025,2025年,10,10月,202510,2025年10月,17,17日
2025-10-18,2025年10月18日,2025,2025年,10,10月,202510,2025年10月,18,18日
2025-10-19,2025年10月19日,2025,2025年,10,10月,202510,2025年10月,19,19日
2025-10-20,2025年10月20日,2025,2025年,10,10月,202510,2025年10月,20,20日
2025-10-21,2025年10月21日,2025,2025年,10,10月,202510,2025年10月,21,21日
2025-10-22,2025年10月22日,2025,2025年,10,10月,202510,2025年10月,22,22日
2025-10-23,2025年10月23日,2025,2025年,10,10月,202510,2025年10月,23,23日
2025-10-24,2025年10月24日,2025,2025年,10,10月,202510,2025年10月,24,24日
2025-10-25,2025年10月25日,2025,2025年,10,10月,202510,2025年10月,25,25日
2025-10-26,2025年10月26日,2025,2025年,10,10月,202510,2025年10月,26,26日
2025-10-27,2025年10月27日,2025,2025年,10,10月,202510,2025年10月,27,27日
2025-10-28,2025年10月28日,2025,2025年,10,10月,202510,2025年10月,28,28日
2025-10-29,2025年10月29日,2025,2025年,10,10月,202510,2025年10月,29,29日
2025-10-30,2025年10月30日,2025,2025年,10,10月,202510,2025年10月,30,30日
2025-10-31,2025年10月31日,2025,2025年,10,10月,202510,2025年10月,31,31日
2025-11-01,2025年11月01日,2025,2025年,11,11月,202511,2025年11月,1,01日
2025-11-02,2025年11月02日,2025,2025年,11,11月,202511,2025年11月,2,02日
2025-11-03,2025年11月03日,2025,2025年,11,11月,202511,2025年11月,3,03日
2025-11-04,2025年11月04日,2025,2025年,11,11月,202511,2025年11月,4,04日
2025-11-05,2025年11月05日,2025,2025年,11,11月,202511,2025年11月,5,05日
2025-11-06,2025年11月06日,2025,2025年,11,11月,202511,2025年11月,6,06日
2025-11-07,2025年11月07日,2025,2025年,11,11月,202511,2025年11月,7,07日
2025-11-08,2025年11月08日,2025,2025年,11,11月,202511,2025年11月,8,08日
2025-11-09,2025年11月09日,2025,2025年,11,11月,202511,2025年11月,9,09日
2025-11-10,2025年11月10日,2025,2025年,11,11月,202511,2025年11月,10,10日
2025-11-11,2025年11月11日,2025,2025年,11,11月,202511,2025年11月,11,11日
2025-11-12,2025年11月12日,2025,2025年,11,11月,202511,2025年11月,12,12日
2025-11-13,2025年11月13日,2025,2025年,11,11月,202511,2025年11月,13,13日
2025-11-14,2025年11月14日,2025,2025年,11,11月,202511,2025年11月,14,14日
2025-11-15,2025年11月15日,2025,2025年,11,11月,202511,2025年11月,15,15日
2025-11-16,2025年11月16日,2025,2025年,11,11月,202511,2025年11月,16,16日
2025-11-17,2025年11月17日,2025,2025年,11,11月,202511,2025年11月,17,17日
2025-11-18,2025年11月18日,2025,2025年,11,11月,202511,2025年11月,18,18日
2025-11-19,2025年11月19日,2025,2025年,11,11月,202511,2025年11月,19,19日
2025-11-20,2025年11月20日,2025,2025年,11,11月,202511,2025年11月,20,20日
2025-11-21,2025年11月21日,2025,2025年,11,11月,202511,2025年11月,21,21日
2025-11-22,2025年11月22日,2025,2025年,11,11月,202511,2025年11月,22,22日
2025-11-23,2025年11月23日,2025,2025年,11,11月,202511,2025年11月,23,23日
2025-11-24,2025年11月24日,2025,2025年,11,11月,202511,2025年11月,24,24日
2025-11-25,2025年11月25日,2025,2025年,11,11月,202511,2025年11月,25,25日
2025-11-26,2025年11月26日,2025,2025年,11,11月,202511,2025年11月,26,26日
2025-11-27,2025年11月27日,2025,2025年,11,11月,202511,2025年11月,27,27日
2025-11-28,2025年11月28日,2025,2025年,11,11月,202511,2025年11月,28,28日
2025-11-29,2025年11月29日,2025,2025年,11,11月,202511,2025年11月,29,29日
2025-11-30,2025年11月30日,2025,2025年,11,11月,202511,2025年11月,30,30日
2025-12-01,2025年12月01日,2025,2025年,12,12月,202512,2025年12月,1,01日
2025-12-02,2025年12月02日,2025,2025年,12,12月,202512,2025年12月,2,02日
2025-12-03,2025年12月03日,2025,2025年,12,12月,202512,2025年12月,3,03日
2025-12-04,2025年12月04日,2025,2025年,12,12月,202512,2025年12月,4,04日
2025-12-05,2025年12月05日,2025,2025年,12,12月,202512,2025年12月,5,05日
2025-12-06,2025年12月06日,2025,2025年,12,12月,202512,2025年12月,6,06日
2025-12-07,2025年12月07日,2025,2025年,12,12月,202512,2025年12月,7,07日
2025-12-08,2025年12月08日,2025,2025年,12,12月,202512,2025年12月,8,08日
2025-12-09,2025年12月09日,2025,2025年,12,12月,202512,2025年12月,9,09日
2025-12-10,2025年12月10日,2025,2025年,12,12月,202512,2025年12月,10,10日
2025-12-11,2025年12月11日,2025,2025年,12,12月,202512,2025年12月,11,11日
2025-12-12,2025年12月12日,2025,2025年,12,12月,202512,2025年12月,12,12日
2025-12-13,2025年12月13日,2025,2025年,12,12月,202512,2025年12月,13,13日
2025-12-14,2025年12月14日,2025,2025年,12,12月,202512,2025年12月,14,14日
2025-12-15,2025年12月15日,2025,2025年,12,12月,202512,2025年12月,15,15日
2025-12-16,2025年12月16日,2025,2025年,12,12月,202512,2025年12月,16,16日
2025-12-17,2025年12月17日,2025,2025年,12,12月,202512,2025年12月,17,17日
2025-12-18,2025年12月18日,2025,2025年,12,12月,202512,2025年12月,18,18日
2025-12-19,2025年12月19日,2025,2025年,12,12月,202512,2025年12月,19,19日
2025-12-20,2025年12月20日,2025,2025年,12,12月,202512,2025年12月,20,20日
2025-12-21,2025年12月21日,2025,2025年,12,12月,202512,2025年12月,21,21日
2025-12-22,2025年12月22日,2025,2025年,12,12月,202512,2025年12月,22,22日
2025-12-23,2025年12月23日,2025,2025年,12,12月,202512,2025年12月,23,23日
2025-12-24,2025年12月24日,2025,2025年,12,12月,202512,2025年12月,24,24日
2025-12-25,2025年12月25日,2025,2025年,12,12月,202512,2025年12月,25,25日
2025-12-26,2025年12月26日,2025,2025年,12,12月,202512,2025年12月,26,26日
2025-12-27,2025年12月27日,2025,2025年,12,12月,202512,2025年12月,27,27日
2025-12-28,2025年12月28日,2025,2025年,12,12月,202512,2025年12月,28,28日
2025-12-29,2025年12月29日,2025,2025年,12,12月,202512,2025年12月,29,29日
2025-12-30,2025年12月30日,2025,2025年,12,12月,202512,2025年12月,30,30日
2025-12-31,2025年12月31日,2025,2025年,12,12月,202512,2025年12月,31,31日
2026-01-01,2026年01月01日,2026,2026年,1,01月,202601,2026年01月,1,01日
2026-01-02,2026年01月02日,2026,2026年,1,01月,202601,2026年01月,2,02日
2026-01-03,2026年01月03日,2026,2026年,1,01月,202601,2026年01月,3,03日
2026-01-04,2026年01月04日,2026,2026年,1,01月,202601,2026年01月,4,04日
2026-01-05,2026年01月05日,2026,2026年,1,01月,202601,2026年01月,5,05日
2026-01-06,2026年01月06日,2026,2026年,1,01月,202601,2026年01月,6,06日
2026-01-07,2026年01月07日,2026,2026年,1,01月,202601,2026年01月,7,07日
2026-01-08,2026年01月08日,2026,2026年,1,01月,202601,2026年01月,8,08日
2026-01-09,2026年01月09日,2026,2026年,1,01月,202601,2026年01月,9,09日
2026-01-10,2026年01月10日,2026,2026年,1,01月,202601,2026年01月,10,10日
2026-01-11,2026年01月11日,2026,2026年,1,01月,202601,2026年01月,11,11日
2026-01-12,2026年01月12日,2026,2026年,1,01月,202601,2026年01月,12,12日
2026-01-13,2026年01月13日,2026,2026年,1,01月,202601,2026年01月,13,13日
2026-01-14,2026年01月14日,2026,2026年,1,01月,202601,2026年01月,14,14日
2026-01-15,2026年01月15日,2026,2026年,1,01月,202601,2026年01月,15,15日
2026-01-16,2026年01月16日,2026,2026年,1,01月,202601,2026年01月,16,16日
2026-01-17,2026年01月17日,2026,2026年,1,01月,202601,2026年01月,17,17日
2026-01-18,2026年01月18日,2026,2026年,1,01月,202601,2026年01月,18,18日
2026-01-19,2026年01月19日,2026,2026年,1,01月,202601,2026年01月,19,19日
2026-01-20,2026年01月20日,2026,2026年,1,01月,202601,2026年01月,20,20日
2026-01-21,2026年01月21日,2026,2026年,1,01月,202601,2026年01月,21,21日
2026-01-22,2026年01月22日,2026,2026年,1,01月,202601,2026年01月,22,22日
2026-01-23,2026年01月23日,2026,2026年,1,01月,202601,2026年01月,23,23日
2026-01-24,2026年01月24日,2026,2026年,1,01月,202601,2026年01月,24,24日
2026-01-25,2026年01月25日,2026,2026年,1,01月,202601,2026年01月,25,25日
2026-01-26,2026年01月26日,2026,2026年,1,01月,202601,2026年01月,26,26日
2026-01-27,2026年01月27日,2026,2026年,1,01月,202601,2026年01月,27,27日
2026-01-28,2026年01月28日,2026,2026年,1,01月,202601,2026年01月,28,28日
2026-01-29,2026年01月29日,2026,2026年,1,01月,202601,2026年01月,29,29日
2026-01-30,2026年01月30日,2026,2026年,1,01月,202601,2026年01月,30,30日
2026-01-31,2026年01月31日,2026,2026年,1,01月,202601,2026年01月,31,31日
2026-02-01,2026年02月01日,2026,2026年,2,02月,202602,2026年02月,1,01日
2026-02-02,2026年02月02日,2026,2026年,2,02月,202602,2026年02月,2,02日
2026-02-03,2026年02月03日,2026,2026年,2,02月,202602,2026年02月,3,03日
2026-02-04,2026年02月04日,2026,2026年,2,02月,202602,2026年02月,4,04日
2026-02-05,2026年02月05日,2026,2026年,2,02月,202602,2026年02月,5,05日
2026-02-06,2026年02月06日,2026,2026年,2,02月,202602,2026年02月,6,06日
2026-02-07,2026年02月07日,2026,2026年,2,02月,202602,2026年02月,7,07日
2026-02-08,2026年02月08日,2026,2026年,2,02月,202602,2026年02月,8,08日
2026-02-09,2026年02月09日,2026,2026年,2,02月,202602,2026年02月,9,09日
2026-02-10,2026年02月10日,2026,2026年,2,02月,202602,2026年02月,10,10日
2026-02-11,2026年02月11日,2026,2026年,2,02月,202602,2026年02月,11,11日
2026-02-12,2026年02月12日,2026,2026年,2,02月,202602,2026年02月,12,12日
2026-02-13,2026年02月13日,2026,2026年,2,02月,202602,2026年02月,13,13日
2026-02-14,2026年02月14日,2026,2026年,2,02月,202602,2026年02月,14,14日
2026-02-15,2026年02月15日,2026,2026年,2,02月,202602,2026年02月,15,15日
2026-02-16,2026年02月16日,2026,2026年,2,02月,202602,2026年02月,16,16日
2026-02-17,2026年02月17日,2026,2026年,2,02月,202602,2026年02月,17,17日
2026-02-18,2026年02月18日,2026,2026年,2,02月,202602,2026年02月,18,18日
2026-02-19,2026年02月19日,2026,2026年,2,02月,202602,2026年02月,19,19日
2026-02-20,2026年02月20日,2026,2026年,2,02月,202602,2026年02月,20,20日
2026-02-21,2026年02月21日,2026,2026年,2,02月,202602,2026年02月,21,21日
2026-02-22,2026年02月22日,2026,2026年,2,02月,202602,2026年02月,22,22日
2026-02-23,2026年02月23日,2026,2026年,2,02月,202602,2026年02月,23,23日
2026-02-24,2026年02月24日,2026,2026年,2,02月,202602,2026年02月,24,24日
2026-02-25,2026年02月25日,2026,2026年,2,02月,202602,2026年02月,25,25日
2026-02-26,2026年02月26日,2026,2026年,2,02月,202602,2026年02月,26,26日
2026-02-27,2026年02月27日,2026,2026年,2,02月,202602,2026年02月,27,27日
2026-02-28,2026年02月28日,2026,2026年,2,02月,202602,2026年02月,28,28日
2026-03-01,2026年03月01日,2026,2026年,3,03月,202603,2026年03月,1,01日
2026-03-02,2026年03月02日,2026,2026年,3,03月,202603,2026年03月,2,02日
2026-03-03,2026年03月03日,2026,2026年,3,03月,202603,2026年03月,3,03日
2026-03-04,2026年03月04日,2026,2026年,3,03月,202603,2026年03月,4,04日
2026-03-05,2026年03月05日,2026,2026年,3,03月,202603,2026年03月,5,05日
2026-03-06,2026年03月06日,2026,2026年,3,03月,202603,2026年03月,6,06日
2026-03-07,2026年03月07日,2026,2026年,3,03月,202603,2026年03月,7,07日
2026-03-08,2026年03月08日,2026,2026年,3,03月,202603,2026年03月,8,08日
2026-03-09,2026年03月09日,2026,2026年,3,03月,202603,2026年03月,9,09日
2026-03-10,2026年03月10日,2026,2026年,3,03月,202603,2026年03月,10,10日
2026-03-11,2026年03月11日,2026,2026年,3,03月,202603,2026年03月,11,11日
2026-03-12,2026年03月12日,2026,2026年,3,03月,202603,2026年03月,12,12日
2026-03-13,2026年03月13日,2026,2026年,3,03月,202603,2026年03月,13,13日
2026-03-14,2026年03月14日,2026,2026年,3,03月,202603,2026年03月,14,14日
2026-03-15,2026年03月15日,2026,2026年,3,03月,202603,2026年03月,15,15日
2026-03-16,2026年03月16日,2026,2026年,3,03月,202603,2026年03月,16,16日
2026-03-17,2026年03月17日,2026,2026年,3,03月,202603,2026年03月,17,17日
2026-03-18,2026年03月18日,2026,2026年,3,03月,202603,2026年03月,18,18日
2026-03-19,2026年03月19日,2026,2026年,3,03月,202603,2026年03月,19,19日
2026-03-20,2026年03月20日,2026,2026年,3,03月,202603,2026年03月,20,20日
2026-03-21,2026年03月21日,2026,2026年,3,03月,202603,2026年03月,21,21日
2026-03-22,2026年03月22日,2026,2026年,3,03月,202603,2026年03月,22,22日
2026-03-23,2026年03月23日,2026,2026年,3,03月,202603,2026年03月,23,23日
2026-03-24,2026年03月24日,2026,2026年,3,03月,202603,2026年03月,24,24日
2026-03-25,2026年03月25日,2026,2026年,3,03月,202603,2026年03月,25,25日
2026-03-26,2026年03月26日,2026,2026年,3,03月,202603,2026年03月,26,26日
2026-03-27,2026年03月27日,2026,2026年,3,03月,202603,2026年03月,27,27日
2026-03-28,2026年03月28日,2026,2026年,3,03月,202603,2026年03月,28,28日
2026-03-29,2026年03月29日,2026,2026年,3,03月,202603,2026年03月,29,29日
2026-03-30,2026年03月30日,2026,2026年,3,03月,202603,2026年03月,30,30日
2026-03-31,2026年03月31日,2026,2026年,3,03月,202603,2026年03月,31,31日
2026-04-01,2026年04月01日,2026,2026年,4,04月,202604,2026年04月,1,01日
2026-04-02,2026年04月02日,2026,2026年,4,04月,202604,2026年04月,2,02日
2026-04-03,2026年04月03日,2026,2026年,4,04月,202604,2026年04月,3,03日
2026-04-04,2026年04月04日,2026,2026年,4,04月,202604,2026年04月,4,04日
2026-04-05,2026年04月05日,2026,2026年,4,04月,202604,2026年04月,5,05日
2026-04-06,2026年04月06日,2026,2026年,4,04月,202604,2026年04月,6,06日
2026-04-07,2026年04月07日,2026,2026年,4,04月,202604,2026年04月,7,07日
2026-04-08,2026年04月08日,2026,2026年,4,04月,202604,2026年04月,8,08日
2026-04-09,2026年04月09日,2026,2026年,4,04月,202604,2026年04月,9,09日
2026-04-10,2026年04月10日,2026,2026年,4,04月,202604,2026年04月,10,10日
2026-04-11,2026年04月11日,2026,2026年,4,04月,202604,2026年04月,11,11日
2026-04-12,2026年04月12日,2026,2026年,4,04月,202604,2026年04月,12,12日
2026-04-13,2026年04月13日,2026,2026年,4,04月,202604,2026年04月,13,13日
2026-04-14,2026年04月14日,2026,2026年,4,04月,202604,2026年04月,14,14日
2026-04-15,2026年04月15日,2026,2026年,4,04月,202604,2026年04月,15,15日
2026-04-16,2026年04月16日,2026,2026年,4,04月,202604,2026年04月,16,16日
2026-04-17,2026年04月17日,2026,2026年,4,04月,202604,2026年04月,17,17日
2026-04-18,2026年04月18日,2026,2026年,4,04月,202604,2026年04月,18,18日
2026-04-19,2026年04月19日,2026,2026年,4,04月,202604,2026年04月,19,19日
2026-04-20,2026年04月20日,2026,2026年,4,04月,202604,2026年04月,20,20日
2026-04-21,2026年04月21日,2026,2026年,4,04月,202604,2026年04月,21,21日
2026-04-22,2026年04月22日,2026,2026年,4,04月,202604,2026年04月,22,22日
2026-04-23,2026年04月23日,2026,2026年,4,04月,202604,2026年04月,23,23日
2026-04-24,2026年04月24日,2026,2026年,4,04月,202604,2026年04月,24,24日
2026-04-25,2026年04月25日,2026,2026年,4,04月,202604,2026年04月,25,25日
2026-04-26,2026年04月26日,2026,2026年,4,04月,202604,2026年04月,26,26日
2026-04-27,2026年04月27日,2026,2026年,4,04月,202604,2026年04月,27,27日
2026-04-28,2026年04月28日,2026,2026年,4,04月,202604,2026年04月,28,28日
2026-04-29,2026年04月29日,2026,2026年,4,04月,202604,2026年04月,29,29日
2026-04-30,2026年04月30日,2026,2026年,4,04月,202604,2026年04月,30,30日
2026-05-01,2026年05月01日,2026,2026年,5,05月,202605,2026年05月,1,01日
2026-05-02,2026年05月02日,2026,2026年,5,05月,202605,2026年05月,2,02日
2026-05-03,2026年05月03日,2026,2026年,5,05月,202605,2026年05月,3,03日
2026-05-04,2026年05月04日,2026,2026年,5,05月,202605,2026年05月,4,04日
2026-05-05,2026年05月05日,2026,2026年,5,05月,202605,2026年05月,5,05日
2026-05-06,2026年05月06日,2026,2026年,5,05月,202605,2026年05月,6,06日
2026-05-07,2026年05月07日,2026,2026年,5,05月,202605,2026年05月,7,07日
2026-05-08,2026年05月08日,2026,2026年,5,05月,202605,2026年05月,8,08日
2026-05-09,2026年05月09日,2026,2026年,5,05月,202605,2026年05月,9,09日
2026-05-10,2026年05月10日,2026,2026年,5,05月,202605,2026年05月,10,10日
2026-05-11,2026年05月11日,2026,2026年,5,05月,202605,2026年05月,11,11日
2026-05-12,2026年05月12日,2026,2026年,5,05月,202605,2026年05月,12,12日
2026-05-13,2026年05月13日,2026,2026年,5,05月,202605,2026年05月,13,13日
2026-05-14,2026年05月14日,2026,2026年,5,05月,202605,2026年05月,14,14日
2026-05-15,2026年05月15日,2026,2026年,5,05月,202605,2026年05月,15,15日
2026-05-16,2026年05月16日,2026,2026年,5,05月,202605,2026年05月,16,16日
2026-05-17,2026年05月17日,2026,2026年,5,05月,202605,2026年05月,17,17日
2026-05-18,2026年05月18日,2026,2026年,5,05月,202605,2026年05月,18,18日
2026-05-19,2026年05月19日,2026,2026年,5,05月,202605,2026年05月,19,19日
2026-05-20,2026年05月20日,2026,2026年,5,05月,202605,2026年05月,20,20日
2026-05-21,2026年05月21日,2026,2026年,5,05月,202605,2026年05月,21,21日
2026-05-22,2026年05月22日,2026,2026年,5,05月,202605,2026年05月,22,22日
2026-05-23,2026年05月23日,2026,2026年,5,05月,202605,2026年05月,23,23日
2026-05-24,2026年05月24日,2026,2026年,5,05月,202605,2026年05月,24,24日
2026-05-25,2026年05月25日,2026,2026年,5,05月,202605,2026年05月,25,25日
2026-05-26,2026年05月26日,2026,2026年,5,05月,202605,2026年05月,26,26日
2026-05-27,2026年05月27日,2026,2026年,5,05月,202605,2026年05月,27,27日
2026-05-28,2026年05月28日,2026,2026年,5,05月,202605,2026年05月,28,28日
2026-05-29,2026年05月29日,2026,2026年,5,05月,202605,2026年05月,29,29日
2026-05-30,2026年05月30日,2026,2026年,5,05月,202605,2026年05月,30,30日
2026-05-31,2026年05月31日,2026,2026年,5,05月,202605,2026年05月,31,31日
2026-06-01,2026年06月01日,2026,2026年,6,06月,202606,2026年06月,1,01日
2026-06-02,2026年06月02日,2026,2026年,6,06月,202606,2026年06月,2,02日
2026-06-03,2026年06月03日,2026,2026年,6,06月,202606,2026年06月,3,03日
2026-06-04,2026年06月04日,2026,2026年,6,06月,202606,2026年06月,4,04日
2026-06-05,2026年06月05日,2026,2026年,6,06月,202606,2026年06月,5,05日
2026-06-06,2026年06月06日,2026,2026年,6,06月,202606,2026年06月,6,06日
2026-06-07,2026年06月07日,2026,2026年,6,06月,202606,2026年06月,7,07日
2026-06-08,2026年06月08日,2026,2026年,6,06月,202606,2026年06月,8,08日
2026-06-09,2026年06月09日,2026,2026年,6,06月,202606,2026年06月,9,09日
2026-06-10,2026年06月10日,2026,2026年,6,06月,202606,2026年06月,10,10日
2026-06-11,2026年06月11日,2026,2026年,6,06月,202606,2026年06月,11,11日
2026-06-12,2026年06月12日,2026,2026年,6,06月,202606,2026年06月,12,12日
2026-06-13,2026年06月13日,2026,2026年,6,06月,202606,2026年06月,13,13日
2026-06-14,2026年06月14日,2026,2026年,6,06月,202606,2026年06月,14,14日
2026-06-15,2026年06月15日,2026,2026年,6,06月,202606,2026年06月,15,15日
2026-06-16,2026年06月16日,2026,2026年,6,06月,202606,2026年06月,16,16日
2026-06-17,2026年06月17日,2026,2026年,6,06月,202606,2026年06月,17,17日
2026-06-18,2026年06月18日,2026,2026年,6,06月,202606,2026年06月,18,18日
2026-06-19,2026年06月19日,2026,2026年,6,06月,202606,2026年06月,19,19日
2026-06-20,2026年06月20日,2026,2026年,6,06月,202606,2026年06月,20,20日
2026-06-21,2026年06月21日,2026,2026年,6,06月,202606,2026年06月,21,21日
2026-06-22,2026年06月22日,2026,2026年,6,06月,202606,2026年06月,22,22日
2026-06-23,2026年06月23日,2026,2026年,6,06月,202606,2026年06月,23,23日
2026-06-24,2026年06月24日,2026,2026年,6,06月,202606,2026年06月,24,24日
2026-06-25,2026年06月25日,2026,2026年,6,06月,202606,2026年06月,25,25日
2026-06-26,2026年06月26日,2026,2026年,6,06月,202606,2026年06月,26,26日
2026-06-27,2026年06月27日,2026,2026年,6,06月,202606,2026年06月,27,27日
2026-06-28,2026年06月28日,2026,2026年,6,06月,202606,2026年06月,28,28日
2026-06-29,2026年06月29日,2026,2026年,6,06月,202606,2026年06月,29,29日
2026-06-30,2026年06月30日,2026,2026年,6,06月,202606,2026年06月,30,30日
2026-07-01,2026年07月01日,2026,2026年,7,07月,202607,2026年07月,1,01日
2026-07-02,2026年07月02日,2026,2026年,7,07月,202607,2026年07月,2,02日
2026-07-03,2026年07月03日,2026,2026年,7,07月,202607,2026年07月,3,03日
2026-07-04,2026年07月04日,2026,2026年,7,07月,202607,2026年07月,4,04日
2026-07-05,2026年07月05日,2026,2026年,7,07月,202607,2026年07月,5,05日
2026-07-06,2026年07月06日,2026,2026年,7,07月,202607,2026年07月,6,06日
2026-07-07,2026年07月07日,2026,2026年,7,07月,202607,2026年07月,7,07日
2026-07-08,2026年07月08日,2026,2026年,7,07月,202607,2026年07月,8,08日
2026-07-09,2026年07月09日,2026,2026年,7,07月,202607,2026年07月,9,09日
2026-07-10,2026年07月10日,2026,2026年,7,07月,202607,2026年07月,10,10日
2026-07-11,2026年07月11日,2026,2026年,7,07月,202607,2026年07月,11,11日
2026-07-12,2026年07月12日,2026,2026年,7,07月,202607,2026年07月,12,12日
2026-07-13,2026年07月13日,2026,2026年,7,07月,202607,2026年07月,13,13日
2026-07-14,2026年07月14日,2026,2026年,7,07月,202607,2026年07月,14,14日
2026-07-15,2026年07月15日,2026,2026年,7,07月,202607,2026年07月,15,15日
2026-07-16,2026年07月16日,2026,2026年,7,07月,202607,2026年07月,16,16日
2026-07-17,2026年07月17日,2026,2026年,7,07月,202607,2026年07月,17,17日
2026-07-18,2026年07月18日,2026,2026年,7,07月,202607,2026年07月,18,18日
2026-07-19,2026年07月19日,2026,2026年,7,07月,202607,2026年07月,19,19日
2026-07-20,2026年07月20日,2026,2026年,7,07月,202607,2026年07月,20,20日
2026-07-21,2026年07月21日,2026,2026年,7,07月,202607,2026年07月,21,21日
2026-07-22,2026年07月22日,2026,2026年,7,07月,202607,2026年07月,22,22日
2026-07-23,2026年07月23日,2026,2026年,7,07月,202607,2026年07月,23,23日
2026-07-24,2026年07月24日,2026,2026年,7,07月,202607,2026年07月,24,24日
2026-07-25,2026年07月25日,2026,2026年,7,07月,202607,2026年07月,25,25日
2026-07-26,2026年07月26日,2026,2026年,7,07月,202607,2026年07月,26,26日
2026-07-27,2026年07月27日,2026,2026年,7,07月,202607,2026年07月,27,27日
2026-07-28,2026年07月28日,2026,2026年,7,07月,202607,2026年07月,28,28日
2026-07-29,2026年07月29日,2026,2026年,7,07月,202607,2026年07月,29,29日
2026-07-30,2026年07月30日,2026,2026年,7,07月,202607,2026年07月,30,30日
2026-07-31,2026年07月31日,2026,2026年,7,07月,202607,2026年07月,31,31日
2026-08-01,2026年08月01日,2026,2026年,8,08月,202608,2026年08月,1,01日
2026-08-02,2026年08月02日,2026,2026年,8,08月,202608,2026年08月,2,02日
2026-08-03,2026年08月03日,2026,2026年,8,08月,202608,2026年08月,3,03日
2026-08-04,2026年08月04日,2026,2026年,8,08月,202608,2026年08月,4,04日
2026-08-05,2026年08月05日,2026,2026年,8,08月,202608,2026年08月,5,05日
2026-08-06,2026年08月06日,2026,2026年,8,08月,202608,2026年08月,6,06日
2026-08-07,2026年08月07日,2026,2026年,8,08月,202608,2026年08月,7,07日
2026-08-08,2026年08月08日,2026,2026年,8,08月,202608,2026年08月,8,08日
2026-08-09,2026年08月09日,2026,2026年,8,08月,202608,2026年08月,9,09日
2026-08-10,2026年08月10日,2026,2026年,8,08月,202608,2026年08月,10,10日
2026-08-11,2026年08月11日,2026,2026年,8,08月,202608,2026年08月,11,11日
2026-08-12,2026年08月12日,2026,2026年,8,08月,202608,2026年08月,12,12日
2026-08-13,2026年08月13日,2026,2026年,8,08月,202608,2026年08月,13,13日
2026-08-14,2026年08月14日,2026,2026年,8,08月,202608,2026年08月,14,14日
2026-08-15,2026年08月15日,2026,2026年,8,08月,202608,2026年08月,15,15日
2026-08-16,2026年08月16日,2026,2026年,8,08月,202608,2026年08月,16,16日
2026-08-17,2026年08月17日,2026,2026年,8,08月,202608,2026年08月,17,17日
2026-08-18,2026年08月18日,2026,2026年,8,08月,202608,2026年08月,18,18日
2026-08-19,2026年08月19日,2026,2026年,8,08月,202608,2026年08月,19,19日
2026-08-20,2026年08月20日,2026,2026年,8,08月,202608,2026年08月,20,20日
2026-08-21,2026年08月21日,2026,2026年,8,08月,202608,2026年08月,21,21日
2026-08-22,2026年08月22日,2026,2026年,8,08月,202608,2026年08月,22,22日
2026-08-23,2026年08月23日,2026,2026年,8,08月,202608,2026年08月,23,23日
2026-08-24,2026年08月24日,2026,2026年,8,08月,202608,2026年08月,24,24日
2026-08-25,2026年08月25日,2026,2026年,8,08月,202608,2026年08月,25,25日
2026-08-26,2026年08月26日,2026,2026年,8,08月,202608,2026年08月,26,26日
2026-08-27,2026年08月27日,2026,2026年,8,08月,202608,2026年08月,27,27日
2026-08-28,2026年08月28日,2026,2026年,8,08月,202608,2026年08月,28,28日
2026-08-29,2026年08月29日,2026,2026年,8,08月,202608,2026年08月,29,29日
2026-08-30,2026年08月30日,2026,2026年,8,08月,202608,2026年08月,30,30日
2026-08-31,2026年08月31日,2026,2026年,8,08月,202608,2026年08月,31,31日
2026-09-01,2026年09月01日,2026,2026年,9,09月,202609,2026年09月,1,01日
2026-09-02,2026年09月02日,2026,2026年,9,09月,202609,2026年09月,2,02日
2026-09-03,2026年09月03日,2026,2026年,9,09月,202609,2026年09月,3,03日
2026-09-04,2026年09月04日,2026,2026年,9,09月,202609,2026年09月,4,04日
2026-09-05,2026年09月05日,2026,2026年,9,09月,202609,2026年09月,5,05日
2026-09-06,2026年09月06日,2026,2026年,9,09月,202609,2026年09月,6,06日
2026-09-07,2026年09月07日,2026,2026年,9,09月,202609,2026年09月,7,07日
2026-09-08,2026年09月08日,2026,2026年,9,09月,202609,2026年09月,8,08日
2026-09-09,2026年09月09日,2026,2026年,9,09月,202609,2026年09月,9,09日
2026-09-10,2026年09月10日,2026,2026年,9,09月,202609,2026年09月,10,10日
2026-09-11,2026年09月11日,2026,2026年,9,09月,202609,2026年09月,11,11日
2026-09-12,2026年09月12日,2026,2026年,9,09月,202609,2026年09月,12,12日
2026-09-13,2026年09月13日,2026,2026年,9,09月,202609,2026年09月,13,13日
2026-09-14,2026年09月14日,2026,2026年,9,09月,202609,2026年09月,14,14日
2026-09-15,2026年09月15日,2026,2026年,9,09月,202609,2026年09月,15,15日
2026-09-16,2026年09月16日,2026,2026年,9,09月,202609,2026年09月,16,16日
2026-09-17,2026年09月17日,2026,2026年,9,09月,202609,2026年09月,17,17日
2026-09-18,2026年09月18日,2026,2026年,9,09月,202609,2026年09月,18,18日
2026-09-19,2026年09月19日,2026,2026年,9,09月,202609,2026年09月,19,19日
2026-09-20,2026年09月20日,2026,2026年,9,09月,202609,2026年09月,20,20日
2026-09-21,2026年09月21日,2026,2026年,9,09月,202609,2026年09月,21,21日
2026-09-22,2026年09月22日,2026,2026年,9,09月,202609,2026年09月,22,22日
2026-09-23,2026年09月23日,2026,2026年,9,09月,202609,2026年09月,23,23日
2026-09-24,2026年09月24日,2026,2026年,9,09月,202609,2026年09月,24,24日
2026-09-25,2026年09月25日,2026,2026年,9,09月,202609,2026年09月,25,25日
2026-09-26,2026年09月26日,2026,2026年,9,09月,202609,2026年09月,26,26日
2026-09-27,2026年09月27日,2026,2026年,9,09月,202609,2026年09月,27,27日
2026-09-28,2026年09月28日,2026,2026年,9,09月,202609,2026年09月,28,28日
2026-09-29,2026年09月29日,2026,2026年,9,09月,202609,2026年09月,29,29日
2026-09-30,2026年09月30日,2026,2026年,9,09月,202609,2026年09月,30,30日
